"		지점번호",지점명,일시,일조합(hr),일조율(%),일사합(MJ/m2)
"		108",서울,2016-05-01,6.8,49.3,17.07
"		108",서울,2016-05-02,7.5,54.3,15.89
"		108",서울,2016-05-03,0,0,1.63
"		108",서울,2016-05-04,12.8,92.1,24.88
"		108",서울,2016-05-05,10.9,78.4,21.6
"		108",서울,2016-05-06,0,0,1.91
"		108",서울,2016-05-07,12.4,88.6,23.93
"		108",서울,2016-05-08,11.5,82.1,23.51
"		108",서울,2016-05-09,5.4,38.6,17.4
"		108",서울,2016-05-10,0.1,0.7,4.6
"		108",서울,2016-05-11,12.9,91.5,24.41
"		108",서울,2016-05-12,12.5,88.7,23.94
"		108",서울,2016-05-13,11.6,82.3,24.86
"		108",서울,2016-05-14,11.1,78.2,23.78
"		108",서울,2016-05-15,4.5,31.7,12.53
"		108",서울,2016-05-16,12.3,86.6,24.54
"		108",서울,2016-05-17,13.1,91.6,24.69
"		108",서울,2016-05-18,13.2,92.3,25.77
"		108",서울,2016-05-19,13.4,93.7,24.95
"		108",서울,2016-05-20,12.8,89.5,23.48
"		108",서울,2016-05-21,12.4,86.1,24.05
"		108",서울,2016-05-22,11.8,81.9,24.63
"		108",서울,2016-05-23,7.7,53.5,17.7
"		108",서울,2016-05-24,2.3,16,7.08
"		108",서울,2016-05-25,5.1,35.2,15.6
"		108",서울,2016-05-26,1.5,10.3,8.3
"		108",서울,2016-05-27,8.3,57.2,20.68
"		108",서울,2016-05-28,13.1,90.3,23.9
"		108",서울,2016-05-29,8.7,60,20.67
"		108",서울,2016-05-30,12.8,87.7,24.57
"		108",서울,2016-05-31,11.6,79.5,21.99
"		108",서울,2016-06-01,13.1,89.7,24.45
"		108",서울,2016-06-02,13.5,92.5,25.38
"		108",서울,2016-06-03,11.7,80.1,22.84
"		108",서울,2016-06-04,2.7,18.5,11.24
"		108",서울,2016-06-05,11.8,80.3,24.43
"		108",서울,2016-06-06,4.6,31.3,15.57
"		108",서울,2016-06-07,2.3,15.6,9.42
"		108",서울,2016-06-08,11.6,78.9,20.45
"		108",서울,2016-06-09,12.4,84.4,22.84
"		108",서울,2016-06-10,12.1,82.3,21.74
"		108",서울,2016-06-11,0.7,4.8,7.81
"		108",서울,2016-06-12,3.9,26.5,10.48
"		108",서울,2016-06-13,9.2,62.6,19.87
"		108",서울,2016-06-14,7.8,52.7,19.48
"		108",서울,2016-06-15,1.9,12.8,7.05
"		108",서울,2016-06-16,7,47.3,13.83
"		108",서울,2016-06-17,12,81.1,22.38
"		108",서울,2016-06-18,12.5,84.5,22.46
"		108",서울,2016-06-19,8.8,59.5,18.36
"		108",서울,2016-06-20,6.3,42.6,16.89
"		108",서울,2016-06-21,7.2,48.6,16.41
"		108",서울,2016-06-22,1,6.8,8.64
"		108",서울,2016-06-23,7.3,49.3,16.45
"		108",서울,2016-06-24,3.2,21.6,8.81
"		108",서울,2016-06-25,9.1,61.5,18.54
"		108",서울,2016-06-26,13.4,91.2,25.57
"		108",서울,2016-06-27,5,33.8,13.72
"		108",서울,2016-06-28,9.2,62.2,17.87
"		108",서울,2016-06-29,7.5,51,17.64
"		108",서울,2016-06-30,0.9,6.1,7.45
"		108",서울,2016-07-01,0,0,3.23
"		108",서울,2016-07-02,4.3,29.3,13.17
"		108",서울,2016-07-03,3.8,25.9,12.08
"		108",서울,2016-07-04,0.8,5.4,5.05
"		108",서울,2016-07-05,0,0,2.17
"		108",서울,2016-07-06,6.7,45.6,15.62
"		108",서울,2016-07-07,5.7,39,15.11
"		108",서울,2016-07-08,13.3,91.1,24.24
"		108",서울,2016-07-09,12.1,82.9,24.33
"		108",서울,2016-07-10,8.6,58.9,20.7
"		108",서울,2016-07-11,5.6,38.4,15.06
"		108",서울,2016-07-12,8.3,56.8,17.79
"		108",서울,2016-07-13,4.6,31.5,13.8
"		108",서울,2016-07-14,9.9,68.3,16.79
"		108",서울,2016-07-15,2.6,17.9,12.2
"		108",서울,2016-07-16,0,0,3.68
"		108",서울,2016-07-17,0,0,5
"		108",서울,2016-07-18,8.1,55.9,14.65
"		108",서울,2016-07-19,10.3,71.5,20.48
"		108",서울,2016-07-20,6.8,47.2,15.58
"		108",서울,2016-07-21,4.9,34,15.16
"		108",서울,2016-07-22,6.5,45.1,17.51
"		108",서울,2016-07-23,3,21,9.93
"		108",서울,2016-07-24,0.5,3.5,6.61
"		108",서울,2016-07-25,3.1,21.7,9.71
"		108",서울,2016-07-26,6.1,42.7,13.94
"		108",서울,2016-07-27,0.2,1.4,4.67
"		108",서울,2016-07-28,10,70.4,17.82
"		108",서울,2016-07-29,0.5,3.5,5.33
"		108",서울,2016-07-30,6.5,46.1,15.27
"		108",서울,2016-07-31,7.6,53.9,16.33
"		108",서울,2016-08-01,5.6,39.7,16.53
"		108",서울,2016-08-02,1.1,7.9,9.03
"		108",서울,2016-08-03,11.8,84.3,19.2
"		108",서울,2016-08-04,11.4,81.4,15.8
"		108",서울,2016-08-05,11.4,81.4,17.78
"		108",서울,2016-08-06,8.8,63.3,13.56
"		108",서울,2016-08-07,11.9,85.6,20.68
"		108",서울,2016-08-08,10.6,76.3,18.34
"		108",서울,2016-08-09,6,43.5,12.45
"		108",서울,2016-08-10,9.3,67.4,16.98
"		108",서울,2016-08-11,12.8,92.8,22.2
"		108",서울,2016-08-12,11.8,86.1,19.62
"		108",서울,2016-08-13,10.4,75.9,20.66
"		108",서울,2016-08-14,4.8,35,11.38
"		108",서울,2016-08-15,8.6,63.2,17.09
"		108",서울,2016-08-16,7.8,57.4,12.39
"		108",서울,2016-08-17,11.5,85.2,17.75
"		108",서울,2016-08-18,3,22.2,11.68
"		108",서울,2016-08-19,1,7.4,9.18
"		108",서울,2016-08-20,4.6,34.3,13.72
"		108",서울,2016-08-21,8.3,61.9,17.95
"		108",서울,2016-08-22,11.7,87.3,18.91
"		108",서울,2016-08-23,4.8,36.1,10.1
"		108",서울,2016-08-24,6.9,51.9,13.97
"		108",서울,2016-08-25,3.2,24.1,11.54
"		108",서울,2016-08-26,7.6,57.6,17.17
"		108",서울,2016-08-27,12.4,93.9,20.97
"		108",서울,2016-08-28,3.6,27.5,10.21
"		108",서울,2016-08-29,7.1,54.2,16.17
"		108",서울,2016-08-30,6.3,48.1,12.02
"		108",서울,2016-08-31,0,0,3.02
"		108",서울,2016-09-01,8.8,67.7,13.76
"		108",서울,2016-09-02,9.1,70,16.79
"		108",서울,2016-09-03,3.1,24,8.93
"		108",서울,2016-09-04,2.7,20.9,10.25
"		108",서울,2016-09-05,8.4,65.6,14.15
"		108",서울,2016-09-06,8.3,64.8,13.98
"		108",서울,2016-09-07,2.5,19.5,9.88
"		108",서울,2016-09-08,3.8,29.9,8.27
"		108",서울,2016-09-09,9.3,73.2,15.29
"		108",서울,2016-09-10,7.1,56.3,12.96
"		108",서울,2016-09-11,3.8,30.2,9.83
"		108",서울,2016-09-12,6.2,49.2,9.18
"		108",서울,2016-09-13,8,64,15.74
"		108",서울,2016-09-14,7.2,57.6,11.88
"		108",서울,2016-09-15,5.8,46.8,13.62
"		108",서울,2016-09-16,3.8,30.6,11.91
"		108",서울,2016-09-17,7.1,57.3,13.53
"		108",서울,2016-09-18,9.3,75.6,15.29
"		108",서울,2016-09-19,10.1,82.1,16.12
"		108",서울,2016-09-20,11.6,95.1,19.23
"		108",서울,2016-09-21,10.8,88.5,15.52
"		108",서울,2016-09-22,9,73.8,15.24
"		108",서울,2016-09-23,9.1,75.2,14.3
"		108",서울,2016-09-24,9.3,76.9,14.56
"		108",서울,2016-09-25,5.2,43,12.66
"		108",서울,2016-09-26,6.5,54.2,11.48
"		108",서울,2016-09-27,0,0,2.77
"		108",서울,2016-09-28,0,0,3.59
"		108",서울,2016-09-29,5.3,44.5,12.55
"		108",서울,2016-09-30,0.4,3.4,7.66
"		108",서울,2016-10-01,4.3,36.4,10.06
"		108",서울,2016-10-02,0,0,2.6
"		108",서울,2016-10-03,8.5,72.6,14.52
"		108",서울,2016-10-04,10.9,93.2,16.86
"		108",서울,2016-10-05,6.1,52.6,11.59
"		108",서울,2016-10-06,10.7,92.2,15.52
"		108",서울,2016-10-07,4.7,40.5,9.25
"		108",서울,2016-10-08,7.2,62.6,12.09
"		108",서울,2016-10-09,10.7,93,16.46
"		108",서울,2016-10-10,10.3,90.4,15.29
"		108",서울,2016-10-11,8,70.2,11.48
"		108",서울,2016-10-12,10.5,92.1,13.98
"		108",서울,2016-10-13,9.3,82.3,13.22
"		108",서울,2016-10-14,8.5,75.2,11.82
"		108",서울,2016-10-15,8.3,73.5,12.6
"		108",서울,2016-10-16,0,0,3.06
"		108",서울,2016-10-17,7.2,64.3,9.51
"		108",서울,2016-10-18,8,72.1,12.24
"		108",서울,2016-10-19,8.7,78.4,11.84
"		108",서울,2016-10-20,9.3,83.8,12.55
"		108",서울,2016-10-21,3.2,29.1,8.17
"		108",서울,2016-10-22,5.4,49.1,8.59
"		108",서울,2016-10-23,0.1,0.9,2.33
"		108",서울,2016-10-24,9.4,86.2,13.55
"		108",서울,2016-10-25,3.2,29.4,4.25
"		108",서울,2016-10-26,2.2,20.4,5.48
"		108",서울,2016-10-27,5.9,54.6,9.88
"		108",서울,2016-10-28,4.3,39.8,7.11
"		108",서울,2016-10-29,1.1,10.3,6.54
"		108",서울,2016-10-30,9.7,90.7,13.56
"		108",서울,2016-10-31,0,0,2.14
"		108",서울,2017-05-01,11.9,86.2,24.3
"		108",서울,2017-05-02,8.7,63,20.21
"		108",서울,2017-05-03,12.6,91.3,24.05
"		108",서울,2017-05-04,8,57.6,17.89
"		108",서울,2017-05-05,11.6,83.5,23.38
"		108",서울,2017-05-06,12.4,89.2,25.23
"		108",서울,2017-05-07,12.6,90.6,25.9
"		108",서울,2017-05-08,6.1,43.6,16.92
"		108",서울,2017-05-09,1.3,9.3,8.34
"		108",서울,2017-05-10,7,50,15.29
"		108",서울,2017-05-11,5.3,37.6,16.69
"		108",서울,2017-05-12,0,0,5.57
"		108",서울,2017-05-13,2.2,15.6,8.35
"		108",서울,2017-05-14,13.1,92.3,27.71
"		108",서울,2017-05-15,8.1,57,17.5
"		108",서울,2017-05-16,9.6,67.6,16.79
"		108",서울,2017-05-17,13.2,92.3,26.53
"		108",서울,2017-05-18,12.9,90.2,24.44
"		108",서울,2017-05-19,13.3,93,26.72
"		108",서울,2017-05-20,13,90.9,24.18
"		108",서울,2017-05-21,11.9,83.2,26.62
"		108",서울,2017-05-22,11.8,81.9,22.27
"		108",서울,2017-05-23,2.4,16.7,11.66
"		108",서울,2017-05-24,12.7,88.2,24.99
"		108",서울,2017-05-25,12.8,88.3,24.3
"		108",서울,2017-05-26,11.3,77.9,25.32
"		108",서울,2017-05-27,13.5,93.1,26.95
"		108",서울,2017-05-28,11.2,77.2,23.57
"		108",서울,2017-05-29,9.7,66.9,22.29
"		108",서울,2017-05-30,11.1,76,21.3
"		108",서울,2017-05-31,10.2,69.9,20.09
"		108",서울,2017-06-01,10.6,72.6,21.83
"		108",서울,2017-06-02,12.2,83.6,25.66
"		108",서울,2017-06-03,13.5,92.5,27.88
"		108",서울,2017-06-04,13.6,93.2,27.49
"		108",서울,2017-06-05,12.9,87.8,26.62
"		108",서울,2017-06-06,0,0,7.4
"		108",서울,2017-06-07,0.2,1.4,3.47
"		108",서울,2017-06-08,11.8,80.3,25.61
"		108",서울,2017-06-09,7.4,50.3,16.67
"		108",서울,2017-06-10,9.8,66.7,24.26
"		108",서울,2017-06-11,13.7,93.2,28.53
"		108",서울,2017-06-12,12.2,83,24.22
"		108",서울,2017-06-13,10.3,70.1,21.29
"		108",서울,2017-06-14,11.9,80.4,25.27
"		108",서울,2017-06-15,11.4,77,24.81
"		108",서울,2017-06-16,11.9,80.4,24.11
"		108",서울,2017-06-17,12.7,85.8,24.5
"		108",서울,2017-06-18,13.2,89.2,26
"		108",서울,2017-06-19,11,74.3,21
"		108",서울,2017-06-20,7.9,53.4,18.81
"		108",서울,2017-06-21,11.1,75,23.53
"		108",서울,2017-06-22,10.8,73,23.53
"		108",서울,2017-06-23,12.9,87.2,22.75
"		108",서울,2017-06-24,0.8,5.4,7.22
"		108",서울,2017-06-25,4.6,31.1,12.96
"		108",서울,2017-06-26,4.9,33.1,14.3
"		108",서울,2017-06-27,7.8,52.7,18.34
"		108",서울,2017-06-28,6.9,46.6,16.7
"		108",서울,2017-06-29,9.5,64.6,21.06
"		108",서울,2017-06-30,7.7,52.4,19.45
"		108",서울,2017-07-01,3.4,23.1,13.89
"		108",서울,2017-07-02,0,0,5.5
"		108",서울,2017-07-03,2,13.6,9.19
"		108",서울,2017-07-04,9.4,63.9,19.73
"		108",서울,2017-07-05,7.8,53.1,18.39
"		108",서울,2017-07-06,8.3,56.5,19.12
"		108",서울,2017-07-07,1,6.8,6.32
"		108",서울,2017-07-08,0.1,0.7,4.66
"		108",서울,2017-07-09,1.6,11,9.27
"		108",서울,2017-07-10,0,0,2.01
"		108",서울,2017-07-11,5.6,38.4,13.94
"		108",서울,2017-07-12,7.7,52.7,17.01
"		108",서울,2017-07-13,9.2,63,19.23
"		108",서울,2017-07-14,6.6,45.5,16.04
"		108",서울,2017-07-15,0.5,3.4,5.65
"		108",서울,2017-07-16,0.9,6.2,10.5
"		108",서울,2017-07-17,0.3,2.1,11.18
"		108",서울,2017-07-18,4.3,29.7,11.5
"		108",서울,2017-07-19,7,48.6,20.43
"		108",서울,2017-07-20,10.3,71.5,20.59
"		108",서울,2017-07-21,2.1,14.6,10.81
"		108",서울,2017-07-22,2.3,16,10.01
"		108",서울,2017-07-23,0,0,2.72
"		108",서울,2017-07-24,0,0,5.17
"		108",서울,2017-07-25,10.7,74.8,21.74
"		108",서울,2017-07-26,11.4,79.7,22.61
"		108",서울,2017-07-27,1.2,8.5,10
"		108",서울,2017-07-28,0,0,3.38
"		108",서울,2017-07-29,2.5,17.6,11.78
"		108",서울,2017-07-30,6.9,48.6,18.56
"		108",서울,2017-07-31,0,0,4.34
"		108",서울,2017-08-01,8.8,62.4,18.08
"		108",서울,2017-08-02,3.9,27.7,11.98
"		108",서울,2017-08-03,10.4,74.3,21.79
"		108",서울,2017-08-04,11.8,84.3,22.18
"		108",서울,2017-08-05,9.4,67.1,16.84
"		108",서울,2017-08-06,3.7,26.6,11.98
"		108",서울,2017-08-07,10.7,77,22.74
"		108",서울,2017-08-08,5.6,40.3,13.47
"		108",서울,2017-08-09,4,29,14.17
"		108",서울,2017-08-10,0,0,6.21
"		108",서울,2017-08-11,7.3,52.9,15.55
"		108",서울,2017-08-12,9.6,70.1,18.42
"		108",서울,2017-08-13,1.4,10.2,11.22
"		108",서울,2017-08-14,0,0,7.26
"		108",서울,2017-08-15,0,0,3
"		108",서울,2017-08-16,1.6,11.8,10.41
"		108",서울,2017-08-17,1.8,13.2,9.67
"		108",서울,2017-08-18,5,37,12.1
"		108",서울,2017-08-19,1.2,8.9,9.79
"		108",서울,2017-08-20,0,0,3.48
"		108",서울,2017-08-21,5.2,38.8,10.72
"		108",서울,2017-08-22,9.5,70.9,16.45
"		108",서울,2017-08-23,2.4,18,8.22
"		108",서울,2017-08-24,0.8,6,3.62
"		108",서울,2017-08-25,8.5,63.9,20.24
"		108",서울,2017-08-26,12.5,94.7,24.43
"		108",서울,2017-08-27,3.3,25,10.32
"		108",서울,2017-08-28,1.3,9.9,6.82
"		108",서울,2017-08-29,11.3,86.3,21.08
"		108",서울,2017-08-30,3.4,26,9.64
"		108",서울,2017-08-31,11.8,90.8,19.21
"		108",서울,2017-09-01,12.4,95.4,22.7
"		108",서울,2017-09-02,10.7,82.3,19.67
"		108",서울,2017-09-03,8.5,65.9,15.85
"		108",서울,2017-09-04,8.8,68.2,17.94
"		108",서울,2017-09-05,0,0,5.38
"		108",서울,2017-09-06,0,0,6.06
"		108",서울,2017-09-07,7.6,59.4,14.01
"		108",서울,2017-09-08,9.7,76.4,19.77
"		108",서울,2017-09-09,11.1,87.4,16.69
"		108",서울,2017-09-10,0,0,7.34
"		108",서울,2017-09-11,1.9,15.1,8.17
"		108",서울,2017-09-12,11.6,92.1,19.09
"		108",서울,2017-09-13,11.9,95.2,21.6
"		108",서울,2017-09-14,11.5,92,20.59
"		108",서울,2017-09-15,11.3,91.1,19.03
"		108",서울,2017-09-16,11,88.7,20.23
"		108",서울,2017-09-17,10,80.6,19.04
"		108",서울,2017-09-18,11.4,92.7,18.98
"		108",서울,2017-09-19,2.1,17.1,7.26
"		108",서울,2017-09-20,11.6,94.3,20.74
"		108",서울,2017-09-21,11.5,94.3,19.35
"		108",서울,2017-09-22,11,90.2,16.7
"		108",서울,2017-09-23,7.3,60.3,13.3
"		108",서울,2017-09-24,5.4,44.6,11.77
"		108",서울,2017-09-25,10.4,86,16.62
"		108",서울,2017-09-26,8.7,72.5,15.66
"		108",서울,2017-09-27,0,0,0.02
"		108",서울,2017-09-28,,0,11.81
"		108",서울,2017-09-29,10.5,88.2,13.75
"		108",서울,2017-09-30,5.8,49.2,6.11
"		108",서울,2017-10-01,0.6,5.1,3.06
"		108",서울,2017-10-02,10.2,86.4,11.2
"		108",서울,2017-10-03,6.7,57.3,7.19
"		108",서울,2017-10-04,8.5,72.6,9.93
"		108",서울,2017-10-05,6.4,54.7,7.21
"		108",서울,2017-10-06,4.6,39.7,5.32
"		108",서울,2017-10-07,6.2,53.4,9.17
"		108",서울,2017-10-08,10,87,9.32
"		108",서울,2017-10-09,6.5,56.5,7.24
"		108",서울,2017-10-10,1,8.7,3.75
"		108",서울,2017-10-11,1.9,16.7,3.87
"		108",서울,2017-10-12,,0,2.23
"		108",서울,2017-10-13,9.6,85,9.41
"		108",서울,2017-10-14,10.6,93.8,10.58
"		108",서울,2017-10-15,9.3,82.3,9.97
"		108",서울,2017-10-16,5.3,47.3,7.3
"		108",서울,2017-10-17,10.3,92,10.3
"		108",서울,2017-10-18,0.3,2.7,3.13
"		108",서울,2017-10-19,9.2,82.9,9.08
"		108",서울,2017-10-20,10.1,91,9.75
"		108",서울,2017-10-21,10.1,91.8,9.75
"		108",서울,2017-10-22,9.6,87.3,8.97
"		108",서울,2017-10-23,10.1,91.8,9.37
"		108",서울,2017-10-24,8.2,75.2,7.95
"		108",서울,2017-10-25,9.5,87.2,9.17
"		108",서울,2017-10-26,1.8,16.7,4.42
"		108",서울,2017-10-27,9.7,89.8,8.47
"		108",서울,2017-10-28,9.8,90.7,8.75
"		108",서울,2017-10-29,7.3,68.2,7.94
"		108",서울,2017-10-30,9.8,91.6,9.16
"		108",서울,2017-10-31,9.5,88.8,8.01
"		108",서울,2018-05-01,3.2,23.4,12.42
"		108",서울,2018-05-02,0,0,2.47
"		108",서울,2018-05-03,8.2,59.4,12.18
"		108",서울,2018-05-04,12.4,89.9,27.26
"		108",서울,2018-05-05,11,79.1,22.26
"		108",서울,2018-05-06,3.2,23,9.31
"		108",서울,2018-05-07,7.1,51.1,17.7
"		108",서울,2018-05-08,11.3,80.7,23.25
"		108",서울,2018-05-09,12.6,90,26.77
"		108",서울,2018-05-10,12.3,87.9,26.53
"		108",서울,2018-05-11,5.3,37.6,18.7
"		108",서울,2018-05-12,0,0,1.32
"		108",서울,2018-05-13,6.9,48.9,16.37
"		108",서울,2018-05-14,7.2,50.7,19.19
"		108",서울,2018-05-15,8.9,62.7,21.18
"		108",서울,2018-05-16,0,0,1.6
"		108",서울,2018-05-17,0,0,3.96
"		108",서울,2018-05-18,0.4,2.8,5.64
"		108",서울,2018-05-19,12.7,88.8,29.13
"		108",서울,2018-05-20,4.2,29.4,14.42
"		108",서울,2018-05-21,8.8,61.5,24.59
"		108",서울,2018-05-22,2.7,18.8,10.87
"		108",서울,2018-05-23,12.7,88.2,29.2
"		108",서울,2018-05-24,12.5,86.8,27.02
"		108",서울,2018-05-25,12.1,84,25.48
"		108",서울,2018-05-26,12.6,86.9,26.86
"		108",서울,2018-05-27,4.7,32.4,17.12
"		108",서울,2018-05-28,12.5,86.2,26.49
"		108",서울,2018-05-29,3.4,23.4,13.34
"		108",서울,2018-05-30,9.8,67.6,21.67
"		108",서울,2018-05-31,12.9,88.4,26.94
"		108",서울,2018-06-01,12.9,88.4,27.94
"		108",서울,2018-06-02,12.8,87.7,28.49
"		108",서울,2018-06-03,12.9,88.4,27.18
"		108",서울,2018-06-04,9.2,63,21.13
"		108",서울,2018-06-05,11.4,77.6,24.35
"		108",서울,2018-06-06,12.7,86.4,26.6
"		108",서울,2018-06-07,9.4,63.9,24.04
"		108",서울,2018-06-08,7.1,48.3,18.52
"		108",서울,2018-06-09,7.9,53.7,20.24
"		108",서울,2018-06-10,1.4,9.5,12.82
"		108",서울,2018-06-11,3.3,22.4,11.27
"		108",서울,2018-06-12,12.1,82.3,23.45
"		108",서울,2018-06-13,4.9,33.3,15.75
"		108",서울,2018-06-14,1.4,9.5,10.34
"		108",서울,2018-06-15,9.8,66.2,23.64
"		108",서울,2018-06-16,13,87.8,28.06
"		108",서울,2018-06-17,2.4,16.2,14.78
"		108",서울,2018-06-18,12.6,85.1,26.17
"		108",서울,2018-06-19,3.1,20.9,17.65
"		108",서울,2018-06-20,10.2,68.9,24.52
"		108",서울,2018-06-21,12.6,85.1,28.21
"		108",서울,2018-06-22,12.4,83.8,27.4
"		108",서울,2018-06-23,8.5,57.4,22.19
"		108",서울,2018-06-24,11.1,75,25.7
"		108",서울,2018-06-25,7.8,52.7,20.44
"		108",서울,2018-06-26,0,0,1.29
"		108",서울,2018-06-27,2.9,19.6,13.56
"		108",서울,2018-06-28,1.9,12.8,9.31
"		108",서울,2018-06-29,8.4,56.8,18.79
"		108",서울,2018-06-30,0.5,3.4,8.76
"		108",서울,2018-07-01,0,0,2.09
"		108",서울,2018-07-02,0.1,0.7,4.73
"		108",서울,2018-07-03,10.1,68.7,22.88
"		108",서울,2018-07-04,8.4,57.1,22.43
"		108",서울,2018-07-05,1.7,11.6,10.88
"		108",서울,2018-07-06,2.6,17.7,15.83
"		108",서울,2018-07-07,,0,27.32
"		108",서울,2018-07-08,9.5,65.1,23.98
"		108",서울,2018-07-09,0,0,4
"		108",서울,2018-07-10,0,0,5.92
"		108",서울,2018-07-11,0.1,0.7,8.74
"		108",서울,2018-07-12,1.1,7.5,9.92
"		108",서울,2018-07-13,7,47.9,15.6
"		108",서울,2018-07-14,11.3,77.9,21.51
"		108",서울,2018-07-15,11,75.9,22.91
"		108",서울,2018-07-16,12.9,89,26.67
"		108",서울,2018-07-17,13,89.7,25.57
"		108",서울,2018-07-18,13,89.7,25.14
"		108",서울,2018-07-19,12.9,89.6,27.8
"		108",서울,2018-07-20,12.9,89.6,25.73
"		108",서울,2018-07-21,12.9,89.6,26.62
"		108",서울,2018-07-22,12.2,84.7,25.51
"		108",서울,2018-07-23,8,55.6,18.94
"		108",서울,2018-07-24,10.2,71.3,18.42
"		108",서울,2018-07-25,5.2,36.4,14.36
"		108",서울,2018-07-26,4.4,30.8,12.21
"		108",서울,2018-07-27,9.3,65.5,19.29
"		108",서울,2018-07-28,3.4,23.9,9.59
"		108",서울,2018-07-29,12.3,86.6,22.33
"		108",서울,2018-07-30,11,77.5,19.68
"		108",서울,2018-07-31,12,85.1,24.5
"		108",서울,2018-08-01,12.6,89.4,25.69
"		108",서울,2018-08-02,9.8,69.5,18.58
"		108",서울,2018-08-03,10.5,75,21.09
"		108",서울,2018-08-04,12.1,86.4,20.45
"		108",서울,2018-08-05,10.1,72.1,20.62
"		108",서울,2018-08-06,7.3,52.5,17.86
"		108",서울,2018-08-07,8.5,61.2,15.62
"		108",서울,2018-08-08,10.8,77.7,20.59
"		108",서울,2018-08-09,2.6,18.8,11.11
"		108",서울,2018-08-10,11.4,82.6,21.85
"		108",서울,2018-08-11,11.5,83.3,21.37
"		108",서울,2018-08-12,8.4,61.3,18.23
"		108",서울,2018-08-13,6.3,46,12.29
"		108",서울,2018-08-14,9.5,69.3,18.37
"		108",서울,2018-08-15,9.5,69.9,18.41
"		108",서울,2018-08-16,11,80.9,24.88
"		108",서울,2018-08-17,12.4,91.2,26.23
"		108",서울,2018-08-18,10.9,80.7,23.27
"		108",서울,2018-08-19,7.9,58.5,19.79
"		108",서울,2018-08-20,6,44.4,15.07
"		108",서울,2018-08-21,6.8,50.7,12.86
"		108",서울,2018-08-22,10.5,78.4,22.27
"		108",서울,2018-08-23,1.7,12.7,9.3
"		108",서울,2018-08-24,0,0,5.69
"		108",서울,2018-08-25,7.2,54.1,16.21
"		108",서울,2018-08-26,5.1,38.6,13.54
"		108",서울,2018-08-27,0,0,7.84
"		108",서울,2018-08-28,0,0,4.42
"		108",서울,2018-08-29,0.1,0.8,2.75
"		108",서울,2018-08-30,1.9,14.5,8.74
"		108",서울,2018-08-31,10.1,77.7,22.17
"		108",서울,2018-09-01,10.6,81.5,21.01
"		108",서울,2018-09-02,9.2,70.8,20.34
"		108",서울,2018-09-03,0,0,3.36
"		108",서울,2018-09-04,11,85.3,21.64
"		108",서울,2018-09-05,11.8,91.5,22.46
"		108",서울,2018-09-06,2.2,17.2,11.03
"		108",서울,2018-09-07,10.9,85.2,19.58
"		108",서울,2018-09-08,11.7,92.1,22.75
"		108",서울,2018-09-09,9.9,78,21.4
"		108",서울,2018-09-10,10.3,81.1,19.84
"		108",서울,2018-09-11,8.4,66.7,17.85
"		108",서울,2018-09-12,11.3,89.7,20.39
"		108",서울,2018-09-13,5,40,12.93
"		108",서울,2018-09-14,1.6,12.8,9.8
"		108",서울,2018-09-15,0.8,6.4,7.44
"		108",서울,2018-09-16,0,0,6.44
"		108",서울,2018-09-17,10.8,87.1,20.42
"		108",서울,2018-09-18,7.9,64.2,15.85
"		108",서울,2018-09-19,2.1,17.1,10.66
"		108",서울,2018-09-20,0,0,4.08
"		108",서울,2018-09-21,0.6,4.9,6.31
"		108",서울,2018-09-22,10.8,88.5,19.06
"		108",서울,2018-09-23,7.4,61.2,14.77
"		108",서울,2018-09-24,11,90.9,20.96
"		108",서울,2018-09-25,10,82.6,20.19
"		108",서울,2018-09-26,8.4,70,17.06
"		108",서울,2018-09-27,10.3,85.8,18.26
"		108",서울,2018-09-28,3.5,29.4,8.76
"		108",서울,2018-09-29,10.8,90.8,19.37
"		108",서울,2018-09-30,10.4,87.4,16.95
"		108",서울,2018-10-01,7.9,66.9,15.1
"		108",서울,2018-10-02,10.8,91.5,18.84
"		108",서울,2018-10-03,10.6,90.6,18.49
"		108",서울,2018-10-04,8.9,76.1,15.88
"		108",서울,2018-10-05,0,0,2.74
"		108",서울,2018-10-06,3,25.9,6.86
"		108",서울,2018-10-07,10.5,90.5,15.65
"		108",서울,2018-10-08,10.5,90.5,15.28
"		108",서울,2018-10-09,2.3,20,8.89
"		108",서울,2018-10-10,6.5,56.5,10.3
"		108",서울,2018-10-11,9.3,81.6,15.42
"		108",서울,2018-10-12,10.1,88.6,17.67
"		108",서울,2018-10-13,10,87.7,16.78
"		108",서울,2018-10-14,9.9,87.6,16.08
"		108",서울,2018-10-15,6.8,60.2,11.26
"		108",서울,2018-10-16,8.2,73.2,13.15
"		108",서울,2018-10-17,10,89.3,16.44
"		108",서울,2018-10-18,8.1,72.3,13.37
"		108",서울,2018-10-19,9.9,89.2,16.23
"		108",서울,2018-10-20,9.7,87.4,15.97
"		108",서울,2018-10-21,9.6,87.3,15.77
"		108",서울,2018-10-22,7.6,69.1,12.13
"		108",서울,2018-10-23,5.3,48.2,7.68
"		108",서울,2018-10-24,9.6,88.1,13.64
"		108",서울,2018-10-25,8.7,79.8,13.56
"		108",서울,2018-10-26,2.4,22.2,3
"		108",서울,2018-10-27,8,74.1,11.6
"		108",서울,2018-10-28,2.8,25.9,6.66
"		108",서울,2018-10-29,6.5,60.7,9.84
"		108",서울,2018-10-30,9.1,85,14.55
"		108",서울,2018-10-31,9.3,86.9,14.51
"		108",서울,2019-05-01,10.9,79.6,24.41
"		108",서울,2019-05-02,12.7,92,27.27
"		108",서울,2019-05-03,12.4,89.9,25.59
"		108",서울,2019-05-04,10.7,77.5,22.12
"		108",서울,2019-05-05,11.1,79.9,25.14
"		108",서울,2019-05-06,12.8,92.1,28.25
"		108",서울,2019-05-07,12.9,92.8,27.02
"		108",서울,2019-05-08,12.2,87.1,23.39
"		108",서울,2019-05-09,12.1,86.4,25.46
"		108",서울,2019-05-10,12.3,87.9,25.19
"		108",서울,2019-05-11,12.7,90.1,25.19
"		108",서울,2019-05-12,12,85.1,21.82
"		108",서울,2019-05-13,1,7.1,8.51
"		108",서울,2019-05-14,13,91.5,25.35
"		108",서울,2019-05-15,8.4,59.2,21.24
"		108",서울,2019-05-16,12.5,88,25.19
"		108",서울,2019-05-17,4.2,29.6,14.72
"		108",서울,2019-05-18,4.3,30.1,16.28
"		108",서울,2019-05-19,0,0,5.22
"		108",서울,2019-05-20,10.5,73.4,24.95
"		108",서울,2019-05-21,13.1,91.6,28.89
"		108",서울,2019-05-22,12.6,87.5,27.5
"		108",서울,2019-05-23,13.2,91.7,27.36
"		108",서울,2019-05-24,12.7,88.2,26.13
"		108",서울,2019-05-25,7.1,49.3,18.83
"		108",서울,2019-05-26,11,75.9,25.81
"		108",서울,2019-05-27,0,0,2.33
"		108",서울,2019-05-28,13,89.7,28.01
"		108",서울,2019-05-29,13.3,91.7,28.48
"		108",서울,2019-05-30,7,48.3,18.28
"		108",서울,2019-05-31,12.3,84.2,27.46
"		108",서울,2019-06-01,9.4,64.4,21.1
"		108",서울,2019-06-02,13,89,26.48
"		108",서울,2019-06-03,12.3,84.2,25.57
"		108",서울,2019-06-04,12.8,87.7,26.21
"		108",서울,2019-06-05,8.9,61,24.14
"		108",서울,2019-06-06,0,0,5.33
"		108",서울,2019-06-07,3.7,25.2,13.41
"		108",서울,2019-06-08,9.3,63.3,21.14
"		108",서울,2019-06-09,4.2,28.6,16.87
"		108",서울,2019-06-10,0.6,4.1,11.01
"		108",서울,2019-06-11,10.7,72.8,21.58
"		108",서울,2019-06-12,13,88.4,25.26
"		108",서울,2019-06-13,12.3,83.7,27.4
"		108",서울,2019-06-14,6.1,41.2,19.46
"		108",서울,2019-06-15,12.2,82.4,25.94
"		108",서울,2019-06-16,11.1,75,22.45
"		108",서울,2019-06-17,12.7,85.8,25.36
"		108",서울,2019-06-18,2,13.5,11.26
"		108",서울,2019-06-19,0.9,6.1,11.24
"		108",서울,2019-06-20,6.9,46.6,20.91
"		108",서울,2019-06-21,3.4,23,12.51
"		108",서울,2019-06-22,13,87.8,27.01
"		108",서울,2019-06-23,12.9,87.2,26.05
"		108",서울,2019-06-24,13.6,91.9,27.57
"		108",서울,2019-06-25,13.4,90.5,27.13
"		108",서울,2019-06-26,1.1,7.4,12.11
"		108",서울,2019-06-27,3.9,26.4,14.79
"		108",서울,2019-06-28,2.4,16.2,10.92
"		108",서울,2019-06-29,4.1,27.7,12.49
"		108",서울,2019-06-30,5.2,35.4,16.32
"		108",서울,2019-07-01,10.9,74.1,20.33
"		108",서울,2019-07-02,11.9,81,21.13
"		108",서울,2019-07-03,3.3,22.4,12.62
"		108",서울,2019-07-04,12.7,86.4,27.41
"		108",서울,2019-07-05,11.8,80.3,24.78
"		108",서울,2019-07-06,11.8,80.3,25.87
"		108",서울,2019-07-07,9.8,66.7,22.4
"		108",서울,2019-07-08,9.3,63.7,20.54
"		108",서울,2019-07-09,7.7,52.7,18.2
"		108",서울,2019-07-10,3.1,21.2,13.4
"		108",서울,2019-07-11,0,0,8.59
"		108",서울,2019-07-12,7,47.9,18.43
"		108",서울,2019-07-13,4.1,28.1,15
"		108",서울,2019-07-14,7.8,53.8,20.36
"		108",서울,2019-07-15,0.1,0.7,7.32
"		108",서울,2019-07-16,4,27.6,13.41
"		108",서울,2019-07-17,1,6.9,11.19
"		108",서울,2019-07-18,3.2,22.1,12.78
"		108",서울,2019-07-19,9.8,68.1,21.8
"		108",서울,2019-07-20,1.2,8.3,10.92
"		108",서울,2019-07-21,0.6,4.2,6.18
"		108",서울,2019-07-22,6.1,42.4,13.12
"		108",서울,2019-07-23,4,27.8,13.34
"		108",서울,2019-07-24,0,0,3.17
"		108",서울,2019-07-25,0,0,3.47
"		108",서울,2019-07-26,0,0,2.35
"		108",서울,2019-07-27,4.7,32.9,15.31
"		108",서울,2019-07-28,0,0,2.87
"		108",서울,2019-07-29,2.6,18.3,9.43
"		108",서울,2019-07-30,1.6,11.3,8.26
"		108",서울,2019-07-31,0,0,3.01
"		108",서울,2019-08-01,4.9,34.8,13.55
"		108",서울,2019-08-02,8.3,58.9,15.74
"		108",서울,2019-08-03,10.6,75.7,21.04
"		108",서울,2019-08-04,8.6,61.4,17.53
"		108",서울,2019-08-05,11.2,80,20.66
"		108",서울,2019-08-06,9.9,71.2,22.91
"		108",서울,2019-08-07,1.9,13.7,6.91
"		108",서울,2019-08-08,7.5,54,15.87
"		108",서울,2019-08-09,10.8,77.7,19.37
"		108",서울,2019-08-10,11.6,84.1,22.69
"		108",서울,2019-08-11,9.8,71,21.52
"		108",서울,2019-08-12,0.3,2.2,4.8
"		108",서울,2019-08-13,7.3,53.3,16.91
"		108",서울,2019-08-14,9.2,67.2,20.99
"		108",서울,2019-08-15,0.1,0.7,5.51
"		108",서울,2019-08-16,7.5,55.1,14.1
"		108",서울,2019-08-17,8.1,59.6,13.25
"		108",서울,2019-08-18,10.7,79.3,18.61
"		108",서울,2019-08-19,11.1,82.2,18.16
"		108",서울,2019-08-20,10.5,77.8,21.06
"		108",서울,2019-08-21,3.2,23.9,11.43
"		108",서울,2019-08-22,10.7,79.9,23.16
"		108",서울,2019-08-23,12,89.6,23.84
"		108",서울,2019-08-24,3,22.6,8.25
"		108",서울,2019-08-25,9.9,74.4,17.85
"		108",서울,2019-08-26,9.2,69.7,18.4
"		108",서울,2019-08-27,5.6,42.4,13.22
"		108",서울,2019-08-28,,0,
"		108",서울,2019-08-29,4.9,37.4,
"		108",서울,2019-08-30,8.8,67.2,17.84
"		108",서울,2019-08-31,12.1,92.4,21.07
"		108",서울,2019-09-01,6.9,53.1,15.17
"		108",서울,2019-09-02,7.4,56.9,16.85
"		108",서울,2019-09-03,2.9,22.5,11.6
"		108",서울,2019-09-04,1.1,8.5,5.68
"		108",서울,2019-09-05,1.5,11.6,6.07
"		108",서울,2019-09-06,0.4,3.1,9.29
"		108",서울,2019-09-07,0,0,2.95
"		108",서울,2019-09-08,1.4,11,9.31
"		108",서울,2019-09-09,2,15.7,10.04
"		108",서울,2019-09-10,1,7.9,5.74
"		108",서울,2019-09-11,6.9,54.8,16.56
"		108",서울,2019-09-12,0,0,4.09
"		108",서울,2019-09-13,10.9,87.2,21.35
"		108",서울,2019-09-14,0.2,1.6,3.34
"		108",서울,2019-09-15,10.6,84.8,18.19
"		108",서울,2019-09-16,9.4,75.8,19.91
"		108",서울,2019-09-17,10.6,85.5,20.01
"		108",서울,2019-09-18,11.7,94.4,21.9
"		108",서울,2019-09-19,10.2,82.9,19.83
"		108",서울,2019-09-20,1.3,10.6,8.64
"		108",서울,2019-09-21,0,0,4.44
"		108",서울,2019-09-22,0,0,3.2
"		108",서울,2019-09-23,9,73.8,16.92
"		108",서울,2019-09-24,11.4,94.2,20.17
"		108",서울,2019-09-25,8.8,72.7,16.44
"		108",서울,2019-09-26,8.1,67.5,15.5
"		108",서울,2019-09-27,3.5,29.2,10.42
"		108",서울,2019-09-28,10.1,84.2,15.97
"		108",서울,2019-09-29,11.1,93.3,18.83
"		108",서울,2019-09-30,10.5,88.2,18.37
"		108",서울,2019-10-01,7.5,63.6,13.05
"		108",서울,2019-10-02,0,0,3.4
"		108",서울,2019-10-03,6,50.8,10.14
"		108",서울,2019-10-04,9.9,84.6,16.23
"		108",서울,2019-10-05,2.3,19.7,8.24
"		108",서울,2019-10-06,9.4,81,16.17
"		108",서울,2019-10-07,0,0,1.49
"		108",서울,2019-10-08,10.3,88.8,16.78
"		108",서울,2019-10-09,10.6,92.2,17.42
"		108",서울,2019-10-10,1.1,9.6,8.06
"		108",서울,2019-10-11,10.3,90.4,16.44
"		108",서울,2019-10-12,10.5,92.1,17.37
"		108",서울,2019-10-13,10.6,93,16.52
"		108",서울,2019-10-14,10.1,89.4,14.54
"		108",서울,2019-10-15,7.7,68.1,14.07
"		108",서울,2019-10-16,9.8,87.5,15.6
"		108",서울,2019-10-17,7.4,66.1,12.02
"		108",서울,2019-10-18,8,71.4,12.08
"		108",서울,2019-10-19,10.2,91.9,15.17
"		108",서울,2019-10-20,9.3,83.8,14.67
"		108",서울,2019-10-21,9.6,86.5,14.4
"		108",서울,2019-10-22,9.1,82.7,13.66
"		108",서울,2019-10-23,0.7,6.4,8.08
"		108",서울,2019-10-24,6.6,60.6,11.56
"		108",서울,2019-10-25,7.1,65.1,12.29
"		108",서울,2019-10-26,8.7,79.8,13.08
"		108",서울,2019-10-27,9.8,90.7,14.45
"		108",서울,2019-10-28,7.3,67.6,11.62
"		108",서울,2019-10-29,9,83.3,12.41
"		108",서울,2019-10-30,9.6,89.7,14.08
"		108",서울,2019-10-31,8,74.8,10.34
"		108",서울,2020-05-01,6.1,44.2,18.96
"		108",서울,2020-05-02,0.2,1.4,9.43
"		108",서울,2020-05-03,5.9,42.8,19.41
"		108",서울,2020-05-04,10.1,72.7,25.42
"		108",서울,2020-05-05,3.3,23.7,9.41
"		108",서울,2020-05-06,12.8,92.1,28.51
"		108",서울,2020-05-07,8.7,62.1,23.93
"		108",서울,2020-05-08,7.5,53.6,23.26
"		108",서울,2020-05-09,0,0,3
"		108",서울,2020-05-10,0.4,2.8,6.77
"		108",서울,2020-05-11,7.2,51.1,22.98
"		108",서울,2020-05-12,5,35.5,13.6
"		108",서울,2020-05-13,13,92.2,29.7
"		108",서울,2020-05-14,6.6,46.5,20.64
"		108",서울,2020-05-15,0,0,3.43
"		108",서울,2020-05-16,0.6,4.2,7.6
"		108",서울,2020-05-17,3.9,27.3,15.26
"		108",서울,2020-05-18,3.2,22.4,14.07
"		108",서울,2020-05-19,3,21,15.29
"		108",서울,2020-05-20,4.5,31.5,20.91
"		108",서울,2020-05-21,9.4,65.3,24.35
"		108",서울,2020-05-22,0.7,4.9,13.07
"		108",서울,2020-05-23,6.8,47.2,23.24
"		108",서울,2020-05-24,1.1,7.6,10.59
"		108",서울,2020-05-25,2.5,17.2,16.88
"		108",서울,2020-05-26,4.8,33.1,18.49
"		108",서울,2020-05-27,13.2,91,30.06
"		108",서울,2020-05-28,8.4,57.9,22.83
"		108",서울,2020-05-29,12.7,87.6,28.09
"		108",서울,2020-05-30,11.3,77.4,26.5
"		108",서울,2020-05-31,5,34.2,19.15
"		108",서울,2020-06-01,11.5,78.8,30.35
"		108",서울,2020-06-02,0.2,1.4,5.89
"		108",서울,2020-06-03,9.5,65.1,24.64
"		108",서울,2020-06-04,4.7,32.2,19.77
"		108",서울,2020-06-05,8.8,59.9,23.36
"		108",서울,2020-06-06,8.6,58.5,23.38
"		108",서울,2020-06-07,9.2,62.6,26.04
"		108",서울,2020-06-08,11.3,76.9,26.13
"		108",서울,2020-06-09,12.9,87.8,28.36
"		108",서울,2020-06-10,5.2,35.4,18.85
"		108",서울,2020-06-11,8,54.4,26.03
"		108",서울,2020-06-12,0.5,3.4,11.51
"		108",서울,2020-06-13,9.7,66,28.11
"		108",서울,2020-06-14,8.1,54.7,22.52
"		108",서울,2020-06-15,10.1,68.2,26.53
"		108",서울,2020-06-16,7.5,50.7,24.74
"		108",서울,2020-06-17,5.9,39.9,21.25
"		108",서울,2020-06-18,0.1,0.7,11
"		108",서울,2020-06-19,6,40.5,19.6
"		108",서울,2020-06-20,11.7,79.1,24.75
"		108",서울,2020-06-21,13.5,91.2,27.82
"		108",서울,2020-06-22,13.3,89.9,28.95
"		108",서울,2020-06-23,5.1,34.5,16.97
"		108",서울,2020-06-24,0,0,2.91
"		108",서울,2020-06-25,0.1,0.7,6.11
"		108",서울,2020-06-26,3.1,20.9,13.03
"		108",서울,2020-06-27,7.4,50,22.18
"		108",서울,2020-06-28,12.4,83.8,28.6
"		108",서울,2020-06-29,1.7,11.6,8.4
"		108",서울,2020-06-30,0,0,6.2
"		108",서울,2020-07-01,0.2,1.4,9.47
"		108",서울,2020-07-02,5.4,36.7,19.15
"		108",서울,2020-07-03,9.6,65.3,27.47
"		108",서울,2020-07-04,9.5,64.6,26.88
"		108",서울,2020-07-05,6.4,43.5,20.85
"		108",서울,2020-07-06,5,34,19.28
"		108",서울,2020-07-07,4,27.4,15.15
"		108",서울,2020-07-08,10,68.5,25.81
"		108",서울,2020-07-09,7.7,52.7,23.1
"		108",서울,2020-07-10,3.1,21.2,12.3
"		108",서울,2020-07-11,6.6,45.2,21.82
"		108",서울,2020-07-12,0,0,7.67
"		108",서울,2020-07-13,0,0,4.58
"		108",서울,2020-07-14,0.1,0.7,12.46
"		108",서울,2020-07-15,9.3,64.1,26.6
"		108",서울,2020-07-16,10.2,70.3,25.76
"		108",서울,2020-07-17,7.5,51.7,22.28
"		108",서울,2020-07-18,4.3,29.7,15.49
"		108",서울,2020-07-19,0,0,4.92
"		108",서울,2020-07-20,0,0,5.15
"		108",서울,2020-07-21,4,27.8,17.83
"		108",서울,2020-07-22,0,0,4.5
"		108",서울,2020-07-23,0,0,2.72
"		108",서울,2020-07-24,1,7,10.46
"		108",서울,2020-07-25,1.9,13.3,15.59
"		108",서울,2020-07-26,5.6,39.2,18.14
"		108",서울,2020-07-27,0,0,7.72
"		108",서울,2020-07-28,0,0,8.38
"		108",서울,2020-07-29,0,0,3.18
"		108",서울,2020-07-30,3,21.3,15.34
"		108",서울,2020-07-31,5,35.5,14.5
"		108",서울,2020-08-01,0,0,5.31
"		108",서울,2020-08-02,0,0,2.55
"		108",서울,2020-08-03,0,0,3.09
"		108",서울,2020-08-04,0.4,2.9,8.06
"		108",서울,2020-08-05,0.1,0.7,5.02
"		108",서울,2020-08-06,0.2,1.4,6.74
"		108",서울,2020-08-07,0,0,6.7
"		108",서울,2020-08-08,1.8,12.9,6.96
"		108",서울,2020-08-09,0,0,1.43
"		108",서울,2020-08-10,0.2,1.4,7.77
"		108",서울,2020-08-11,0.5,3.6,7.44
"		108",서울,2020-08-12,2.1,15.3,13.62
"		108",서울,2020-08-13,0.2,1.5,7.96
"		108",서울,2020-08-14,0,0,4.14
"		108",서울,2020-08-15,0,0,3.25
"		108",서울,2020-08-16,2.4,17.6,14.3
"		108",서울,2020-08-17,5.8,43,18.44
"		108",서울,2020-08-18,7.9,58.5,19.81
"		108",서울,2020-08-19,9.4,69.6,22.54
"		108",서울,2020-08-20,3.1,23.1,15.16
"		108",서울,2020-08-21,0.8,6,8.74
"		108",서울,2020-08-22,0.6,4.5,7.56
"		108",서울,2020-08-23,6.8,51.1,18.72
"		108",서울,2020-08-24,8.8,66.2,20.25
"		108",서울,2020-08-25,7.6,57.6,21.21
"		108",서울,2020-08-26,7.5,56.8,19.68
"		108",서울,2020-08-27,0.5,3.8,5.5
"		108",서울,2020-08-28,2,15.3,10.18
"		108",서울,2020-08-29,1.7,13,8.7
"		108",서울,2020-08-30,2.4,18.3,12.89
"		108",서울,2020-08-31,1.9,14.6,12.25
"		108",서울,2020-09-01,1,7.7,11.35
"		108",서울,2020-09-02,0,0,3.34
"		108",서울,2020-09-03,2.8,21.7,13.51
"		108",서울,2020-09-04,10.1,78.3,21.21
"		108",서울,2020-09-05,3.3,25.8,14.49
"		108",서울,2020-09-06,0,0,7.13
"		108",서울,2020-09-07,0,0,3.37
"		108",서울,2020-09-08,9.5,74.8,21.87
"		108",서울,2020-09-09,3.1,24.4,12.29
"		108",서울,2020-09-10,9,71.4,19.17
"		108",서울,2020-09-11,4.5,35.7,12.87
"		108",서울,2020-09-12,0,0,7.34
"		108",서울,2020-09-13,9.8,78.4,20.53
"		108",서울,2020-09-14,5.7,45.6,13.86
"		108",서울,2020-09-15,5.1,41.1,16.56
"		108",서울,2020-09-16,0.3,2.4,6.21
"		108",서울,2020-09-17,0.7,5.6,9.35
"		108",서울,2020-09-18,9.8,79.7,21.24
"		108",서울,2020-09-19,9.7,78.9,21.25
"		108",서울,2020-09-20,11.4,93.4,22.19
"		108",서울,2020-09-21,9.6,78.7,19.54
"		108",서울,2020-09-22,10.7,87.7,21.71
"		108",서울,2020-09-23,7.2,59.5,16.99
"		108",서울,2020-09-24,8,66.1,18.54
"		108",서울,2020-09-25,3.5,28.9,13.39
"		108",서울,2020-09-26,8,66.7,15.92
"		108",서울,2020-09-27,9.8,81.7,18.7
"		108",서울,2020-09-28,10.5,88.2,19.29
"		108",서울,2020-09-29,6.3,52.9,14.84
"		108",서울,2020-09-30,4.9,41.5,14
"		108",서울,2020-10-01,2.5,21.2,10.89
"		108",서울,2020-10-02,1.9,16.1,6.34
"		108",서울,2020-10-03,1.8,15.4,9.79
"		108",서울,2020-10-04,4.3,36.8,12.36
"		108",서울,2020-10-05,10.5,90.5,19.44
"		108",서울,2020-10-06,10.8,93.1,19.81
"		108",서울,2020-10-07,8.9,76.7,16.99
"		108",서울,2020-10-08,10.8,93.9,19.27
"		108",서울,2020-10-09,10.6,92.2,18.55
"		108",서울,2020-10-10,7.6,66.7,15.28
"		108",서울,2020-10-11,4.9,43,11.45
"		108",서울,2020-10-12,7.5,65.8,13.59
"		108",서울,2020-10-13,7.1,62.8,14.16
"		108",서울,2020-10-14,5.8,51.3,12.19
"		108",서울,2020-10-15,7.2,63.7,14.48
"		108",서울,2020-10-16,0,0,5.28
"		108",서울,2020-10-17,10.1,90.2,17.65
"		108",서울,2020-10-18,9.7,87.4,15.96
"		108",서울,2020-10-19,9.8,88.3,15.27
"		108",서울,2020-10-20,10,90.1,15.67
"		108",서울,2020-10-21,0.1,0.9,4.72
"		108",서울,2020-10-22,5.4,49.1,11.01
"		108",서울,2020-10-23,9.9,90.8,17.01
"		108",서울,2020-10-24,9.9,90.8,16.65
"		108",서울,2020-10-25,8.8,80.7,13.83
"		108",서울,2020-10-26,9.2,85.2,13.69
"		108",서울,2020-10-27,8.3,76.9,12.23
"		108",서울,2020-10-28,9.2,85.2,15.27
"		108",서울,2020-10-29,9,84.1,13.77
"		108",서울,2020-10-30,9.7,90.7,14.62
"		108",서울,2020-10-31,5.8,54.2,11.03
"		108",서울,2021-05-01,1.2,8.7,11.89
"		108",서울,2021-05-02,10.8,78.3,27.71
"		108",서울,2021-05-03,11.6,84.1,27.7
"		108",서울,2021-05-04,0,0,3.68
"		108",서울,2021-05-05,11.5,82.7,28.34
"		108",서울,2021-05-06,10.6,76.3,23.81
"		108",서울,2021-05-07,5.9,42.4,17.12
"		108",서울,2021-05-08,8.9,63.6,23.01
"		108",서울,2021-05-09,13,92.9,30.44
"		108",서울,2021-05-10,0,0,4.69
"		108",서울,2021-05-11,13.2,93.6,27.17
"		108",서울,2021-05-12,11,78,26.51
"		108",서울,2021-05-13,12.8,90.8,27.3
"		108",서울,2021-05-14,10.8,76.1,24.38
"		108",서울,2021-05-15,0.5,3.5,9.42
"		108",서울,2021-05-16,0,0,3.05
"		108",서울,2021-05-17,0,0,5.21
"		108",서울,2021-05-18,8.4,58.7,24.12
"		108",서울,2021-05-19,13.2,92.3,29.93
"		108",서울,2021-05-20,0,0,6.8
"		108",서울,2021-05-21,0.9,6.3,7.35
"		108",서울,2021-05-22,12.7,88.2,28.69
"		108",서울,2021-05-23,6,41.7,19.28
"		108",서울,2021-05-24,9.1,63.2,26.9
"		108",서울,2021-05-25,6.4,44.1,19.29
"		108",서울,2021-05-26,5.3,36.6,17.95
"		108",서울,2021-05-27,0.5,3.4,5.08
"		108",서울,2021-05-28,1.9,13.1,11.26
"		108",서울,2021-05-29,3.9,26.9,10.45
"		108",서울,2021-05-30,11.6,79.5,29.45
"		108",서울,2021-05-31,2,13.7,12.52
"		108",서울,2021-06-01,1.9,13,13.01
"		108",서울,2021-06-02,11.9,81.5,26.82
"		108",서울,2021-06-03,0.2,1.4,5.11
"		108",서울,2021-06-04,10.9,74.7,29.01
"		108",서울,2021-06-05,8.4,57.1,23.11
"		108",서울,2021-06-06,8.3,56.5,23.46
"		108",서울,2021-06-07,0.3,2,7.02
"		108",서울,2021-06-08,7.1,48.3,21.25
"		108",서울,2021-06-09,9.9,67.3,24.78
"		108",서울,2021-06-10,1.3,8.8,14.13
"		108",서울,2021-06-11,1.8,12.2,10.08
"		108",서울,2021-06-12,9.1,61.9,26.92
"		108",서울,2021-06-13,10.2,69.4,26.48
"		108",서울,2021-06-14,8.3,56.1,22.29
"		108",서울,2021-06-15,1.6,10.8,7.61
"		108",서울,2021-06-16,11.5,77.7,27.3
"		108",서울,2021-06-17,0.3,2,9.59
"		108",서울,2021-06-18,0,0,4.5
"		108",서울,2021-06-19,10.5,70.9,26.47
"		108",서울,2021-06-20,10.7,72.3,25.87
"		108",서울,2021-06-21,11.1,75,25.72
"		108",서울,2021-06-22,6.8,45.9,20.23
"		108",서울,2021-06-23,7.2,48.6,19.49
"		108",서울,2021-06-24,5.7,38.5,17.8
"		108",서울,2021-06-25,9.7,65.5,24.74
"		108",서울,2021-06-26,2.3,15.5,14.24
"		108",서울,2021-06-27,8.1,54.7,22.48
"		108",서울,2021-06-28,2.2,14.9,13.52
"		108",서울,2021-06-29,4.2,28.6,14.1
"		108",서울,2021-06-30,4,27.2,16.22
"		108",서울,2021-07-01,8.2,55.8,20.59
"		108",서울,2021-07-02,7.4,50.3,22.19
"		108",서울,2021-07-03,0.9,6.1,7.51
"		108",서울,2021-07-04,0,0,2.69
"		108",서울,2021-07-05,0.9,6.1,12.59
"		108",서울,2021-07-06,4.3,29.3,19.15
"		108",서울,2021-07-07,1.1,7.5,11.81
"		108",서울,2021-07-08,2.9,19.9,14.1
"		108",서울,2021-07-09,3.8,26,14.49
"		108",서울,2021-07-10,4.2,28.8,17.4
"		108",서울,2021-07-11,0.1,0.7,7.53
"		108",서울,2021-07-12,4.9,33.6,19.1
"		108",서울,2021-07-13,1.4,9.6,11.59
"		108",서울,2021-07-14,7.1,49,22.48
"		108",서울,2021-07-15,8.7,60,22.77
"		108",서울,2021-07-16,10.5,72.4,26.76
"		108",서울,2021-07-17,8.9,61.4,22.58
"		108",서울,2021-07-18,8.4,57.9,23.37
"		108",서울,2021-07-19,3.1,21.5,10.07
"		108",서울,2021-07-20,3.4,23.6,14.62
"		108",서울,2021-07-21,11.3,78.5,24.1
"		108",서울,2021-07-22,11.4,79.2,27.69
"		108",서울,2021-07-23,12.4,86.7,26.91
"		108",서울,2021-07-24,12.3,86,27.78
"		108",서울,2021-07-25,13,90.9,27.63
"		108",서울,2021-07-26,13.2,92.3,29.3
"		108",서울,2021-07-27,7.3,51.4,17.22
"		108",서울,2021-07-28,6.5,45.8,16.37
"		108",서울,2021-07-29,2.2,15.5,14.86
"		108",서울,2021-07-30,7.7,54.2,21.86
"		108",서울,2021-07-31,7.7,54.6,21.19
"		108",서울,2021-08-01,0,0,6.56
"		108",서울,2021-08-02,0.6,4.3,8.42
"		108",서울,2021-08-03,4.3,30.7,13.25
"		108",서울,2021-08-04,6.1,43.6,19.55
"		108",서울,2021-08-05,8.9,63.6,20.51
"		108",서울,2021-08-06,6.3,45.3,18.13
"		108",서울,2021-08-07,11.3,81.3,23.48
"		108",서울,2021-08-08,2,14.4,11.91
"		108",서울,2021-08-09,8.6,62.3,24.73
"		108",서울,2021-08-10,8.5,61.6,20.07
"		108",서울,2021-08-11,5.3,38.4,16.55
"		108",서울,2021-08-12,4.4,32.1,14.8
"		108",서울,2021-08-13,1.7,12.4,12.03
"		108",서울,2021-08-14,4.5,32.8,15.6
"		108",서울,2021-08-15,10.2,75,23.31
"		108",서울,2021-08-16,10.4,76.5,23.19
"		108",서울,2021-08-17,5.8,43,17.49
"		108",서울,2021-08-18,5.8,43,17.87
"		108",서울,2021-08-19,8.6,63.7,20.95
"		108",서울,2021-08-20,5.5,40.7,17.21
"		108",서울,2021-08-21,1,7.5,6.31
"		108",서울,2021-08-22,0.7,5.2,8.64
"		108",서울,2021-08-23,0,0,3.81
"		108",서울,2021-08-24,0,0,4.58
"		108",서울,2021-08-25,0.7,5.3,8.96
"		108",서울,2021-08-26,0.2,1.5,8.07
"		108",서울,2021-08-27,0,0,3.01
"		108",서울,2021-08-28,3.8,29,15.44
"		108",서울,2021-08-29,1,7.6,9.6
"		108",서울,2021-08-30,1.1,8.4,12.46
"		108",서울,2021-08-31,0,0,2.39
"		108",서울,2021-09-01,0,0,7.24
"		108",서울,2021-09-02,1.4,10.8,13.24
"		108",서울,2021-09-03,11.2,86.8,24.64
"		108",서울,2021-09-04,9.3,72.1,20.58
"		108",서울,2021-09-05,4.6,35.9,15.83
"		108",서울,2021-09-06,2.4,18.8,12.02
"		108",서울,2021-09-07,0,0,1.8
"		108",서울,2021-09-08,7.1,55.9,18.18
"		108",서울,2021-09-09,8,63,18.9
"		108",서울,2021-09-10,6.4,50.8,16.96
"		108",서울,2021-09-11,8.7,69,19.54
"		108",서울,2021-09-12,10.2,81,22.15
"		108",서울,2021-09-13,6.1,48.8,17.61
"		108",서울,2021-09-14,10.3,82.4,21.88
"		108",서울,2021-09-15,11.4,91.9,22.62
"		108",서울,2021-09-16,9.1,73.4,20.18
"		108",서울,2021-09-17,6.6,53.2,18.05
"		108",서울,2021-09-18,8.8,71.5,19.77
"		108",서울,2021-09-19,2.8,22.8,13.97
"		108",서울,2021-09-20,10.3,83.7,19.86
"		108",서울,2021-09-21,4.3,35.2,11.84
"		108",서울,2021-09-22,6.5,53.3,14.89
"		108",서울,2021-09-23,8,66.1,18.01
"		108",서울,2021-09-24,9.9,81.8,18.34
"		108",서울,2021-09-25,0,0,7.2
"		108",서울,2021-09-26,8.3,69.2,18.13
"		108",서울,2021-09-27,2.2,18.3,11.36
"		108",서울,2021-09-28,0.7,5.9,9.29
"		108",서울,2021-09-29,0,0,2.85
"		108",서울,2021-09-30,7.4,62.7,17.2
"		108",서울,2021-10-01,9.3,78.8,18.42
"		108",서울,2021-10-02,8.1,68.6,16.92
"		108",서울,2021-10-03,8.4,71.8,17.47
"		108",서울,2021-10-04,0,0,2.97
"		108",서울,2021-10-05,1.5,12.8,8.11
"		108",서울,2021-10-06,1.2,10.3,3.26
"		108",서울,2021-10-07,0,0,4.86
"		108",서울,2021-10-08,0,0,2.8
"		108",서울,2021-10-09,1.9,16.5,7.05
"		108",서울,2021-10-10,0,0,3.12
"		108",서울,2021-10-11,1.7,14.9,8.47
"		108",서울,2021-10-12,3,26.3,11.55
"		108",서울,2021-10-13,9,79.6,17.28
"		108",서울,2021-10-14,6.1,54,12.85
"		108",서울,2021-10-15,0.7,6.2,7.21
"		108",서울,2021-10-16,1.5,13.4,8.78
"		108",서울,2021-10-17,10.3,92,18.7
"		108",서울,2021-10-18,4.3,38.7,12.08
"		108",서울,2021-10-19,6.5,58.6,13.34
"		108",서울,2021-10-20,10,90.1,16.7
"		108",서울,2021-10-21,4,36.4,5.13
"		108",서울,2021-10-22,10,90.9,16.45
"		108",서울,2021-10-23,9.6,87.3,16.25
"		108",서울,2021-10-24,9.9,90.8,15.97
"		108",서울,2021-10-25,7,64.2,11.74
"		108",서울,2021-10-26,8.6,79.6,13.08
"		108",서울,2021-10-27,8.2,75.9,14.72
"		108",서울,2021-10-28,9.7,89.8,15.58
"		108",서울,2021-10-29,8.7,81.3,14.16
"		108",서울,2021-10-30,1.6,15,6.35
"		108",서울,2021-10-31,7.6,71,12.25
"		108",서울,2022-05-01,10,72.5,27.41
"		108",서울,2022-05-02,10.4,75.4,26.03
"		108",서울,2022-05-03,12.5,90.6,28.07
"		108",서울,2022-05-04,12.6,90.6,27.22
"		108",서울,2022-05-05,12.7,91.4,29.35
"		108",서울,2022-05-06,10.3,74.1,25.6
"		108",서울,2022-05-07,6.8,48.9,22.57
"		108",서울,2022-05-08,0,0,6.2
"		108",서울,2022-05-09,12.8,91.4,29.25
"		108",서울,2022-05-10,9.5,67.9,27.82
"		108",서울,2022-05-11,9.8,69.5,25.73
"		108",서울,2022-05-12,11.4,80.9,27.45
"		108",서울,2022-05-13,4.8,34,19.95
"		108",서울,2022-05-14,10.8,76.1,22.58
"		108",서울,2022-05-15,12.9,90.8,30.01
"		108",서울,2022-05-16,13.1,92.3,28.89
"		108",서울,2022-05-17,12.8,90.1,27.56
"		108",서울,2022-05-18,6.4,44.8,15.71
"		108",서울,2022-05-19,7.8,54.5,20.97
"		108",서울,2022-05-20,10.8,75.5,25.74
"		108",서울,2022-05-21,9.3,65,24.88
"		108",서울,2022-05-22,9,62.5,24.3
"		108",서울,2022-05-23,10.4,72.2,26.01
"		108",서울,2022-05-24,12.3,85.4,28.86
"		108",서울,2022-05-25,8.1,55.9,22.59
"		108",서울,2022-05-26,11.6,80,28.88
"		108",서울,2022-05-27,11.8,81.4,28.71
"		108",서울,2022-05-28,12.4,85.5,27.49
"		108",서울,2022-05-29,7,48.3,21.5
"		108",서울,2022-05-30,0.2,1.4,9.8
"		108",서울,2022-05-31,12,82.2,27.48
"		108",서울,2022-06-01,13.5,92.5,30.79
"		108",서울,2022-06-02,10.4,71.2,27.13
"		108",서울,2022-06-03,10.6,72.6,27.2
"		108",서울,2022-06-04,6.2,42.5,18.22
"		108",서울,2022-06-05,0.1,0.7,8.16
"		108",서울,2022-06-06,5.5,37.4,21.01
"		108",서울,2022-06-07,6.2,42.2,17.34
"		108",서울,2022-06-08,5.1,34.7,16.97
"		108",서울,2022-06-09,2.6,17.7,10.66
"		108",서울,2022-06-10,4.8,32.7,15.38
"		108",서울,2022-06-11,10.7,72.8,26.54
"		108",서울,2022-06-12,9.3,63.3,24.52
"		108",서울,2022-06-13,7.7,52.4,20.66
"		108",서울,2022-06-14,5.7,38.5,18.58
"		108",서울,2022-06-15,0,0,5.62
"		108",서울,2022-06-16,3.8,25.7,13
"		108",서울,2022-06-17,3.2,21.6,17.86
"		108",서울,2022-06-18,0,0,6.07
"		108",서울,2022-06-19,0,0,5.06
"		108",서울,2022-06-20,1.8,12.2,12.59
"		108",서울,2022-06-21,12.6,85.1,28.94
"		108",서울,2022-06-22,7.4,50,22.39
"		108",서울,2022-06-23,0,0,3.41
"		108",서울,2022-06-24,1.7,11.5,8.5
"		108",서울,2022-06-25,3,20.3,17.55
"		108",서울,2022-06-26,0,0,3
"		108",서울,2022-06-27,0,0,4.75
"		108",서울,2022-06-28,0,0,3.33
"		108",서울,2022-06-29,0,0,2.94
"		108",서울,2022-06-30,0,0,2.42
"		108",서울,2022-07-01,7.2,49,21.53
"		108",서울,2022-07-02,10.8,73.5,25.83
"		108",서울,2022-07-03,10.8,73.5,26.25
"		108",서울,2022-07-04,3.6,24.5,14.9
"		108",서울,2022-07-05,2.6,17.7,15.99
"		108",서울,2022-07-06,1.1,7.5,14.49
"		108",서울,2022-07-07,0.6,4.1,8.29
"		108",서울,2022-07-08,0,0,6.94
"		108",서울,2022-07-09,1.8,12.3,13.64
"		108",서울,2022-07-10,8.4,57.5,23.08
"		108",서울,2022-07-11,2.8,19.2,13.85
"		108",서울,2022-07-12,0.8,5.5,11.82
"		108",서울,2022-07-13,0,0,1.25
"		108",서울,2022-07-14,3.9,26.9,17.21
"		108",서울,2022-07-15,8.9,61.4,24.49
"		108",서울,2022-07-16,1.5,10.3,10.77
"		108",서울,2022-07-17,3.6,24.8,16.82
"		108",서울,2022-07-18,5.2,35.9,21.01
"		108",서울,2022-07-19,8.4,58.3,23.44
"		108",서울,2022-07-20,3.1,21.5,17.68
"		108",서울,2022-07-21,0.5,3.5,6.6
"		108",서울,2022-07-22,2.5,17.4,13.54
"		108",서울,2022-07-23,0.1,0.7,9.09
"		108",서울,2022-07-24,0.4,2.8,8.82
"		108",서울,2022-07-25,9.6,67.1,25.49
"		108",서울,2022-07-26,9,62.9,22.31
"		108",서울,2022-07-27,6,42.3,19.72
"		108",서울,2022-07-28,9.9,69.7,25.2
"		108",서울,2022-07-29,7.6,53.5,20.28
"		108",서울,2022-07-30,9.4,66.2,23.53
"		108",서울,2022-07-31,0,0,4.93
"		108",서울,2022-08-01,3.2,22.7,15.09
"		108",서울,2022-08-02,0,0,4.37
"		108",서울,2022-08-03,1.3,9.3,8.74
"		108",서울,2022-08-04,8.7,62.1,22.24
"		108",서울,2022-08-05,6.3,45,19.58
"		108",서울,2022-08-06,0.4,2.9,7.48
"		108",서울,2022-08-07,0.6,4.3,9.26
"		108",서울,2022-08-08,,0,
"		108",서울,2022-08-09,0,0,2.42
"		108",서울,2022-08-10,3.1,22.5,16.23
"		108",서울,2022-08-11,0.8,5.8,8.81
"		108",서울,2022-08-12,10.6,77.4,24.86
"		108",서울,2022-08-13,0.8,5.8,5.06
"		108",서울,2022-08-14,2.2,16.1,13.95
"		108",서울,2022-08-15,0,0,6.28
"		108",서울,2022-08-16,9.2,67.6,23.34
"		108",서울,2022-08-17,6,44.1,17.1
"		108",서울,2022-08-18,2.6,19.3,12.57
"		108",서울,2022-08-19,0,0,5.56
"		108",서울,2022-08-20,9.6,71.1,23.65
"		108",서울,2022-08-21,5.5,41,16.37
"		108",서울,2022-08-22,1.5,11.2,11.71
"		108",서울,2022-08-23,7.1,53,20.42
"		108",서울,2022-08-24,2,15,12.34
"		108",서울,2022-08-25,0,0,4.5
"		108",서울,2022-08-26,7.8,59.1,19.91
"		108",서울,2022-08-27,12.4,93.9,27.09
"		108",서울,2022-08-28,12.1,91.7,24.53
"		108",서울,2022-08-29,0,0,5.97
"		108",서울,2022-08-30,0,0,3.06
"		108",서울,2022-08-31,2.5,19.2,10.32
"		108",서울,2022-09-01,12.1,93.1,25.02
"		108",서울,2022-09-02,11.6,89.2,24.51
"		108",서울,2022-09-03,4.5,34.9,16.39
"		108",서울,2022-09-04,0,0,3.54
"		108",서울,2022-09-05,0,0,1.61
"		108",서울,2022-09-06,8.4,65.6,20.76
"		108",서울,2022-09-07,11.9,93,24.4
"		108",서울,2022-09-08,11.8,92.9,23.96
"		108",서울,2022-09-09,11.1,87.4,23.91
"		108",서울,2022-09-10,6.5,51.6,18.76
"		108",서울,2022-09-11,1.8,14.3,10.27
"		108",서울,2022-09-12,3.5,27.8,13.15
"		108",서울,2022-09-13,0.1,0.8,7.38
"		108",서울,2022-09-14,1.1,8.8,10.09
"		108",서울,2022-09-15,3.4,27.2,12.29
"		108",서울,2022-09-16,1.8,14.5,10.4
"		108",서울,2022-09-17,3.8,30.6,11.31
"		108",서울,2022-09-18,5.7,46.3,15.9
"		108",서울,2022-09-19,6.9,56.1,18.62
"		108",서울,2022-09-20,9.7,78.9,18.93
"		108",서울,2022-09-21,11,90.2,22.18
"		108",서울,2022-09-22,7.4,60.7,17.9
"		108",서울,2022-09-23,7.9,65.3,16.53
"		108",서울,2022-09-24,10.7,88.4,21.67
"		108",서울,2022-09-25,7.8,64.5,17.94
"		108",서울,2022-09-26,8.7,72.5,18.48
"		108",서울,2022-09-27,11.2,93.3,21.17
"		108",서울,2022-09-28,5,42,12.51
"		108",서울,2022-09-29,7.9,66.4,17.37
"		108",서울,2022-09-30,10.6,89.1,19.27
"		108",서울,2022-10-01,7.9,66.9,17.31
"		108",서울,2022-10-02,0,0,3.8
"		108",서울,2022-10-03,0,0,1.06
"		108",서울,2022-10-04,0.4,3.4,6.5
"		108",서울,2022-10-05,4.9,41.9,15.62
"		108",서울,2022-10-06,1.6,13.8,7.74
"		108",서울,2022-10-07,7.6,65.5,15.08
"		108",서울,2022-10-08,9.5,81.9,18.48
"		108",서울,2022-10-09,0,0,2.4
"		108",서울,2022-10-10,2.3,20,9.31
"		108",서울,2022-10-11,10.3,90.4,18.72
"		108",서울,2022-10-12,10.6,93,18.13
"		108",서울,2022-10-13,10.4,92,17.98
"		108",서울,2022-10-14,4.9,43.4,13.52
"		108",서울,2022-10-15,8.2,72.6,16.21
"		108",서울,2022-10-16,0.6,5.4,6.15
"		108",서울,2022-10-17,10.1,90.2,18.79
"		108",서울,2022-10-18,10.2,91.1,18.27
"		108",서울,2022-10-19,10.2,91.9,17.78
"		108",서울,2022-10-20,10.1,91,17.2
"		108",서울,2022-10-21,8.8,80,15.16
"		108",서울,2022-10-22,9.3,84.5,14.93
"		108",서울,2022-10-23,7.7,70,14.04
"		108",서울,2022-10-24,9.9,90.8,16.88
"		108",서울,2022-10-25,9.9,90.8,16.37
"		108",서울,2022-10-26,7.3,67.6,12.66
"		108",서울,2022-10-27,9.2,85.2,14.31
"		108",서울,2022-10-28,8.3,76.9,14.35
"		108",서울,2022-10-29,9.3,86.9,14.64
"		108",서울,2022-10-30,8.9,83.2,13.64
"		108",서울,2022-10-31,7.6,71,13.19
"		108",서울,2023-05-01,11.4,83.2,26.8
"		108",서울,2023-05-02,8.2,59.4,21.58
"		108",서울,2023-05-03,10.4,75.4,26.2
"		108",서울,2023-05-04,2.5,18.1,16.89
"		108",서울,2023-05-05,0,0,1.74
"		108",서울,2023-05-06,0,0,5.42
"		108",서울,2023-05-07,2.2,15.8,12.18
"		108",서울,2023-05-08,12.7,90.7,28.55
"		108",서울,2023-05-09,12.8,91.4,28.29
"		108",서울,2023-05-10,12.7,90.7,25.58
"		108",서울,2023-05-11,12.9,91.5,27.64
"		108",서울,2023-05-12,6.7,47.5,19.9
"		108",서울,2023-05-13,8.8,62.4,23.86
"		108",서울,2023-05-14,9.6,67.6,25.41
"		108",서울,2023-05-15,11.6,81.7,26.49
"		108",서울,2023-05-16,12.1,85.2,27.62
"		108",서울,2023-05-17,11.4,80.3,27.59
"		108",서울,2023-05-18,1.4,9.8,13.7
"		108",서울,2023-05-19,9.4,65.7,25.57
"		108",서울,2023-05-20,9.7,67.8,25.72
"		108",서울,2023-05-21,5.8,40.6,20.72
"		108",서울,2023-05-22,7.9,54.9,23.93
"		108",서울,2023-05-23,13.2,91.7,29.85
"		108",서울,2023-05-24,6.2,43.1,19.16
"		108",서울,2023-05-25,10.4,72.2,27.9
"		108",서울,2023-05-26,10.7,73.8,26.25
"		108",서울,2023-05-27,0,0,3.13
"		108",서울,2023-05-28,0,0,2.46
"		108",서울,2023-05-29,4.1,28.3,15.87
"		108",서울,2023-05-30,3.7,25.5,18.2
"		108",서울,2023-05-31,7.1,48.6,23.98
"		108",서울,2023-06-01,2.2,15.1,15.18
"		108",서울,2023-06-02,5.2,35.6,14.24
"		108",서울,2023-06-03,13.3,91.1,31.19
"		108",서울,2023-06-04,11.1,76,28.74
"		108",서울,2023-06-05,10.9,74.7,26.6
"		108",서울,2023-06-06,7.9,53.7,21.98
"		108",서울,2023-06-07,1,6.8,10.07
"		108",서울,2023-06-08,0.9,6.1,10.19
"		108",서울,2023-06-09,11.8,80.3,28.15
"		108",서울,2023-06-10,5.6,38.1,18.18
"		108",서울,2023-06-11,6.4,43.5,21.1
"		108",서울,2023-06-12,6.7,45.6,19.9
"		108",서울,2023-06-13,9.9,67.3,25.43
"		108",서울,2023-06-14,4.2,28.4,13.12
"		108",서울,2023-06-15,8.8,59.5,25.05
"		108",서울,2023-06-16,12.5,84.5,29.89
"		108",서울,2023-06-17,10.8,73,27.4
"		108",서울,2023-06-18,12.3,83.1,28.79
"		108",서울,2023-06-19,11,74.3,25.29
"		108",서울,2023-06-20,0,0,5.89
"		108",서울,2023-06-21,0,0,4.79
"		108",서울,2023-06-22,6.9,46.6,21.48
"		108",서울,2023-06-23,5.3,35.8,18.74
"		108",서울,2023-06-24,9.7,65.5,21.93
"		108",서울,2023-06-25,8.7,58.8,23.62
"		108",서울,2023-06-26,0,0,3.39
"		108",서울,2023-06-27,6.8,45.9,20.95
"		108",서울,2023-06-28,3.8,25.7,18.56
"		108",서울,2023-06-29,0,0,2.31
"		108",서울,2023-06-30,1.4,9.5,10.02
"		108",서울,2023-07-01,12.4,84.4,29.21
"		108",서울,2023-07-02,4.3,29.3,19.16
"		108",서울,2023-07-03,8.8,59.9,25.34
"		108",서울,2023-07-04,0,0,6.08
"		108",서울,2023-07-05,4.5,30.6,19.96
"		108",서울,2023-07-06,8.8,59.9,25.47
"		108",서울,2023-07-07,8.7,59.2,23.96
"		108",서울,2023-07-08,1.6,11,13.93
"		108",서울,2023-07-09,1.1,7.5,8.07
"		108",서울,2023-07-10,5.9,40.4,18.41
"		108",서울,2023-07-11,0,0,2.21
"		108",서울,2023-07-12,1.2,8.2,12.34
"		108",서울,2023-07-13,0,0,2.63
"		108",서울,2023-07-14,0,0,1.52
"		108",서울,2023-07-15,0,0,3.16
"		108",서울,2023-07-16,0,0,5.31
"		108",서울,2023-07-17,0.4,2.8,10.78
"		108",서울,2023-07-18,2,13.8,7.94
"		108",서울,2023-07-19,11.5,79.9,26.41
"		108",서울,2023-07-20,9.9,68.8,24.17
"		108",서울,2023-07-21,10.2,70.8,23.64
"		108",서울,2023-07-22,6.4,44.4,17.66
"		108",서울,2023-07-23,0,0,2.37
"		108",서울,2023-07-24,3.2,22.4,14.08
"		108",서울,2023-07-25,3.5,24.5,16.84
"		108",서울,2023-07-26,3,21,15.79
"		108",서울,2023-07-27,6.8,47.6,18.25
"		108",서울,2023-07-28,9.5,66.9,23.36
"		108",서울,2023-07-29,6.8,47.9,18.5
"		108",서울,2023-07-30,9.1,64.1,21.99
"		108",서울,2023-07-31,6.5,46.1,20.26
"		108",서울,2023-08-01,10.3,73,21.25
"		108",서울,2023-08-02,11.2,79.4,24.81
"		108",서울,2023-08-03,11,78.6,25.4
"		108",서울,2023-08-04,9.6,68.6,23.13
"		108",서울,2023-08-05,12.7,90.7,27.31
"		108",서울,2023-08-06,3.8,27.3,12.95
"		108",서울,2023-08-07,5.8,41.7,15.83
"		108",서울,2023-08-08,11,79.1,23.96
"		108",서울,2023-08-09,3.3,23.7,13.66
"		108",서울,2023-08-10,0,0,2.42
"		108",서울,2023-08-11,0,0,3.94
"		108",서울,2023-08-12,0.1,0.7,4.19
"		108",서울,2023-08-13,2.7,19.7,17.49
"		108",서울,2023-08-14,3.9,28.5,13.71
"		108",서울,2023-08-15,7.7,56.2,21.84
"		108",서울,2023-08-16,3.7,27.2,15.46
"		108",서울,2023-08-17,6.2,45.6,18.24
"		108",서울,2023-08-18,7.3,54.1,19.56
"		108",서울,2023-08-19,9.1,67.4,21.24
"		108",서울,2023-08-20,3.6,26.7,15.87
"		108",서울,2023-08-21,6.4,47.8,19.04
"		108",서울,2023-08-22,1.3,9.7,10.5
"		108",서울,2023-08-23,0.1,0.7,3.33
"		108",서울,2023-08-24,1.5,11.3,12.56
"		108",서울,2023-08-25,8.3,62.4,20.42
"		108",서울,2023-08-26,7.3,55.3,19.84
"		108",서울,2023-08-27,1.2,9.1,12
"		108",서울,2023-08-28,0,0,3.99
"		108",서울,2023-08-29,0,0,2.87
"		108",서울,2023-08-30,0,0,4.42
"		108",서울,2023-08-31,7,53.4,18.53
"		108",서울,2023-09-01,12.1,93.1,24.59
"		108",서울,2023-09-02,11.3,86.9,23.72
"		108",서울,2023-09-03,1.9,14.7,12.19
"		108",서울,2023-09-04,0.7,5.4,10.24
"		108",서울,2023-09-05,7,54.3,19.14
"		108",서울,2023-09-06,11.3,88.3,22.64
"		108",서울,2023-09-07,12.1,94.5,24.56
"		108",서울,2023-09-08,12,94.5,24.13
"		108",서울,2023-09-09,10.9,85.8,22.64
"		108",서울,2023-09-10,5.7,44.9,14.57
"		108",서울,2023-09-11,5.1,40.5,14.79
"		108",서울,2023-09-12,3.5,27.8,12.52
"		108",서울,2023-09-13,0,0,3.35
"		108",서울,2023-09-14,4.2,33.6,13.7
"		108",서울,2023-09-15,0.1,0.8,5.35
"		108",서울,2023-09-16,0.1,0.8,6.3
"		108",서울,2023-09-17,3.3,26.6,12.49
"		108",서울,2023-09-18,4.9,39.5,13.83
"		108",서울,2023-09-19,1.3,10.6,8.98
"		108",서울,2023-09-20,0,0,2.53
"		108",서울,2023-09-21,2.4,19.7,13.28
"		108",서울,2023-09-22,10.4,85.2,20.37
"		108",서울,2023-09-23,10.9,89.3,19.69
"		108",서울,2023-09-24,9,74.4,19.16
"		108",서울,2023-09-25,1.3,10.7,11.15
"		108",서울,2023-09-26,0,0,2.33
"		108",서울,2023-09-27,0.1,0.8,6.65
"		108",서울,2023-09-28,8.4,70,17.06
"		108",서울,2023-09-29,5.5,46.2,16.39
"		108",서울,2023-09-30,1.6,13.4,7.45
"		108",서울,2023-10-01,10.4,88.1,20.05
"		108",서울,2023-10-02,10.3,87.3,19.93
"		108",서울,2023-10-03,3,25.6,9.4
"		108",서울,2023-10-04,5.3,45.3,12.11
"		108",서울,2023-10-05,10.6,90.6,19.99
"		108",서울,2023-10-06,8.8,75.9,17.92
"		108",서울,2023-10-07,5.2,44.8,13.16
"		108",서울,2023-10-08,0,0,5.92
"		108",서울,2023-10-09,4.2,36.5,11.77
"		108",서울,2023-10-10,10.6,92.2,18.62
"		108",서울,2023-10-11,10,87.7,17.49
"		108",서울,2023-10-12,7.3,64,14.4
"		108",서울,2023-10-13,2.5,21.9,9.14
"		108",서울,2023-10-14,2.5,22.1,6.54
"		108",서울,2023-10-15,6.1,54,13.73
"		108",서울,2023-10-16,10.4,92.9,18
"		108",서울,2023-10-17,10.4,92.9,17.85
"		108",서울,2023-10-18,8.3,74.1,14.37
"		108",서울,2023-10-19,0,0,2.88
"		108",서울,2023-10-20,10.1,91,17.9
"		108",서울,2023-10-21,8.6,77.5,16.7
"		108",서울,2023-10-22,8.6,78.2,14.58
"		108",서울,2023-10-23,6.5,59.1,12.64
"		108",서울,2023-10-24,3.7,33.9,9.34
"		108",서울,2023-10-25,6,55,11.4
"		108",서울,2023-10-26,0.8,7.3,5.79
"		108",서울,2023-10-27,4.6,42.6,10.07
"		108",서울,2023-10-28,9.7,89.8,15.3
"		108",서울,2023-10-29,9.7,89.8,15.3
"		108",서울,2023-10-30,9.3,86.9,13.71
"		108",서울,2023-10-31,5.2,48.6,10.57
"		108",서울,2024-05-01,9.8,71,26.05
"		108",서울,2024-05-02,12.8,92.8,28.72
"		108",서울,2024-05-03,12.8,92.8,28.28
"		108",서울,2024-05-04,12.5,89.9,26.61
"		108",서울,2024-05-05,0,0,2.17
"		108",서울,2024-05-06,0,0,2.71
"		108",서울,2024-05-07,0,0,4.75
"		108",서울,2024-05-08,11,78.6,27.21
"		108",서울,2024-05-09,12.8,91.4,27.17
"		108",서울,2024-05-10,12.5,88.7,28.02
"		108",서울,2024-05-11,0.1,0.7,5.72
"		108",서울,2024-05-12,11.4,80.9,28.91
"		108",서울,2024-05-13,13.1,92.9,30.09
"		108",서울,2024-05-14,13,91.5,30.02
"		108",서울,2024-05-15,3.1,21.8,8.35
"		108",서울,2024-05-16,13.1,92.3,31.35
"		108",서울,2024-05-17,10.8,75.5,24.4
"		108",서울,2024-05-18,11.3,79,26.88
"		108",서울,2024-05-19,12.6,88.1,28.99
"		108",서울,2024-05-20,0.5,3.5,11.45
"		108",서울,2024-05-21,9.4,65.3,26.37
"		108",서울,2024-05-22,10,69.4,27.4
"		108",서울,2024-05-23,12.7,88.2,30.1
"		108",서울,2024-05-24,4.7,32.6,20.51
"		108",서울,2024-05-25,2.3,15.9,17.34
"		108",서울,2024-05-26,3.1,21.4,10.2
"		108",서울,2024-05-27,9.9,68.3,26.89
"		108",서울,2024-05-28,11.1,76.6,27.55
"		108",서울,2024-05-29,13.2,91,29.38
"		108",서울,2024-05-30,0.6,4.1,12.97
"		108",서울,2024-05-31,11.8,80.8,30.31
"		108",서울,2024-06-01,9.4,64.4,27.02
"		108",서울,2024-06-02,12.4,84.9,28.7
"		108",서울,2024-06-03,11.2,76.7,29.95
"		108",서울,2024-06-04,13.5,92.5,31.17
"		108",서울,2024-06-05,10.4,70.7,25.14
"		108",서울,2024-06-06,9.3,63.3,24.47
"		108",서울,2024-06-07,7.1,48.3,20.41
"		108",서울,2024-06-08,2.5,17,9.7
"		108",서울,2024-06-09,12.3,83.7,28.38
"		108",서울,2024-06-10,11.9,81,26.57
"		108",서울,2024-06-11,10.2,69.4,27.17
"		108",서울,2024-06-12,11.3,76.9,27.73
"		108",서울,2024-06-13,13.3,90.5,29.8
"		108",서울,2024-06-14,9.1,61.5,24.24
"		108",서울,2024-06-15,3.4,23,15.71
"		108",서울,2024-06-16,13.2,89.2,30.02
"		108",서울,2024-06-17,13.1,88.5,28.17
"		108",서울,2024-06-18,13.4,90.5,29.22
"		108",서울,2024-06-19,13,87.8,28.25
"		108",서울,2024-06-20,12.1,81.8,25.99
"		108",서울,2024-06-21,10.3,69.6,24.75
"		108",서울,2024-06-22,0,0,3.59
"		108",서울,2024-06-23,3.8,25.7,18.84
"		108",서울,2024-06-24,7,47.3,19.62
"		108",서울,2024-06-25,10.7,72.3,25.24
"		108",서울,2024-06-26,12.3,83.1,27.64
"		108",서울,2024-06-27,9.3,62.8,23.84
"		108",서울,2024-06-28,13.2,89.2,28.84
"		108",서울,2024-06-29,6.9,46.9,20.46
"		108",서울,2024-06-30,0,0,3.89
"		108",서울,2024-07-01,8.3,56.5,24.69
"		108",서울,2024-07-02,0,0,1.93
"		108",서울,2024-07-03,0.6,4.1,8.91
"		108",서울,2024-07-04,3.4,23.1,18.81
"		108",서울,2024-07-05,1.4,9.5,11.25
"		108",서울,2024-07-06,0.1,0.7,6.84
"		108",서울,2024-07-07,0.6,4.1,11.09
"		108",서울,2024-07-08,0,0,3.36
"		108",서울,2024-07-09,0.1,0.7,7.77
"		108",서울,2024-07-10,7.1,48.6,20.04
"		108",서울,2024-07-11,5.9,40.4,21.74
"		108",서울,2024-07-12,3.7,25.3,13.33
"		108",서울,2024-07-13,9.9,68.3,23.54
"		108",서울,2024-07-14,7.6,52.4,22.34
"		108",서울,2024-07-15,6.3,43.4,18.13
"		108",서울,2024-07-16,4.2,29,12.32
"		108",서울,2024-07-17,0.1,0.7,3.48
"		108",서울,2024-07-18,0,0,2.47
"		108",서울,2024-07-19,6.4,44.4,21.69
"		108",서울,2024-07-20,1.9,13.2,13.42
"		108",서울,2024-07-21,1.5,10.4,11.48
"		108",서울,2024-07-22,0,0,4.09
"		108",서울,2024-07-23,0,0,4.92
"		108",서울,2024-07-24,3,21,15.31
"		108",서울,2024-07-25,2.4,16.8,14.15
"		108",서울,2024-07-26,6.7,46.9,18.29
"		108",서울,2024-07-27,1.7,12,12.73
"		108",서울,2024-07-28,5.1,35.9,18.33
"		108",서울,2024-07-29,0,0,2.61
"		108",서울,2024-07-30,3.6,25.5,15.95
"		108",서울,2024-07-31,4.7,33.3,17.42
"		108",서울,2024-08-01,3.6,25.5,14.95
"		108",서울,2024-08-02,2.4,17.1,10.36
"		108",서울,2024-08-03,7.8,55.7,21.64
"		108",서울,2024-08-04,10.9,77.9,24.4
"		108",서울,2024-08-05,3.4,24.5,12.92
"		108",서울,2024-08-06,6.2,44.6,18.84
"		108",서울,2024-08-07,7.6,54.7,20.7
"		108",서울,2024-08-08,2.4,17.3,10.94
"		108",서울,2024-08-09,6,43.5,15.55
"		108",서울,2024-08-10,4.3,31.2,15.76
"		108",서울,2024-08-11,4.4,31.9,17.14
"		108",서울,2024-08-12,4.1,29.9,13.51
"		108",서울,2024-08-13,7.5,54.7,20.81
"		108",서울,2024-08-14,4.7,34.3,12.59
"		108",서울,2024-08-15,4.1,30.1,15.98
"		108",서울,2024-08-16,6.7,49.3,17.24
"		108",서울,2024-08-17,5.3,39.3,14.73
"		108",서울,2024-08-18,6.4,47.4,17.64
"		108",서울,2024-08-19,7.1,52.6,20.08
"		108",서울,2024-08-20,7.7,57.5,19.09
"		108",서울,2024-08-21,0,0,4.68
"		108",서울,2024-08-22,1.8,13.4,7.27
"		108",서울,2024-08-23,5.6,42.1,17.48
"		108",서울,2024-08-24,2.4,18,12.04
"		108",서울,2024-08-25,5.1,38.6,15.82
"		108",서울,2024-08-26,0.3,2.3,8.21
"		108",서울,2024-08-27,3.7,28,10.04
"		108",서울,2024-08-28,11.5,87.8,23.98
"		108",서울,2024-08-29,12,91.6,24.86
"		108",서울,2024-08-30,12,91.6,24.53
"		108",서울,2024-08-31,12,92.3,24.15
"		108",서울,2024-09-01,6.9,53.1,20.05
"		108",서울,2024-09-02,0.1,0.8,5.82
"		108",서울,2024-09-03,7.4,57.4,20.85
"		108",서울,2024-09-04,10.6,82.2,22.99
"		108",서울,2024-09-05,0.9,7,6.91
"		108",서울,2024-09-06,0,0,4.41
"		108",서울,2024-09-07,7.6,59.4,18.81
"		108",서울,2024-09-08,9.1,71.7,20.01
"		108",서울,2024-09-09,6,47.2,16.38
"		108",서울,2024-09-10,9,71.4,17.2
"		108",서울,2024-09-11,5.2,41.3,12.49
"		108",서울,2024-09-12,0,0,3.78
"		108",서울,2024-09-13,0,0,4.86
"		108",서울,2024-09-14,5.1,40.8,14.61
"		108",서울,2024-09-15,8.2,66.1,18.89
"		108",서울,2024-09-16,6.2,50,17.09
"		108",서울,2024-09-17,3.5,28.2,14.62
"		108",서울,2024-09-18,6.5,52.8,17.53
"		108",서울,2024-09-19,1.4,11.4,11.47
"		108",서울,2024-09-20,0.1,0.8,3.58
"		108",서울,2024-09-21,0,0,6.31
"		108",서울,2024-09-22,7.2,59,19.34
"		108",서울,2024-09-23,11.4,94.2,22.31
"		108",서울,2024-09-24,11.1,91.7,22.03
"		108",서울,2024-09-25,6.1,50.8,13.51
"		108",서울,2024-09-26,5.9,49.2,14.01
"		108",서울,2024-09-27,7.9,65.8,16.45
"		108",서울,2024-09-28,8.2,68.9,18.07
"		108",서울,2024-09-29,7.3,61.3,18.06
"		108",서울,2024-09-30,8,67.8,16.77
"		108",서울,2024-10-01,2.2,18.6,7.73
"		108",서울,2024-10-02,9.5,80.5,20.66
"		108",서울,2024-10-03,7.3,62.4,15.9
"		108",서울,2024-10-04,10.9,93.2,20.32
"		108",서울,2024-10-05,9.7,83.6,17.31
"		108",서울,2024-10-06,0,0,3.65
"		108",서울,2024-10-07,1.8,15.5,9.33
"		108",서울,2024-10-08,6.8,59.1,14.54
"		108",서울,2024-10-09,8.1,70.4,16.61
"		108",서울,2024-10-10,6.3,55.3,13.91
"		108",서울,2024-10-11,9.5,83.3,16.05
"		108",서울,2024-10-12,10.4,91.2,18.19
"		108",서울,2024-10-13,4.7,41.6,11.43
"		108",서울,2024-10-14,0,0,4.71
"		108",서울,2024-10-15,0,0,4.59
"		108",서울,2024-10-16,6.8,60.7,13.84
"		108",서울,2024-10-17,7.5,67,14.7
"		108",서울,2024-10-18,0,0,1.54
"		108",서울,2024-10-19,2.1,18.9,8.19
"		108",서울,2024-10-20,10,90.1,17.47
"		108",서울,2024-10-21,1.1,10,8.92
"		108",서울,2024-10-22,0,0,1.27
"		108",서울,2024-10-23,2.9,26.6,9.76
"		108",서울,2024-10-24,9.9,90.8,16.03
"		108",서울,2024-10-25,7.9,72.5,14.88
"		108",서울,2024-10-26,9.7,89.8,16.04
"		108",서울,2024-10-27,0.2,1.9,5.27
"		108",서울,2024-10-28,1.9,17.6,8.92
"		108",서울,2024-10-29,0.2,1.9,6.22
"		108",서울,2024-10-30,9.6,89.7,14.75
"		108",서울,2024-10-31,9.4,87.9,14.38
"		108",서울,2025-05-01,0,0,2.15
"		108",서울,2025-05-02,9.1,65.9,24.67
"		108",서울,2025-05-03,1.2,8.7,7.6
"		108",서울,2025-05-04,12.8,92.1,28.63
"		108",서울,2025-05-05,0.3,2.2,7.03
"		108",서울,2025-05-06,8.5,61.2,20
"		108",서울,2025-05-07,12.3,88.5,27.9
"		108",서울,2025-05-08,11.2,80,26.79
"		108",서울,2025-05-09,0,0,4.38
"		108",서울,2025-05-10,0,0,2.15
"		108",서울,2025-05-11,4.7,33.3,16.46
"		108",서울,2025-05-12,12.7,90.1,28.93
"		108",서울,2025-05-13,9,63.8,24.02
"		108",서울,2025-05-14,11.7,82.4,26.31
"		108",서울,2025-05-15,0.8,5.6,9.9
"		108",서울,2025-05-16,0,0,3.75
"		108",서울,2025-05-17,6,42,17.36
"		108",서울,2025-05-18,10.5,73.4,27.51
"		108",서울,2025-05-19,0.9,6.3,11.93
"		108",서울,2025-05-20,3,21,12.96
"		108",서울,2025-05-21,7,48.6,22.19
"		108",서울,2025-05-22,6.1,42.4,22.94
"		108",서울,2025-05-23,0,0,9.19
"		108",서울,2025-05-24,0.3,2.1,10.54
"		108",서울,2025-05-25,13.1,90.3,30.47
"		108",서울,2025-05-26,12.3,84.8,26.71
"		108",서울,2025-05-27,12.3,84.8,27.07
"		108",서울,2025-05-28,8.4,57.9,22.39
"		108",서울,2025-05-29,11.7,80.7,26.56
"		108",서울,2025-05-30,12.1,82.9,25.72
"		108",서울,2025-05-31,7.3,50,21.39
"		108",서울,2025-06-01,10.9,74.7,27.08
"		108",서울,2025-06-02,0,0,6.3
"		108",서울,2025-06-03,11.9,81.5,27.24
"		108",서울,2025-06-04,12.1,82.9,29.45
"		108",서울,2025-06-05,12.5,85,28.99
"		108",서울,2025-06-06,12,81.6,29.48
"		108",서울,2025-06-07,4.6,31.3,17.51
"		108",서울,2025-06-08,7.4,50.3,21.59
"		108",서울,2025-06-09,9.6,65.3,25.91
"		108",서울,2025-06-10,4.1,27.9,14.46
"		108",서울,2025-06-11,13.5,91.8,31.05
"		108",서울,2025-06-12,12.4,84.4,30.36
"		108",서울,2025-06-13,3.8,25.9,15.62
"		108",서울,2025-06-14,5.9,39.9,21.02
"		108",서울,2025-06-15,7.8,52.7,22.08
"		108",서울,2025-06-16,0.1,0.7,5.19
"		108",서울,2025-06-17,8.6,58.1,22.97
"		108",서울,2025-06-18,10.3,69.6,26.88
"		108",서울,2025-06-19,8.8,59.5,23.77
"		108",서울,2025-06-20,0,0,2.92
"		108",서울,2025-06-21,0,0,7
"		108",서울,2025-06-22,13.4,90.5,30.56
"		108",서울,2025-06-23,12.8,86.5,27.7
"		108",서울,2025-06-24,0.2,1.4,10.18
"		108",서울,2025-06-25,0,0,5.11
"		108",서울,2025-06-26,0.1,0.7,7.23
"		108",서울,2025-06-27,3.1,20.9,12.92
"		108",서울,2025-06-28,0,0,7.13
"		108",서울,2025-06-29,2.5,17,12.41
"		108",서울,2025-06-30,2.8,19,15.61
"		108",서울,2025-07-01,3.8,25.9,17.38
"		108",서울,2025-07-02,2.3,15.6,14.4
"		108",서울,2025-07-03,2.7,18.4,13.6
"		108",서울,2025-07-04,0.8,5.4,7.72
"		108",서울,2025-07-05,3,20.4,14.77
"		108",서울,2025-07-06,1.7,11.6,14.7
"		108",서울,2025-07-07,2.5,17.1,11.21
"		108",서울,2025-07-08,8.4,57.5,22.64
"		108",서울,2025-07-09,8,54.8,23.55
"		108",서울,2025-07-10,13.3,91.1,29.95
"		108",서울,2025-07-11,13.5,92.5,30.35
"		108",서울,2025-07-12,13.2,90.4,30.02
"		108",서울,2025-07-13,1.7,11.6,10.39
"		108",서울,2025-07-14,0.5,3.4,7.19
"		108",서울,2025-07-15,0.6,4.1,10.03
"		108",서울,2025-07-16,0,0,2.34
"		108",서울,2025-07-17,0,0,4.77
"		108",서울,2025-07-18,0.3,2.1,7.44
"		108",서울,2025-07-19,0,0,3.79
"		108",서울,2025-07-20,5.7,39.6,16.69
"		108",서울,2025-07-21,5.8,40.3,18.81
"		108",서울,2025-07-22,6.6,45.8,20.43
"		108",서울,2025-07-23,7.9,55.2,22.14
"		108",서울,2025-07-24,9.2,64.3,24.91
"		108",서울,2025-07-25,12.4,86.7,26.48
"		108",서울,2025-07-26,11,76.9,24.32
"		108",서울,2025-07-27,12.5,88,28.42
"		108",서울,2025-07-28,11.9,83.8,27
"		108",서울,2025-07-29,8.9,62.7,20.41
"		108",서울,2025-07-30,5.6,39.4,19.51
"		108",서울,2025-07-31,1.1,7.8,13.17
"		108",서울,2025-08-01,4.5,31.9,16.09
"		108",서울,2025-08-02,8.7,61.7,20.88
"		108",서울,2025-08-03,0.2,1.4,8.08
"		108",서울,2025-08-04,3.9,27.9,16.35
"		108",서울,2025-08-05,8.5,60.7,23.11
"		108",서울,2025-08-06,1.1,7.9,5.57
"		108",서울,2025-08-07,10.2,73.4,27.18
"		108",서울,2025-08-08,1.7,12.2,8.76
"		108",서울,2025-08-09,0.3,2.2,5.37
"		108",서울,2025-08-10,12.3,89.1,27.22
"		108",서울,2025-08-11,0.3,2.2,9.84
"		108",서울,2025-08-12,12,87.6,26.6
"		108",서울,2025-08-13,0,0,1.92
"		108",서울,2025-08-14,0,0,6.29
"		108",서울,2025-08-15,4.9,36,14.89
"		108",서울,2025-08-16,6.9,50.7,19.22
"		108",서울,2025-08-17,1.8,13.3,16.43
"		108",서울,2025-08-18,5.4,40,19.92
"		108",서울,2025-08-19,6.2,45.9,19.48
"		108",서울,2025-08-20,5.2,38.5,18.14
"		108",서울,2025-08-21,7.5,56,21.66
"		108",서울,2025-08-22,9.5,70.9,22.41
"		108",서울,2025-08-23,3.6,27.1,11.71
"		108",서울,2025-08-24,6.3,47.4,18.39
"		108",서울,2025-08-25,2,15,10.8
"		108",서울,2025-08-26,5.6,42.4,15
"		108",서울,2025-08-27,2.6,19.7,9.76
"		108",서울,2025-08-28,3,22.9,14.35
"		108",서울,2025-08-29,4.3,32.8,17.8
"		108",서울,2025-08-30,5.8,44.3,16.69
"		108",서울,2025-08-31,5.9,45.4,15.74
"		108",서울,2025-09-01,0.6,4.6,7.47
"		108",서울,2025-09-02,9.1,70,20.32
"		108",서울,2025-09-03,9.5,73.6,21.38
"		108",서울,2025-09-04,3.1,24,13.76
"		108",서울,2025-09-05,7.9,61.7,20.45
"		108",서울,2025-09-06,1.2,9.4,8.94
"		108",서울,2025-09-07,1.7,13.3,12.58
"		108",서울,2025-09-08,3.9,30.7,16.17
"		108",서울,2025-09-09,1,7.9,9.73
"		108",서울,2025-09-10,11.9,94.4,24.56
"		108",서울,2025-09-11,11.8,93.7,24.11
"		108",서울,2025-09-12,0.3,2.4,7.7
"		108",서울,2025-09-13,,0,
"		108",서울,2025-09-14,5.7,45.6,16.74
"		108",서울,2025-09-15,9.4,75.8,18.66
"		108",서울,2025-09-16,0.7,5.6,5.11
"		108",서울,2025-09-17,0.4,3.2,3.54
"		108",서울,2025-09-18,6.1,49.6,17.27
"		108",서울,2025-09-19,0,0,4.73
"		108",서울,2025-09-20,1.2,9.8,8.41
"		108",서울,2025-09-21,10.2,83.6,22.01
"		108",서울,2025-09-22,4.3,35.2,14.98
"		108",서울,2025-09-23,5.2,43,16.89
"		108",서울,2025-09-24,0.1,0.8,2.84
"		108",서울,2025-09-25,5.5,45.5,13.81
"		108",서울,2025-09-26,8.1,67.5,18.53
"		108",서울,2025-09-27,8.3,69.2,16.5
"		108",서울,2025-09-28,0.9,7.6,5.86
"		108",서울,2025-09-29,4.9,41.2,11.97
"		108",서울,2025-09-30,1.2,10.2,8.56
"		108",서울,2025-10-01,4.7,39.8,12.23
"		108",서울,2025-10-02,5.7,48.3,13.94
"		108",서울,2025-10-03,0,0,5.64
"		108",서울,2025-10-04,0.6,5.1,7.29
"		108",서울,2025-10-05,0,0,2.85
"		108",서울,2025-10-06,0,0,2.17
"		108",서울,2025-10-07,0,0,4.81
"		108",서울,2025-10-08,10.7,93,18.97
"		108",서울,2025-10-09,0,0,6.18
"		108",서울,2025-10-10,0,0,1.42
"		108",서울,2025-10-11,0.1,0.9,4.31
"		108",서울,2025-10-12,0.2,1.8,6.03
"		108",서울,2025-10-13,0,0,1.83
"		108",서울,2025-10-14,0.6,5.3,10.48
"		108",서울,2025-10-15,6.3,55.8,14.07
"		108",서울,2025-10-16,6.8,60.7,13.85
"		108",서울,2025-10-17,6.4,57.1,13.45
"		108",서울,2025-10-18,0,0,4.81
"		108",서울,2025-10-19,5.1,45.9,11.43
"		108",서울,2025-10-20,4.9,44.1,13.24
"		108",서울,2025-10-21,5.8,52.7,11.48
"		108",서울,2025-10-22,6.2,56.4,12.99
"		108",서울,2025-10-23,4.3,39.1,9.49
"		108",서울,2025-10-24,7.3,67,14.57
"		108",서울,2025-10-25,3.9,35.8,8.78
"		108",서울,2025-10-26,0,0,4.55
"		108",서울,2025-10-27,9.2,85.2,16.01
"		108",서울,2025-10-28,9,83.3,15.43
"		108",서울,2025-10-29,7.6,71,13.27
"		108",서울,2025-10-30,6.7,62.6,11.38
"		108",서울,2025-10-31,2.5,23.4,10.42
"		",,,,,
"	",,,,,
