"		지점번호",지점명,일시,평균습도(%rh),최저습도(%rh)
"		108",서울,2016-05-01,40.5,16
"		108",서울,2016-05-02,64.5,33
"		108",서울,2016-05-03,86.1,72
"		108",서울,2016-05-04,46.6,28
"		108",서울,2016-05-05,50.8,17
"		108",서울,2016-05-06,89.3,69
"		108",서울,2016-05-07,60.3,29
"		108",서울,2016-05-08,44.8,23
"		108",서울,2016-05-09,43,22
"		108",서울,2016-05-10,82.4,54
"		108",서울,2016-05-11,60.9,35
"		108",서울,2016-05-12,62.4,36
"		108",서울,2016-05-13,57,29
"		108",서울,2016-05-14,47.1,21
"		108",서울,2016-05-15,73.9,38
"		108",서울,2016-05-16,57,24
"		108",서울,2016-05-17,48.8,21
"		108",서울,2016-05-18,40.3,16
"		108",서울,2016-05-19,36.4,14
"		108",서울,2016-05-20,32,10
"		108",서울,2016-05-21,23.8,12
"		108",서울,2016-05-22,35,17
"		108",서울,2016-05-23,43,25
"		108",서울,2016-05-24,82.6,46
"		108",서울,2016-05-25,67.9,46
"		108",서울,2016-05-26,72,52
"		108",서울,2016-05-27,61.3,28
"		108",서울,2016-05-28,56.1,36
"		108",서울,2016-05-29,56.1,34
"		108",서울,2016-05-30,57.3,26
"		108",서울,2016-05-31,63.6,39
"		108",서울,2016-06-01,45.8,23
"		108",서울,2016-06-02,38.3,25
"		108",서울,2016-06-03,48.1,29
"		108",서울,2016-06-04,51.8,35
"		108",서울,2016-06-05,47.3,21
"		108",서울,2016-06-06,49.1,31
"		108",서울,2016-06-07,69.5,50
"		108",서울,2016-06-08,65.9,43
"		108",서울,2016-06-09,59.5,31
"		108",서울,2016-06-10,60.9,36
"		108",서울,2016-06-11,74.3,54
"		108",서울,2016-06-12,79.4,60
"		108",서울,2016-06-13,70.5,45
"		108",서울,2016-06-14,62.5,44
"		108",서울,2016-06-15,81.8,58
"		108",서울,2016-06-16,73.5,51
"		108",서울,2016-06-17,63.1,42
"		108",서울,2016-06-18,58,39
"		108",서울,2016-06-19,64.5,46
"		108",서울,2016-06-20,66,40
"		108",서울,2016-06-21,60.1,36
"		108",서울,2016-06-22,75.1,48
"		108",서울,2016-06-23,71,51
"		108",서울,2016-06-24,75.8,56
"		108",서울,2016-06-25,63.1,43
"		108",서울,2016-06-26,58.4,27
"		108",서울,2016-06-27,55.5,30
"		108",서울,2016-06-28,61.1,34
"		108",서울,2016-06-29,58,40
"		108",서울,2016-06-30,78.1,65
"		108",서울,2016-07-01,86.5,69
"		108",서울,2016-07-02,81.4,56
"		108",서울,2016-07-03,70.4,50
"		108",서울,2016-07-04,85.1,66
"		108",서울,2016-07-05,93.6,88
"		108",서울,2016-07-06,74,55
"		108",서울,2016-07-07,71.6,53
"		108",서울,2016-07-08,66.5,40
"		108",서울,2016-07-09,64.8,38
"		108",서울,2016-07-10,64.4,44
"		108",서울,2016-07-11,67.4,39
"		108",서울,2016-07-12,65.5,46
"		108",서울,2016-07-13,69,50
"		108",서울,2016-07-14,66.9,40
"		108",서울,2016-07-15,60,45
"		108",서울,2016-07-16,92.8,81
"		108",서울,2016-07-17,82.9,73
"		108",서울,2016-07-18,75.1,56
"		108",서울,2016-07-19,65.5,37
"		108",서울,2016-07-20,62.5,46
"		108",서울,2016-07-21,61.3,48
"		108",서울,2016-07-22,64,46
"		108",서울,2016-07-23,70.4,54
"		108",서울,2016-07-24,77.9,66
"		108",서울,2016-07-25,75.3,59
"		108",서울,2016-07-26,69,53
"		108",서울,2016-07-27,76.4,69
"		108",서울,2016-07-28,70.6,47
"		108",서울,2016-07-29,82.3,69
"		108",서울,2016-07-30,73.5,46
"		108",서울,2016-07-31,72.1,47
"		108",서울,2016-08-01,72,50
"		108",서울,2016-08-02,72.5,48
"		108",서울,2016-08-03,65.4,44
"		108",서울,2016-08-04,59.6,35
"		108",서울,2016-08-05,60.1,40
"		108",서울,2016-08-06,64.8,49
"		108",서울,2016-08-07,56,38
"		108",서울,2016-08-08,63.1,44
"		108",서울,2016-08-09,68.3,49
"		108",서울,2016-08-10,66.3,39
"		108",서울,2016-08-11,64.1,37
"		108",서울,2016-08-12,68.3,43
"		108",서울,2016-08-13,67.9,38
"		108",서울,2016-08-14,74,58
"		108",서울,2016-08-15,65.5,37
"		108",서울,2016-08-16,64.9,34
"		108",서울,2016-08-17,60.4,34
"		108",서울,2016-08-18,61.9,41
"		108",서울,2016-08-19,69.5,49
"		108",서울,2016-08-20,59,33
"		108",서울,2016-08-21,57.5,31
"		108",서울,2016-08-22,58,37
"		108",서울,2016-08-23,68.8,48
"		108",서울,2016-08-24,59.1,43
"		108",서울,2016-08-25,70.4,43
"		108",서울,2016-08-26,57,33
"		108",서울,2016-08-27,43.3,27
"		108",서울,2016-08-28,62.5,45
"		108",서울,2016-08-29,54.5,34
"		108",서울,2016-08-30,60.4,43
"		108",서울,2016-08-31,85.3,68
"		108",서울,2016-09-01,71.3,43
"		108",서울,2016-09-02,68.5,48
"		108",서울,2016-09-03,73.8,51
"		108",서울,2016-09-04,71.3,52
"		108",서울,2016-09-05,66.1,44
"		108",서울,2016-09-06,69,43
"		108",서울,2016-09-07,69.8,47
"		108",서울,2016-09-08,76.4,58
"		108",서울,2016-09-09,71.1,41
"		108",서울,2016-09-10,65.4,44
"		108",서울,2016-09-11,66.3,48
"		108",서울,2016-09-12,68.9,49
"		108",서울,2016-09-13,62.5,39
"		108",서울,2016-09-14,66.1,46
"		108",서울,2016-09-15,68.1,37
"		108",서울,2016-09-16,64.9,40
"		108",서울,2016-09-17,64.8,43
"		108",서울,2016-09-18,53.4,40
"		108",서울,2016-09-19,53.3,36
"		108",서울,2016-09-20,41.1,26
"		108",서울,2016-09-21,43.4,28
"		108",서울,2016-09-22,46.3,30
"		108",서울,2016-09-23,57.9,34
"		108",서울,2016-09-24,60.6,35
"		108",서울,2016-09-25,57.6,27
"		108",서울,2016-09-26,59.1,40
"		108",서울,2016-09-27,82.5,64
"		108",서울,2016-09-28,84.6,74
"		108",서울,2016-09-29,64.4,48
"		108",서울,2016-09-30,66.9,54
"		108",서울,2016-10-01,69,47
"		108",서울,2016-10-02,84.1,73
"		108",서울,2016-10-03,73.3,41
"		108",서울,2016-10-04,58.9,33
"		108",서울,2016-10-05,61.9,42
"		108",서울,2016-10-06,59.3,40
"		108",서울,2016-10-07,67.8,47
"		108",서울,2016-10-08,66.4,33
"		108",서울,2016-10-09,46.3,32
"		108",서울,2016-10-10,43.3,22
"		108",서울,2016-10-11,62.4,35
"		108",서울,2016-10-12,57,27
"		108",서울,2016-10-13,44.1,24
"		108",서울,2016-10-14,61.8,39
"		108",서울,2016-10-15,60.6,28
"		108",서울,2016-10-16,74.1,55
"		108",서울,2016-10-17,76.1,53
"		108",서울,2016-10-18,70.9,41
"		108",서울,2016-10-19,67.6,35
"		108",서울,2016-10-20,61.3,36
"		108",서울,2016-10-21,58.6,45
"		108",서울,2016-10-22,59,45
"		108",서울,2016-10-23,66.3,53
"		108",서울,2016-10-24,54.8,37
"		108",서울,2016-10-25,84,57
"		108",서울,2016-10-26,81,64
"		108",서울,2016-10-27,65.4,44
"		108",서울,2016-10-28,61.8,40
"		108",서울,2016-10-29,40.3,31
"		108",서울,2016-10-30,31.9,13
"		108",서울,2016-10-31,59.9,42
"		108",서울,2017-05-01,50.8,17
"		108",서울,2017-05-02,42,26
"		108",서울,2017-05-03,34.1,16
"		108",서울,2017-05-04,43.6,25
"		108",서울,2017-05-05,53.4,35
"		108",서울,2017-05-06,32,16
"		108",서울,2017-05-07,42.6,16
"		108",서울,2017-05-08,43.6,34
"		108",서울,2017-05-09,62.6,36
"		108",서울,2017-05-10,73,54
"		108",서울,2017-05-11,65.3,48
"		108",서울,2017-05-12,71.6,63
"		108",서울,2017-05-13,77.8,52
"		108",서울,2017-05-14,58.3,32
"		108",서울,2017-05-15,61.4,45
"		108",서울,2017-05-16,60.5,38
"		108",서울,2017-05-17,51.5,29
"		108",서울,2017-05-18,41.9,28
"		108",서울,2017-05-19,42.6,23
"		108",서울,2017-05-20,44,28
"		108",서울,2017-05-21,48.1,19
"		108",서울,2017-05-22,53.6,30
"		108",서울,2017-05-23,68,46
"		108",서울,2017-05-24,60.4,31
"		108",서울,2017-05-25,45.6,14
"		108",서울,2017-05-26,41.5,25
"		108",서울,2017-05-27,46.1,24
"		108",서울,2017-05-28,50.6,25
"		108",서울,2017-05-29,61.8,39
"		108",서울,2017-05-30,43.5,7
"		108",서울,2017-05-31,49.1,22
"		108",서울,2017-06-01,51.8,24
"		108",서울,2017-06-02,37.4,20
"		108",서울,2017-06-03,44,24
"		108",서울,2017-06-04,36.9,19
"		108",서울,2017-06-05,33.3,18
"		108",서울,2017-06-06,60,36
"		108",서울,2017-06-07,91.4,78
"		108",서울,2017-06-08,67.3,38
"		108",서울,2017-06-09,69.8,50
"		108",서울,2017-06-10,46.8,14
"		108",서울,2017-06-11,33.8,17
"		108",서울,2017-06-12,45.5,25
"		108",서울,2017-06-13,63,44
"		108",서울,2017-06-14,63,38
"		108",서울,2017-06-15,62.4,30
"		108",서울,2017-06-16,55.8,31
"		108",서울,2017-06-17,52.3,30
"		108",서울,2017-06-18,52,25
"		108",서울,2017-06-19,50.9,27
"		108",서울,2017-06-20,43.4,26
"		108",서울,2017-06-21,52.6,30
"		108",서울,2017-06-22,57.3,36
"		108",서울,2017-06-23,53,25
"		108",서울,2017-06-24,60.4,40
"		108",서울,2017-06-25,75.4,48
"		108",서울,2017-06-26,76.9,43
"		108",서울,2017-06-27,67.5,44
"		108",서울,2017-06-28,63.5,44
"		108",서울,2017-06-29,64.8,40
"		108",서울,2017-06-30,65.9,40
"		108",서울,2017-07-01,73.6,45
"		108",서울,2017-07-02,90.5,81
"		108",서울,2017-07-03,87.6,69
"		108",서울,2017-07-04,74.5,51
"		108",서울,2017-07-05,66.9,43
"		108",서울,2017-07-06,72.3,39
"		108",서울,2017-07-07,80.8,70
"		108",서울,2017-07-08,83.3,76
"		108",서울,2017-07-09,88,66
"		108",서울,2017-07-10,96.5,88
"		108",서울,2017-07-11,81.4,54
"		108",서울,2017-07-12,75.9,54
"		108",서울,2017-07-13,71,51
"		108",서울,2017-07-14,68.4,49
"		108",서울,2017-07-15,89,75
"		108",서울,2017-07-16,83.4,64
"		108",서울,2017-07-17,77.3,65
"		108",서울,2017-07-18,80.6,60
"		108",서울,2017-07-19,71.4,47
"		108",서울,2017-07-20,66.1,46
"		108",서울,2017-07-21,73.1,61
"		108",서울,2017-07-22,75.8,59
"		108",서울,2017-07-23,89.5,80
"		108",서울,2017-07-24,82.3,71
"		108",서울,2017-07-25,64.1,38
"		108",서울,2017-07-26,55.6,43
"		108",서울,2017-07-27,62.5,45
"		108",서울,2017-07-28,92.1,86
"		108",서울,2017-07-29,72.3,60
"		108",서울,2017-07-30,64.4,42
"		108",서울,2017-07-31,82.3,72
"		108",서울,2017-08-01,73,51
"		108",서울,2017-08-02,71.9,55
"		108",서울,2017-08-03,60.6,37
"		108",서울,2017-08-04,60.1,38
"		108",서울,2017-08-05,63,52
"		108",서울,2017-08-06,71.9,54
"		108",서울,2017-08-07,68.1,37
"		108",서울,2017-08-08,67.1,43
"		108",서울,2017-08-09,66.4,42
"		108",서울,2017-08-10,89.9,83
"		108",서울,2017-08-11,72.5,45
"		108",서울,2017-08-12,60.3,43
"		108",서울,2017-08-13,62.1,53
"		108",서울,2017-08-14,67.5,60
"		108",서울,2017-08-15,93.8,68
"		108",서울,2017-08-16,80.5,67
"		108",서울,2017-08-17,77.1,65
"		108",서울,2017-08-18,75.6,54
"		108",서울,2017-08-19,75.8,64
"		108",서울,2017-08-20,95.6,79
"		108",서울,2017-08-21,81.5,65
"		108",서울,2017-08-22,70.6,49
"		108",서울,2017-08-23,84.1,73
"		108",서울,2017-08-24,85.3,79
"		108",서울,2017-08-25,61.9,19
"		108",서울,2017-08-26,54.5,24
"		108",서울,2017-08-27,62,44
"		108",서울,2017-08-28,73.1,35
"		108",서울,2017-08-29,51.4,32
"		108",서울,2017-08-30,55.8,33
"		108",서울,2017-08-31,62.4,33
"		108",서울,2017-09-01,56,31
"		108",서울,2017-09-02,59,33
"		108",서울,2017-09-03,64,36
"		108",서울,2017-09-04,53.8,28
"		108",서울,2017-09-05,62.4,51
"		108",서울,2017-09-06,75.5,61
"		108",서울,2017-09-07,73.3,52
"		108",서울,2017-09-08,67.5,30
"		108",서울,2017-09-09,70.1,43
"		108",서울,2017-09-10,74.3,56
"		108",서울,2017-09-11,79.8,59
"		108",서울,2017-09-12,58.6,29
"		108",서울,2017-09-13,49.3,30
"		108",서울,2017-09-14,48.8,28
"		108",서울,2017-09-15,48.4,33
"		108",서울,2017-09-16,50.9,39
"		108",서울,2017-09-17,51.3,34
"		108",서울,2017-09-18,62.8,36
"		108",서울,2017-09-19,79.1,66
"		108",서울,2017-09-20,48.9,29
"		108",서울,2017-09-21,57.3,29
"		108",서울,2017-09-22,60.8,34
"		108",서울,2017-09-23,69.8,40
"		108",서울,2017-09-24,71.5,53
"		108",서울,2017-09-25,58,35
"		108",서울,2017-09-26,57,36
"		108",서울,2017-09-27,66.4,53
"		108",서울,2017-09-28,49.1,20
"		108",서울,2017-09-29,39.3,20
"		108",서울,2017-09-30,64.9,49
"		108",서울,2017-10-01,74.8,50
"		108",서울,2017-10-02,62.3,34
"		108",서울,2017-10-03,49.8,41
"		108",서울,2017-10-04,48.5,32
"		108",서울,2017-10-05,56.4,43
"		108",서울,2017-10-06,66.4,44
"		108",서울,2017-10-07,67.6,42
"		108",서울,2017-10-08,66.9,42
"		108",서울,2017-10-09,66,34
"		108",서울,2017-10-10,76.9,56
"		108",서울,2017-10-11,77.1,55
"		108",서울,2017-10-12,71,
"		108",서울,2017-10-13,51,31
"		108",서울,2017-10-14,42.8,21
"		108",서울,2017-10-15,42.5,22
"		108",서울,2017-10-16,47.6,25
"		108",서울,2017-10-17,47.1,26
"		108",서울,2017-10-18,58.8,43
"		108",서울,2017-10-19,58.3,32
"		108",서울,2017-10-20,58.6,30
"		108",서울,2017-10-21,52.8,25
"		108",서울,2017-10-22,50.4,33
"		108",서울,2017-10-23,47,30
"		108",서울,2017-10-24,54.3,30
"		108",서울,2017-10-25,59,26
"		108",서울,2017-10-26,56.5,31
"		108",서울,2017-10-27,54.4,32
"		108",서울,2017-10-28,51.9,29
"		108",서울,2017-10-29,45.6,25
"		108",서울,2017-10-30,27.4,16
"		108",서울,2017-10-31,54.3,32
"		108",서울,2018-05-01,72.8,58
"		108",서울,2018-05-02,90.4,75
"		108",서울,2018-05-03,62.4,45
"		108",서울,2018-05-04,45.5,25
"		108",서울,2018-05-05,46.8,27
"		108",서울,2018-05-06,86.4,60
"		108",서울,2018-05-07,60.3,26
"		108",서울,2018-05-08,50.9,36
"		108",서울,2018-05-09,50.4,31
"		108",서울,2018-05-10,67.4,44
"		108",서울,2018-05-11,59.8,36
"		108",서울,2018-05-12,89.3,50
"		108",서울,2018-05-13,82.5,61
"		108",서울,2018-05-14,71.4,45
"		108",서울,2018-05-15,56.4,31
"		108",서울,2018-05-16,93.8,62
"		108",서울,2018-05-17,97,80
"		108",서울,2018-05-18,86.8,66
"		108",서울,2018-05-19,47.5,31
"		108",서울,2018-05-20,32.1,22
"		108",서울,2018-05-21,43.9,24
"		108",서울,2018-05-22,75.5,48
"		108",서울,2018-05-23,57.1,27
"		108",서울,2018-05-24,47.4,24
"		108",서울,2018-05-25,47.4,22
"		108",서울,2018-05-26,50.1,27
"		108",서울,2018-05-27,47.4,30
"		108",서울,2018-05-28,49.8,34
"		108",서울,2018-05-29,69.3,50
"		108",서울,2018-05-30,69.8,35
"		108",서울,2018-05-31,58.9,35
"		108",서울,2018-06-01,50.4,30
"		108",서울,2018-06-02,44.5,20
"		108",서울,2018-06-03,39.4,19
"		108",서울,2018-06-04,50.1,27
"		108",서울,2018-06-05,52.5,31
"		108",서울,2018-06-06,62.9,44
"		108",서울,2018-06-07,69.3,37
"		108",서울,2018-06-08,68,47
"		108",서울,2018-06-09,60.6,35
"		108",서울,2018-06-10,59.9,47
"		108",서울,2018-06-11,67.3,45
"		108",서울,2018-06-12,65.5,40
"		108",서울,2018-06-13,64,46
"		108",서울,2018-06-14,74.9,55
"		108",서울,2018-06-15,60.8,38
"		108",서울,2018-06-16,56.4,36
"		108",서울,2018-06-17,66.9,43
"		108",서울,2018-06-18,54.9,31
"		108",서울,2018-06-19,61.3,41
"		108",서울,2018-06-20,68.1,41
"		108",서울,2018-06-21,60.1,32
"		108",서울,2018-06-22,45.1,20
"		108",서울,2018-06-23,50.6,28
"		108",서울,2018-06-24,62.8,28
"		108",서울,2018-06-25,57.1,31
"		108",서울,2018-06-26,88.3,47
"		108",서울,2018-06-27,81.9,65
"		108",서울,2018-06-28,85.1,61
"		108",서울,2018-06-29,78.5,56
"		108",서울,2018-06-30,83.8,65
"		108",서울,2018-07-01,94.6,84
"		108",서울,2018-07-02,95.4,84
"		108",서울,2018-07-03,74.4,47
"		108",서울,2018-07-04,69.6,51
"		108",서울,2018-07-05,72.8,58
"		108",서울,2018-07-06,57.8,49
"		108",서울,2018-07-07,51.4,42
"		108",서울,2018-07-08,51.5,36
"		108",서울,2018-07-09,82.3,61
"		108",서울,2018-07-10,87.8,74
"		108",서울,2018-07-11,82.9,66
"		108",서울,2018-07-12,82.4,73
"		108",서울,2018-07-13,74.8,58
"		108",서울,2018-07-14,69.6,51
"		108",서울,2018-07-15,69.6,46
"		108",서울,2018-07-16,64.3,40
"		108",서울,2018-07-17,66.5,45
"		108",서울,2018-07-18,64.8,41
"		108",서울,2018-07-19,64.1,40
"		108",서울,2018-07-20,62.6,41
"		108",서울,2018-07-21,53.6,29
"		108",서울,2018-07-22,49.6,30
"		108",서울,2018-07-23,53.8,41
"		108",서울,2018-07-24,59.5,40
"		108",서울,2018-07-25,66.3,50
"		108",서울,2018-07-26,68.8,51
"		108",서울,2018-07-27,69.3,48
"		108",서울,2018-07-28,77.1,53
"		108",서울,2018-07-29,52.4,32
"		108",서울,2018-07-30,50.9,35
"		108",서울,2018-07-31,50.5,32
"		108",서울,2018-08-01,55.5,35
"		108",서울,2018-08-02,54.4,38
"		108",서울,2018-08-03,55.3,39
"		108",서울,2018-08-04,60.6,46
"		108",서울,2018-08-05,71.8,50
"		108",서울,2018-08-06,71.6,49
"		108",서울,2018-08-07,63.4,43
"		108",서울,2018-08-08,64.8,35
"		108",서울,2018-08-09,76.3,58
"		108",서울,2018-08-10,60.9,37
"		108",서울,2018-08-11,55.8,34
"		108",서울,2018-08-12,61.3,39
"		108",서울,2018-08-13,68.6,47
"		108",서울,2018-08-14,58.3,34
"		108",서울,2018-08-15,59.5,34
"		108",서울,2018-08-16,51,36
"		108",서울,2018-08-17,39.8,25
"		108",서울,2018-08-18,44.6,28
"		108",서울,2018-08-19,50.6,29
"		108",서울,2018-08-20,55.6,41
"		108",서울,2018-08-21,71.4,49
"		108",서울,2018-08-22,54.1,34
"		108",서울,2018-08-23,59.1,48
"		108",서울,2018-08-24,86.3,73
"		108",서울,2018-08-25,68,50
"		108",서울,2018-08-26,70,41
"		108",서울,2018-08-27,91,82
"		108",서울,2018-08-28,92.4,72
"		108",서울,2018-08-29,86,72
"		108",서울,2018-08-30,80.9,62
"		108",서울,2018-08-31,67.4,40
"		108",서울,2018-09-01,59.4,38
"		108",서울,2018-09-02,55.8,38
"		108",서울,2018-09-03,85.3,67
"		108",서울,2018-09-04,69.4,43
"		108",서울,2018-09-05,63.5,36
"		108",서울,2018-09-06,69.9,42
"		108",서울,2018-09-07,54.6,32
"		108",서울,2018-09-08,48.8,29
"		108",서울,2018-09-09,49,26
"		108",서울,2018-09-10,49.5,33
"		108",서울,2018-09-11,48.1,37
"		108",서울,2018-09-12,52,39
"		108",서울,2018-09-13,63.5,45
"		108",서울,2018-09-14,66.9,51
"		108",서울,2018-09-15,76,61
"		108",서울,2018-09-16,83.6,58
"		108",서울,2018-09-17,64.3,32
"		108",서울,2018-09-18,59.8,33
"		108",서울,2018-09-19,59.1,34
"		108",서울,2018-09-20,82.4,57
"		108",서울,2018-09-21,85.8,72
"		108",서울,2018-09-22,62.3,24
"		108",서울,2018-09-23,52.9,27
"		108",서울,2018-09-24,48.3,27
"		108",서울,2018-09-25,48,23
"		108",서울,2018-09-26,47.9,32
"		108",서울,2018-09-27,47.6,28
"		108",서울,2018-09-28,58.1,45
"		108",서울,2018-09-29,55.5,31
"		108",서울,2018-09-30,52.5,27
"		108",서울,2018-10-01,55.1,32
"		108",서울,2018-10-02,61.4,35
"		108",서울,2018-10-03,58,33
"		108",서울,2018-10-04,56.5,34
"		108",서울,2018-10-05,84.1,55
"		108",서울,2018-10-06,84,56
"		108",서울,2018-10-07,53.5,29
"		108",서울,2018-10-08,47,21
"		108",서울,2018-10-09,52.5,33
"		108",서울,2018-10-10,61,38
"		108",서울,2018-10-11,51,31
"		108",서울,2018-10-12,54,32
"		108",서울,2018-10-13,54,26
"		108",서울,2018-10-14,60,28
"		108",서울,2018-10-15,69.9,40
"		108",서울,2018-10-16,55.9,27
"		108",서울,2018-10-17,53.3,16
"		108",서울,2018-10-18,59.5,37
"		108",서울,2018-10-19,54.3,28
"		108",서울,2018-10-20,53.9,19
"		108",서울,2018-10-21,49.5,21
"		108",서울,2018-10-22,50,29
"		108",서울,2018-10-23,75.1,61
"		108",서울,2018-10-24,66,37
"		108",서울,2018-10-25,55.5,28
"		108",서울,2018-10-26,74.1,55
"		108",서울,2018-10-27,49.6,30
"		108",서울,2018-10-28,77.1,53
"		108",서울,2018-10-29,57.3,37
"		108",서울,2018-10-30,51.3,31
"		108",서울,2018-10-31,55.4,33
"		108",서울,2019-05-01,48.9,28
"		108",서울,2019-05-02,28.5,14
"		108",서울,2019-05-03,37.5,17
"		108",서울,2019-05-04,40.4,18
"		108",서울,2019-05-05,35.8,12
"		108",서울,2019-05-06,27.1,12
"		108",서울,2019-05-07,33.4,16
"		108",서울,2019-05-08,48.3,31
"		108",서울,2019-05-09,43.3,19
"		108",서울,2019-05-10,48,28
"		108",서울,2019-05-11,39,22
"		108",서울,2019-05-12,36,24
"		108",서울,2019-05-13,43.4,29
"		108",서울,2019-05-14,44.5,24
"		108",서울,2019-05-15,48.1,23
"		108",서울,2019-05-16,43.8,25
"		108",서울,2019-05-17,44.9,31
"		108",서울,2019-05-18,46.8,38
"		108",서울,2019-05-19,93,55
"		108",서울,2019-05-20,63.6,33
"		108",서울,2019-05-21,52,22
"		108",서울,2019-05-22,46,19
"		108",서울,2019-05-23,45,16
"		108",서울,2019-05-24,46.4,27
"		108",서울,2019-05-25,45.6,15
"		108",서울,2019-05-26,39,21
"		108",서울,2019-05-27,80.9,42
"		108",서울,2019-05-28,45.9,20
"		108",서울,2019-05-29,48.4,21
"		108",서울,2019-05-30,48,31
"		108",서울,2019-05-31,49.6,35
"		108",서울,2019-06-01,60.5,40
"		108",서울,2019-06-02,42.1,22
"		108",서울,2019-06-03,42.9,27
"		108",서울,2019-06-04,56.4,34
"		108",서울,2019-06-05,63.8,38
"		108",서울,2019-06-06,75.9,56
"		108",서울,2019-06-07,77.3,50
"		108",서울,2019-06-08,57.5,28
"		108",서울,2019-06-09,66.1,47
"		108",서울,2019-06-10,70.3,49
"		108",서울,2019-06-11,51.1,32
"		108",서울,2019-06-12,57.1,40
"		108",서울,2019-06-13,51.9,33
"		108",서울,2019-06-14,54.8,30
"		108",서울,2019-06-15,61.5,37
"		108",서울,2019-06-16,55.4,34
"		108",서울,2019-06-17,59.1,35
"		108",서울,2019-06-18,78.6,54
"		108",서울,2019-06-19,77.8,55
"		108",서울,2019-06-20,70.6,45
"		108",서울,2019-06-21,72.9,55
"		108",서울,2019-06-22,42.3,25
"		108",서울,2019-06-23,40.4,28
"		108",서울,2019-06-24,46.9,28
"		108",서울,2019-06-25,49.1,24
"		108",서울,2019-06-26,52.6,34
"		108",서울,2019-06-27,70.5,39
"		108",서울,2019-06-28,67.3,49
"		108",서울,2019-06-29,72,44
"		108",서울,2019-06-30,73.5,47
"		108",서울,2019-07-01,64.4,36
"		108",서울,2019-07-02,63.5,33
"		108",서울,2019-07-03,64.6,46
"		108",서울,2019-07-04,59.6,27
"		108",서울,2019-07-05,42.1,24
"		108",서울,2019-07-06,40.9,24
"		108",서울,2019-07-07,43.3,28
"		108",서울,2019-07-08,46.6,32
"		108",서울,2019-07-09,46.4,32
"		108",서울,2019-07-10,64.1,41
"		108",서울,2019-07-11,76.9,58
"		108",서울,2019-07-12,65.5,44
"		108",서울,2019-07-13,67.3,43
"		108",서울,2019-07-14,64.6,38
"		108",서울,2019-07-15,80,59
"		108",서울,2019-07-16,79,52
"		108",서울,2019-07-17,73.9,54
"		108",서울,2019-07-18,65,41
"		108",서울,2019-07-19,61.3,37
"		108",서울,2019-07-20,66.9,50
"		108",서울,2019-07-21,87.1,74
"		108",서울,2019-07-22,74.6,54
"		108",서울,2019-07-23,70.8,48
"		108",서울,2019-07-24,82.3,75
"		108",서울,2019-07-25,90.1,79
"		108",서울,2019-07-26,95.3,91
"		108",서울,2019-07-27,76.6,48
"		108",서울,2019-07-28,88.3,77
"		108",서울,2019-07-29,74.5,63
"		108",서울,2019-07-30,75.3,64
"		108",서울,2019-07-31,91.1,79
"		108",서울,2019-08-01,86.4,66
"		108",서울,2019-08-02,74.6,48
"		108",서울,2019-08-03,69,39
"		108",서울,2019-08-04,75.9,48
"		108",서울,2019-08-05,65.5,38
"		108",서울,2019-08-06,51.4,31
"		108",서울,2019-08-07,78.1,51
"		108",서울,2019-08-08,71.4,52
"		108",서울,2019-08-09,69,46
"		108",서울,2019-08-10,57.9,40
"		108",서울,2019-08-11,53.6,34
"		108",서울,2019-08-12,91.8,79
"		108",서울,2019-08-13,76.9,43
"		108",서울,2019-08-14,63.9,42
"		108",서울,2019-08-15,82,61
"		108",서울,2019-08-16,74.5,59
"		108",서울,2019-08-17,69.5,45
"		108",서울,2019-08-18,66.5,37
"		108",서울,2019-08-19,60.6,35
"		108",서울,2019-08-20,56.3,39
"		108",서울,2019-08-21,67.3,49
"		108",서울,2019-08-22,66.5,36
"		108",서울,2019-08-23,58.4,28
"		108",서울,2019-08-24,60.9,46
"		108",서울,2019-08-25,66.6,43
"		108",서울,2019-08-26,63.8,34
"		108",서울,2019-08-27,71.1,44
"		108",서울,2019-08-28,66.2,37
"		108",서울,2019-08-29,77.1,54
"		108",서울,2019-08-30,66.3,42
"		108",서울,2019-08-31,65,38
"		108",서울,2019-09-01,64,37
"		108",서울,2019-09-02,56.6,34
"		108",서울,2019-09-03,67.6,50
"		108",서울,2019-09-04,89,73
"		108",서울,2019-09-05,91.4,66
"		108",서울,2019-09-06,79.8,63
"		108",서울,2019-09-07,72.9,58
"		108",서울,2019-09-08,76.9,62
"		108",서울,2019-09-09,74.3,55
"		108",서울,2019-09-10,93.4,73
"		108",서울,2019-09-11,71.4,54
"		108",서울,2019-09-12,72.3,56
"		108",서울,2019-09-13,60.4,34
"		108",서울,2019-09-14,80,61
"		108",서울,2019-09-15,70.4,40
"		108",서울,2019-09-16,53,28
"		108",서울,2019-09-17,41.6,24
"		108",서울,2019-09-18,46,27
"		108",서울,2019-09-19,46.5,32
"		108",서울,2019-09-20,52.8,39
"		108",서울,2019-09-21,60.3,48
"		108",서울,2019-09-22,63.4,54
"		108",서울,2019-09-23,51.1,33
"		108",서울,2019-09-24,61.3,31
"		108",서울,2019-09-25,64.4,34
"		108",서울,2019-09-26,59.3,31
"		108",서울,2019-09-27,57.5,35
"		108",서울,2019-09-28,58.9,35
"		108",서울,2019-09-29,60.6,28
"		108",서울,2019-09-30,61,29
"		108",서울,2019-10-01,67.1,46
"		108",서울,2019-10-02,88,66
"		108",서울,2019-10-03,73.4,45
"		108",서울,2019-10-04,71.5,50
"		108",서울,2019-10-05,72.6,59
"		108",서울,2019-10-06,53.4,38
"		108",서울,2019-10-07,92,58
"		108",서울,2019-10-08,58.8,26
"		108",서울,2019-10-09,48.3,23
"		108",서울,2019-10-10,60.9,39
"		108",서울,2019-10-11,60,30
"		108",서울,2019-10-12,49.3,34
"		108",서울,2019-10-13,52.6,32
"		108",서울,2019-10-14,56.9,33
"		108",서울,2019-10-15,55.6,38
"		108",서울,2019-10-16,58.3,32
"		108",서울,2019-10-17,56,31
"		108",서울,2019-10-18,58.3,43
"		108",서울,2019-10-19,63.8,38
"		108",서울,2019-10-20,70.3,38
"		108",서울,2019-10-21,61,28
"		108",서울,2019-10-22,56.1,35
"		108",서울,2019-10-23,57.3,42
"		108",서울,2019-10-24,47.6,33
"		108",서울,2019-10-25,58,34
"		108",서울,2019-10-26,60,39
"		108",서울,2019-10-27,59,34
"		108",서울,2019-10-28,65.9,39
"		108",서울,2019-10-29,61,32
"		108",서울,2019-10-30,60.3,37
"		108",서울,2019-10-31,73.8,55
"		108",서울,2020-05-01,73.6,54
"		108",서울,2020-05-02,79.6,62
"		108",서울,2020-05-03,68.8,46
"		108",서울,2020-05-04,63.9,44
"		108",서울,2020-05-05,67.9,54
"		108",서울,2020-05-06,50,19
"		108",서울,2020-05-07,32.5,20
"		108",서울,2020-05-08,32.8,11
"		108",서울,2020-05-09,94.4,76
"		108",서울,2020-05-10,88.6,78
"		108",서울,2020-05-11,61,27
"		108",서울,2020-05-12,69.4,47
"		108",서울,2020-05-13,47.3,24
"		108",서울,2020-05-14,35.4,20
"		108",서울,2020-05-15,81.4,34
"		108",서울,2020-05-16,90.3,74
"		108",서울,2020-05-17,80.1,58
"		108",서울,2020-05-18,79.4,46
"		108",서울,2020-05-19,73.6,52
"		108",서울,2020-05-20,60.4,46
"		108",서울,2020-05-21,56.1,40
"		108",서울,2020-05-22,68.5,55
"		108",서울,2020-05-23,66.1,44
"		108",서울,2020-05-24,84.8,70
"		108",서울,2020-05-25,81,62
"		108",서울,2020-05-26,81.9,47
"		108",서울,2020-05-27,68.5,31
"		108",서울,2020-05-28,62.8,38
"		108",서울,2020-05-29,65.6,38
"		108",서울,2020-05-30,57.3,29
"		108",서울,2020-05-31,63,39
"		108",서울,2020-06-01,64.3,37
"		108",서울,2020-06-02,71,43
"		108",서울,2020-06-03,73.3,47
"		108",서울,2020-06-04,81.1,57
"		108",서울,2020-06-05,69.4,45
"		108",서울,2020-06-06,63.6,38
"		108",서울,2020-06-07,69.4,44
"		108",서울,2020-06-08,63.6,40
"		108",서울,2020-06-09,51.6,34
"		108",서울,2020-06-10,63.8,41
"		108",서울,2020-06-11,68.3,38
"		108",서울,2020-06-12,68.6,49
"		108",서울,2020-06-13,52.8,27
"		108",서울,2020-06-14,70.6,41
"		108",서울,2020-06-15,62.3,31
"		108",서울,2020-06-16,63,37
"		108",서울,2020-06-17,58.6,37
"		108",서울,2020-06-18,61.4,47
"		108",서울,2020-06-19,61.4,45
"		108",서울,2020-06-20,62.6,48
"		108",서울,2020-06-21,59.5,39
"		108",서울,2020-06-22,50.5,26
"		108",서울,2020-06-23,53.5,42
"		108",서울,2020-06-24,83.5,55
"		108",서울,2020-06-25,91,79
"		108",서울,2020-06-26,82.1,63
"		108",서울,2020-06-27,70.4,52
"		108",서울,2020-06-28,70.5,49
"		108",서울,2020-06-29,77,64
"		108",서울,2020-06-30,83,63
"		108",서울,2020-07-01,79.3,67
"		108",서울,2020-07-02,74.5,51
"		108",서울,2020-07-03,63.5,34
"		108",서울,2020-07-04,63.9,39
"		108",서울,2020-07-05,68.6,52
"		108",서울,2020-07-06,66.6,46
"		108",서울,2020-07-07,75.5,59
"		108",서울,2020-07-08,71.9,52
"		108",서울,2020-07-09,64.6,38
"		108",서울,2020-07-10,75,60
"		108",서울,2020-07-11,62.6,49
"		108",서울,2020-07-12,71.9,58
"		108",서울,2020-07-13,94.8,86
"		108",서울,2020-07-14,79.4,62
"		108",서울,2020-07-15,63.1,40
"		108",서울,2020-07-16,70.9,55
"		108",서울,2020-07-17,72,52
"		108",서울,2020-07-18,71.6,54
"		108",서울,2020-07-19,81.6,62
"		108",서울,2020-07-20,86.3,77
"		108",서울,2020-07-21,77,51
"		108",서울,2020-07-22,89.3,81
"		108",서울,2020-07-23,95.5,89
"		108",서울,2020-07-24,74.3,61
"		108",서울,2020-07-25,69.3,56
"		108",서울,2020-07-26,69.3,56
"		108",서울,2020-07-27,86.4,80
"		108",서울,2020-07-28,84.8,71
"		108",서울,2020-07-29,95.8,89
"		108",서울,2020-07-30,85.5,68
"		108",서울,2020-07-31,81.9,69
"		108",서울,2020-08-01,90.9,82
"		108",서울,2020-08-02,96.3,90
"		108",서울,2020-08-03,96.3,89
"		108",서울,2020-08-04,89.3,77
"		108",서울,2020-08-05,92.1,81
"		108",서울,2020-08-06,92.8,83
"		108",서울,2020-08-07,85.3,71
"		108",서울,2020-08-08,89.5,77
"		108",서울,2020-08-09,95.4,89
"		108",서울,2020-08-10,91.6,78
"		108",서울,2020-08-11,92.5,79
"		108",서울,2020-08-12,83.9,68
"		108",서울,2020-08-13,82.4,74
"		108",서울,2020-08-14,86.1,81
"		108",서울,2020-08-15,96,92
"		108",서울,2020-08-16,82.6,66
"		108",서울,2020-08-17,77.9,61
"		108",서울,2020-08-18,76.3,56
"		108",서울,2020-08-19,76.8,61
"		108",서울,2020-08-20,76,58
"		108",서울,2020-08-21,83.1,75
"		108",서울,2020-08-22,87.4,78
"		108",서울,2020-08-23,78.4,59
"		108",서울,2020-08-24,71.6,54
"		108",서울,2020-08-25,69.5,49
"		108",서울,2020-08-26,68.3,53
"		108",서울,2020-08-27,84.6,70
"		108",서울,2020-08-28,89.1,77
"		108",서울,2020-08-29,90.1,77
"		108",서울,2020-08-30,88.8,74
"		108",서울,2020-08-31,77.9,67
"		108",서울,2020-09-01,72.4,62
"		108",서울,2020-09-02,91.3,79
"		108",서울,2020-09-03,82,63
"		108",서울,2020-09-04,63.9,39
"		108",서울,2020-09-05,66.6,53
"		108",서울,2020-09-06,80,62
"		108",서울,2020-09-07,93.5,84
"		108",서울,2020-09-08,71.5,50
"		108",서울,2020-09-09,83.4,65
"		108",서울,2020-09-10,75.8,49
"		108",서울,2020-09-11,72.6,47
"		108",서울,2020-09-12,83.8,74
"		108",서울,2020-09-13,70.4,52
"		108",서울,2020-09-14,79.3,62
"		108",서울,2020-09-15,76.4,50
"		108",서울,2020-09-16,79.9,70
"		108",서울,2020-09-17,70.3,47
"		108",서울,2020-09-18,62,35
"		108",서울,2020-09-19,59.3,27
"		108",서울,2020-09-20,57.6,33
"		108",서울,2020-09-21,56.1,33
"		108",서울,2020-09-22,55.3,35
"		108",서울,2020-09-23,59.9,50
"		108",서울,2020-09-24,59.6,49
"		108",서울,2020-09-25,64.1,49
"		108",서울,2020-09-26,62.5,45
"		108",서울,2020-09-27,63.3,43
"		108",서울,2020-09-28,66,40
"		108",서울,2020-09-29,67.6,43
"		108",서울,2020-09-30,78,48
"		108",서울,2020-10-01,74.9,58
"		108",서울,2020-10-02,79.6,63
"		108",서울,2020-10-03,72.5,46
"		108",서울,2020-10-04,65.1,42
"		108",서울,2020-10-05,57.3,40
"		108",서울,2020-10-06,55.9,34
"		108",서울,2020-10-07,48.9,24
"		108",서울,2020-10-08,53,35
"		108",서울,2020-10-09,53.4,42
"		108",서울,2020-10-10,60.1,41
"		108",서울,2020-10-11,68.5,52
"		108",서울,2020-10-12,68.6,48
"		108",서울,2020-10-13,52.3,30
"		108",서울,2020-10-14,47,20
"		108",서울,2020-10-15,41.8,27
"		108",서울,2020-10-16,64.3,48
"		108",서울,2020-10-17,64.3,26
"		108",서울,2020-10-18,65.5,40
"		108",서울,2020-10-19,74.4,38
"		108",서울,2020-10-20,67.1,38
"		108",서울,2020-10-21,69.4,58
"		108",서울,2020-10-22,66,40
"		108",서울,2020-10-23,51.5,34
"		108",서울,2020-10-24,47.6,27
"		108",서울,2020-10-25,62.5,29
"		108",서울,2020-10-26,71.6,42
"		108",서울,2020-10-27,74.1,39
"		108",서울,2020-10-28,52.1,23
"		108",서울,2020-10-29,40.3,24
"		108",서울,2020-10-30,42.9,22
"		108",서울,2020-10-31,60.3,51
"		108",서울,2021-05-01,80.8,47
"		108",서울,2021-05-02,67.9,41
"		108",서울,2021-05-03,56.4,27
"		108",서울,2021-05-04,82.6,53
"		108",서울,2021-05-05,64.4,29
"		108",서울,2021-05-06,46.4,27
"		108",서울,2021-05-07,60.3,38
"		108",서울,2021-05-08,66.1,36
"		108",서울,2021-05-09,51.3,25
"		108",서울,2021-05-10,67.9,59
"		108",서울,2021-05-11,48.9,28
"		108",서울,2021-05-12,39.5,26
"		108",서울,2021-05-13,54.4,36
"		108",서울,2021-05-14,60.3,35
"		108",서울,2021-05-15,79.5,56
"		108",서울,2021-05-16,97.6,94
"		108",서울,2021-05-17,93,86
"		108",서울,2021-05-18,70.5,45
"		108",서울,2021-05-19,52.3,31
"		108",서울,2021-05-20,59.8,42
"		108",서울,2021-05-21,86.5,73
"		108",서울,2021-05-22,69.3,43
"		108",서울,2021-05-23,64.4,46
"		108",서울,2021-05-24,61,28
"		108",서울,2021-05-25,72.3,37
"		108",서울,2021-05-26,58.5,31
"		108",서울,2021-05-27,83,52
"		108",서울,2021-05-28,86,66
"		108",서울,2021-05-29,79.8,59
"		108",서울,2021-05-30,73,37
"		108",서울,2021-05-31,78.9,63
"		108",서울,2021-06-01,74.6,57
"		108",서울,2021-06-02,64.4,37
"		108",서울,2021-06-03,80.8,59
"		108",서울,2021-06-04,69.4,38
"		108",서울,2021-06-05,68.1,40
"		108",서울,2021-06-06,69.6,48
"		108",서울,2021-06-07,71.5,57
"		108",서울,2021-06-08,69.6,43
"		108",서울,2021-06-09,59.1,36
"		108",서울,2021-06-10,68.5,43
"		108",서울,2021-06-11,84.5,70
"		108",서울,2021-06-12,74.6,49
"		108",서울,2021-06-13,72.6,54
"		108",서울,2021-06-14,68.8,50
"		108",서울,2021-06-15,79.1,68
"		108",서울,2021-06-16,59.9,46
"		108",서울,2021-06-17,71.4,58
"		108",서울,2021-06-18,92.1,82
"		108",서울,2021-06-19,74,49
"		108",서울,2021-06-20,73.3,48
"		108",서울,2021-06-21,67,45
"		108",서울,2021-06-22,67.9,41
"		108",서울,2021-06-23,70.5,49
"		108",서울,2021-06-24,71.1,51
"		108",서울,2021-06-25,69,48
"		108",서울,2021-06-26,78.5,63
"		108",서울,2021-06-27,72.1,43
"		108",서울,2021-06-28,76.4,57
"		108",서울,2021-06-29,78.6,56
"		108",서울,2021-06-30,77.9,55
"		108",서울,2021-07-01,70.9,45
"		108",서울,2021-07-02,64.1,47
"		108",서울,2021-07-03,80,62
"		108",서울,2021-07-04,96.8,91
"		108",서울,2021-07-05,80.3,64
"		108",서울,2021-07-06,73.4,54
"		108",서울,2021-07-07,78.5,65
"		108",서울,2021-07-08,81.6,66
"		108",서울,2021-07-09,77.3,62
"		108",서울,2021-07-10,80.4,60
"		108",서울,2021-07-11,86.8,81
"		108",서울,2021-07-12,75.1,58
"		108",서울,2021-07-13,76.1,62
"		108",서울,2021-07-14,71.4,56
"		108",서울,2021-07-15,71.1,51
"		108",서울,2021-07-16,68.4,44
"		108",서울,2021-07-17,63.1,50
"		108",서울,2021-07-18,62.5,46
"		108",서울,2021-07-19,80.1,61
"		108",서울,2021-07-20,75.8,58
"		108",서울,2021-07-21,64,40
"		108",서울,2021-07-22,59.8,37
"		108",서울,2021-07-23,61.8,42
"		108",서울,2021-07-24,57.4,37
"		108",서울,2021-07-25,55.8,40
"		108",서울,2021-07-26,54.9,40
"		108",서울,2021-07-27,60.5,43
"		108",서울,2021-07-28,67.4,52
"		108",서울,2021-07-29,69.9,57
"		108",서울,2021-07-30,63.1,44
"		108",서울,2021-07-31,69.9,52
"		108",서울,2021-08-01,81.8,71
"		108",서울,2021-08-02,82.6,69
"		108",서울,2021-08-03,76.9,60
"		108",서울,2021-08-04,70.6,51
"		108",서울,2021-08-05,68.1,53
"		108",서울,2021-08-06,68.4,57
"		108",서울,2021-08-07,65,48
"		108",서울,2021-08-08,74.8,57
"		108",서울,2021-08-09,62.4,42
"		108",서울,2021-08-10,62.5,46
"		108",서울,2021-08-11,70.3,49
"		108",서울,2021-08-12,67.1,52
"		108",서울,2021-08-13,70.4,57
"		108",서울,2021-08-14,63.9,51
"		108",서울,2021-08-15,59.6,41
"		108",서울,2021-08-16,61.1,39
"		108",서울,2021-08-17,65,46
"		108",서울,2021-08-18,69.6,48
"		108",서울,2021-08-19,57.1,42
"		108",서울,2021-08-20,63.6,50
"		108",서울,2021-08-21,88.1,76
"		108",서울,2021-08-22,81.5,63
"		108",서울,2021-08-23,89.3,78
"		108",서울,2021-08-24,93.6,89
"		108",서울,2021-08-25,85.5,73
"		108",서울,2021-08-26,84.9,75
"		108",서울,2021-08-27,83.5,67
"		108",서울,2021-08-28,80.4,57
"		108",서울,2021-08-29,82.6,65
"		108",서울,2021-08-30,77.5,57
"		108",서울,2021-08-31,93.3,77
"		108",서울,2021-09-01,83.1,71
"		108",서울,2021-09-02,70.3,56
"		108",서울,2021-09-03,60.3,38
"		108",서울,2021-09-04,57,45
"		108",서울,2021-09-05,61.1,51
"		108",서울,2021-09-06,70.1,51
"		108",서울,2021-09-07,98.1,94
"		108",서울,2021-09-08,81.3,58
"		108",서울,2021-09-09,76.5,47
"		108",서울,2021-09-10,76,49
"		108",서울,2021-09-11,73.1,49
"		108",서울,2021-09-12,64.6,41
"		108",서울,2021-09-13,67.1,49
"		108",서울,2021-09-14,63.3,41
"		108",서울,2021-09-15,57.5,44
"		108",서울,2021-09-16,61.1,46
"		108",서울,2021-09-17,61.4,45
"		108",서울,2021-09-18,65.1,44
"		108",서울,2021-09-19,62.9,49
"		108",서울,2021-09-20,63.6,48
"		108",서울,2021-09-21,85.1,59
"		108",서울,2021-09-22,79,56
"		108",서울,2021-09-23,67.3,48
"		108",서울,2021-09-24,67.5,46
"		108",서울,2021-09-25,72.6,66
"		108",서울,2021-09-26,63,50
"		108",서울,2021-09-27,66,52
"		108",서울,2021-09-28,75.1,54
"		108",서울,2021-09-29,93.5,87
"		108",서울,2021-09-30,83.9,62
"		108",서울,2021-10-01,75.8,42
"		108",서울,2021-10-02,77.1,50
"		108",서울,2021-10-03,69.5,40
"		108",서울,2021-10-04,81,71
"		108",서울,2021-10-05,82.4,65
"		108",서울,2021-10-06,91.5,83
"		108",서울,2021-10-07,85.5,74
"		108",서울,2021-10-08,91.3,85
"		108",서울,2021-10-09,83.5,72
"		108",서울,2021-10-10,89,80
"		108",서울,2021-10-11,78.6,67
"		108",서울,2021-10-12,67.1,53
"		108",서울,2021-10-13,66.6,52
"		108",서울,2021-10-14,73.6,54
"		108",서울,2021-10-15,74.4,58
"		108",서울,2021-10-16,47.5,31
"		108",서울,2021-10-17,37.4,25
"		108",서울,2021-10-18,60.4,36
"		108",서울,2021-10-19,72.8,47
"		108",서울,2021-10-20,64.9,35
"		108",서울,2021-10-21,64.1,40
"		108",서울,2021-10-22,58.4,33
"		108",서울,2021-10-23,57.3,30
"		108",서울,2021-10-24,63.1,38
"		108",서울,2021-10-25,64.5,35
"		108",서울,2021-10-26,74.5,48
"		108",서울,2021-10-27,63.4,32
"		108",서울,2021-10-28,54.6,31
"		108",서울,2021-10-29,55.9,36
"		108",서울,2021-10-30,62.4,48
"		108",서울,2021-10-31,73.3,46
"		108",서울,2022-05-01,54.8,22
"		108",서울,2022-05-02,56.5,26
"		108",서울,2022-05-03,45.9,24
"		108",서울,2022-05-04,43.3,31
"		108",서울,2022-05-05,48.1,30
"		108",서울,2022-05-06,67.1,40
"		108",서울,2022-05-07,52.4,18
"		108",서울,2022-05-08,51.8,35
"		108",서울,2022-05-09,56.4,30
"		108",서울,2022-05-10,39,16
"		108",서울,2022-05-11,50.4,35
"		108",서울,2022-05-12,51.5,32
"		108",서울,2022-05-13,45.8,28
"		108",서울,2022-05-14,45.5,29
"		108",서울,2022-05-15,39.8,24
"		108",서울,2022-05-16,56.3,36
"		108",서울,2022-05-17,60.1,36
"		108",서울,2022-05-18,59.4,39
"		108",서울,2022-05-19,53.6,43
"		108",서울,2022-05-20,52.8,28
"		108",서울,2022-05-21,70.8,48
"		108",서울,2022-05-22,70.9,52
"		108",서울,2022-05-23,63.5,39
"		108",서울,2022-05-24,56.8,29
"		108",서울,2022-05-25,66.6,36
"		108",서울,2022-05-26,59.9,29
"		108",서울,2022-05-27,62.5,47
"		108",서울,2022-05-28,54.1,29
"		108",서울,2022-05-29,66.4,39
"		108",서울,2022-05-30,71,55
"		108",서울,2022-05-31,42.4,19
"		108",서울,2022-06-01,41.6,18
"		108",서울,2022-06-02,67.4,46
"		108",서울,2022-06-03,62.8,34
"		108",서울,2022-06-04,57,44
"		108",서울,2022-06-05,59.8,43
"		108",서울,2022-06-06,69,47
"		108",서울,2022-06-07,54.5,39
"		108",서울,2022-06-08,61.6,48
"		108",서울,2022-06-09,76.1,56
"		108",서울,2022-06-10,75.8,50
"		108",서울,2022-06-11,59.6,33
"		108",서울,2022-06-12,58.9,36
"		108",서울,2022-06-13,68.5,51
"		108",서울,2022-06-14,56.4,42
"		108",서울,2022-06-15,92.4,71
"		108",서울,2022-06-16,78.4,53
"		108",서울,2022-06-17,76.4,56
"		108",서울,2022-06-18,79.6,72
"		108",서울,2022-06-19,81.6,74
"		108",서울,2022-06-20,76.6,58
"		108",서울,2022-06-21,72.6,48
"		108",서울,2022-06-22,71.1,44
"		108",서울,2022-06-23,89.1,74
"		108",서울,2022-06-24,90.9,76
"		108",서울,2022-06-25,80.4,69
"		108",서울,2022-06-26,82.1,79
"		108",서울,2022-06-27,84.4,76
"		108",서울,2022-06-28,81.9,74
"		108",서울,2022-06-29,95.5,89
"		108",서울,2022-06-30,99.3,97
"		108",서울,2022-07-01,83.3,61
"		108",서울,2022-07-02,72.8,50
"		108",서울,2022-07-03,68.6,47
"		108",서울,2022-07-04,71.8,59
"		108",서울,2022-07-05,73.8,61
"		108",서울,2022-07-06,76,61
"		108",서울,2022-07-07,82.3,69
"		108",서울,2022-07-08,84.4,70
"		108",서울,2022-07-09,82.1,64
"		108",서울,2022-07-10,68,46
"		108",서울,2022-07-11,75,54
"		108",서울,2022-07-12,73.1,64
"		108",서울,2022-07-13,93.9,76
"		108",서울,2022-07-14,84.6,63
"		108",서울,2022-07-15,76.5,55
"		108",서울,2022-07-16,83.4,66
"		108",서울,2022-07-17,78.9,63
"		108",서울,2022-07-18,76,58
"		108",서울,2022-07-19,74.1,56
"		108",서울,2022-07-20,76.1,57
"		108",서울,2022-07-21,87.6,77
"		108",서울,2022-07-22,81.5,68
"		108",서울,2022-07-23,83.6,67
"		108",서울,2022-07-24,86.9,72
"		108",서울,2022-07-25,75,52
"		108",서울,2022-07-26,72.5,53
"		108",서울,2022-07-27,66.3,50
"		108",서울,2022-07-28,63.8,48
"		108",서울,2022-07-29,68.1,52
"		108",서울,2022-07-30,68.4,50
"		108",서울,2022-07-31,85.8,75
"		108",서울,2022-08-01,82.4,67
"		108",서울,2022-08-02,90,78
"		108",서울,2022-08-03,90.1,76
"		108",서울,2022-08-04,79.3,64
"		108",서울,2022-08-05,76.6,61
"		108",서울,2022-08-06,85.3,77
"		108",서울,2022-08-07,82.1,70
"		108",서울,2022-08-08,91.6,83
"		108",서울,2022-08-09,96,94
"		108",서울,2022-08-10,85.3,66
"		108",서울,2022-08-11,87.9,75
"		108",서울,2022-08-12,73.8,44
"		108",서울,2022-08-13,82.8,71
"		108",서울,2022-08-14,83,66
"		108",서울,2022-08-15,83,74
"		108",서울,2022-08-16,75.4,58
"		108",서울,2022-08-17,76.6,62
"		108",서울,2022-08-18,75.8,57
"		108",서울,2022-08-19,86.1,70
"		108",서울,2022-08-20,80,63
"		108",서울,2022-08-21,75.3,59
"		108",서울,2022-08-22,75.6,59
"		108",서울,2022-08-23,75,51
"		108",서울,2022-08-24,66.9,59
"		108",서울,2022-08-25,78,63
"		108",서울,2022-08-26,75.3,55
"		108",서울,2022-08-27,63.1,43
"		108",서울,2022-08-28,59.4,39
"		108",서울,2022-08-29,74,63
"		108",서울,2022-08-30,96.3,71
"		108",서울,2022-08-31,83.3,69
"		108",서울,2022-09-01,70.8,42
"		108",서울,2022-09-02,61.8,47
"		108",서울,2022-09-03,63,54
"		108",서울,2022-09-04,88.6,65
"		108",서울,2022-09-05,95.9,92
"		108",서울,2022-09-06,78,41
"		108",서울,2022-09-07,65.3,32
"		108",서울,2022-09-08,65.5,39
"		108",서울,2022-09-09,59.1,30
"		108",서울,2022-09-10,52.3,37
"		108",서울,2022-09-11,68.6,52
"		108",서울,2022-09-12,76.1,60
"		108",서울,2022-09-13,73,64
"		108",서울,2022-09-14,56.9,45
"		108",서울,2022-09-15,66.9,56
"		108",서울,2022-09-16,78.6,63
"		108",서울,2022-09-17,83.1,65
"		108",서울,2022-09-18,75.3,55
"		108",서울,2022-09-19,63.1,48
"		108",서울,2022-09-20,57,36
"		108",서울,2022-09-21,56.9,36
"		108",서울,2022-09-22,60.1,45
"		108",서울,2022-09-23,68.9,42
"		108",서울,2022-09-24,64.6,37
"		108",서울,2022-09-25,63.3,36
"		108",서울,2022-09-26,58.5,32
"		108",서울,2022-09-27,59,29
"		108",서울,2022-09-28,71,47
"		108",서울,2022-09-29,73.5,33
"		108",서울,2022-09-30,68,34
"		108",서울,2022-10-01,63.3,33
"		108",서울,2022-10-02,78.9,60
"		108",서울,2022-10-03,98.5,94
"		108",서울,2022-10-04,83.8,67
"		108",서울,2022-10-05,74.8,48
"		108",서울,2022-10-06,76.6,63
"		108",서울,2022-10-07,69.5,48
"		108",서울,2022-10-08,64.6,42
"		108",서울,2022-10-09,85.8,69
"		108",서울,2022-10-10,72.9,59
"		108",서울,2022-10-11,69.1,51
"		108",서울,2022-10-12,68.1,42
"		108",서울,2022-10-13,69.6,43
"		108",서울,2022-10-14,73.4,49
"		108",서울,2022-10-15,68.5,38
"		108",서울,2022-10-16,73.9,64
"		108",서울,2022-10-17,50.3,25
"		108",서울,2022-10-18,52.1,33
"		108",서울,2022-10-19,57.8,30
"		108",서울,2022-10-20,64.4,31
"		108",서울,2022-10-21,68.8,31
"		108",서울,2022-10-22,76.3,52
"		108",서울,2022-10-23,65,29
"		108",서울,2022-10-24,52.6,27
"		108",서울,2022-10-25,56.5,37
"		108",서울,2022-10-26,58.3,38
"		108",서울,2022-10-27,71.8,49
"		108",서울,2022-10-28,70.1,41
"		108",서울,2022-10-29,65.9,37
"		108",서울,2022-10-30,64.5,39
"		108",서울,2022-10-31,69.8,42
"		108",서울,2023-05-01,57,27
"		108",서울,2023-05-02,40.5,21
"		108",서울,2023-05-03,52.5,23
"		108",서울,2023-05-04,65.5,50
"		108",서울,2023-05-05,95.3,61
"		108",서울,2023-05-06,85.6,56
"		108",서울,2023-05-07,47.1,36
"		108",서울,2023-05-08,55.3,31
"		108",서울,2023-05-09,55.4,31
"		108",서울,2023-05-10,53.3,25
"		108",서울,2023-05-11,50.1,26
"		108",서울,2023-05-12,50.9,24
"		108",서울,2023-05-13,62,35
"		108",서울,2023-05-14,56.5,35
"		108",서울,2023-05-15,54.6,32
"		108",서울,2023-05-16,51.9,33
"		108",서울,2023-05-17,63.6,34
"		108",서울,2023-05-18,74.8,48
"		108",서울,2023-05-19,61.4,41
"		108",서울,2023-05-20,66.9,51
"		108",서울,2023-05-21,74,46
"		108",서울,2023-05-22,61.3,31
"		108",서울,2023-05-23,48,27
"		108",서울,2023-05-24,49.8,34
"		108",서울,2023-05-25,46.6,27
"		108",서울,2023-05-26,57.4,38
"		108",서울,2023-05-27,87.4,65
"		108",서울,2023-05-28,98.9,83
"		108",서울,2023-05-29,83.4,58
"		108",서울,2023-05-30,69.5,48
"		108",서울,2023-05-31,60.8,45
"		108",서울,2023-06-01,66.9,56
"		108",서울,2023-06-02,77.4,59
"		108",서울,2023-06-03,60.1,31
"		108",서울,2023-06-04,61,28
"		108",서울,2023-06-05,66.9,47
"		108",서울,2023-06-06,72.9,50
"		108",서울,2023-06-07,75.3,63
"		108",서울,2023-06-08,80.5,65
"		108",서울,2023-06-09,64,32
"		108",서울,2023-06-10,70,48
"		108",서울,2023-06-11,76.1,53
"		108",서울,2023-06-12,70.5,47
"		108",서울,2023-06-13,70,50
"		108",서울,2023-06-14,80.3,53
"		108",서울,2023-06-15,70.8,50
"		108",서울,2023-06-16,64.4,45
"		108",서울,2023-06-17,57.1,39
"		108",서울,2023-06-18,60.5,43
"		108",서울,2023-06-19,57.8,42
"		108",서울,2023-06-20,64.5,51
"		108",서울,2023-06-21,92.6,83
"		108",서울,2023-06-22,77.1,61
"		108",서울,2023-06-23,76.6,50
"		108",서울,2023-06-24,70.5,55
"		108",서울,2023-06-25,64.9,47
"		108",서울,2023-06-26,88.6,59
"		108",서울,2023-06-27,73.1,51
"		108",서울,2023-06-28,77.4,60
"		108",서울,2023-06-29,95.4,85
"		108",서울,2023-06-30,89.8,72
"		108",서울,2023-07-01,76.9,58
"		108",서울,2023-07-02,79.5,64
"		108",서울,2023-07-03,72,40
"		108",서울,2023-07-04,86.8,68
"		108",서울,2023-07-05,82.6,68
"		108",서울,2023-07-06,70.9,56
"		108",서울,2023-07-07,64.9,46
"		108",서울,2023-07-08,76.5,64
"		108",서울,2023-07-09,86.4,78
"		108",서울,2023-07-10,80.4,58
"		108",서울,2023-07-11,92.4,79
"		108",서울,2023-07-12,86.4,72
"		108",서울,2023-07-13,95,84
"		108",서울,2023-07-14,99.1,96
"		108",서울,2023-07-15,93.5,85
"		108",서울,2023-07-16,89.5,80
"		108",서울,2023-07-17,86.1,76
"		108",서울,2023-07-18,87.9,75
"		108",서울,2023-07-19,78.8,55
"		108",서울,2023-07-20,74,51
"		108",서울,2023-07-21,69.6,48
"		108",서울,2023-07-22,73.9,51
"		108",서울,2023-07-23,94.3,87
"		108",서울,2023-07-24,83.1,69
"		108",서울,2023-07-25,80.5,68
"		108",서울,2023-07-26,80.9,69
"		108",서울,2023-07-27,78.1,59
"		108",서울,2023-07-28,72.4,52
"		108",서울,2023-07-29,72.1,52
"		108",서울,2023-07-30,72.5,49
"		108",서울,2023-07-31,76.3,60
"		108",서울,2023-08-01,71.6,55
"		108",서울,2023-08-02,67.8,48
"		108",서울,2023-08-03,67,54
"		108",서울,2023-08-04,67.6,53
"		108",서울,2023-08-05,69,50
"		108",서울,2023-08-06,76.5,63
"		108",서울,2023-08-07,68.4,56
"		108",서울,2023-08-08,60.5,47
"		108",서울,2023-08-09,67.6,57
"		108",서울,2023-08-10,91.9,80
"		108",서울,2023-08-11,93.1,83
"		108",서울,2023-08-12,91,82
"		108",서울,2023-08-13,76.9,58
"		108",서울,2023-08-14,75.4,60
"		108",서울,2023-08-15,71.4,58
"		108",서울,2023-08-16,72,58
"		108",서울,2023-08-17,73,52
"		108",서울,2023-08-18,72.1,56
"		108",서울,2023-08-19,68.9,54
"		108",서울,2023-08-20,71.8,56
"		108",서울,2023-08-21,69.8,55
"		108",서울,2023-08-22,80.3,61
"		108",서울,2023-08-23,91.3,80
"		108",서울,2023-08-24,84.8,75
"		108",서울,2023-08-25,77.9,60
"		108",서울,2023-08-26,72.3,49
"		108",서울,2023-08-27,75,62
"		108",서울,2023-08-28,87.5,73
"		108",서울,2023-08-29,89.6,80
"		108",서울,2023-08-30,88,75
"		108",서울,2023-08-31,76.9,48
"		108",서울,2023-09-01,70.6,42
"		108",서울,2023-09-02,63.9,39
"		108",서울,2023-09-03,77.8,67
"		108",서울,2023-09-04,79.9,65
"		108",서울,2023-09-05,69.5,54
"		108",서울,2023-09-06,65.1,45
"		108",서울,2023-09-07,54.8,37
"		108",서울,2023-09-08,60.3,42
"		108",서울,2023-09-09,66.3,45
"		108",서울,2023-09-10,68.1,53
"		108",서울,2023-09-11,67.3,50
"		108",서울,2023-09-12,69.8,55
"		108",서울,2023-09-13,84.5,70
"		108",서울,2023-09-14,72.4,60
"		108",서울,2023-09-15,82.3,67
"		108",서울,2023-09-16,87.8,76
"		108",서울,2023-09-17,84.8,68
"		108",서울,2023-09-18,79.1,58
"		108",서울,2023-09-19,81.1,62
"		108",서울,2023-09-20,90.4,80
"		108",서울,2023-09-21,70.9,53
"		108",서울,2023-09-22,68.4,37
"		108",서울,2023-09-23,63.9,38
"		108",서울,2023-09-24,56.4,37
"		108",서울,2023-09-25,66.4,49
"		108",서울,2023-09-26,95.8,87
"		108",서울,2023-09-27,90.1,81
"		108",서울,2023-09-28,78.3,54
"		108",서울,2023-09-29,61.5,33
"		108",서울,2023-09-30,77,64
"		108",서울,2023-10-01,59.5,34
"		108",서울,2023-10-02,53.8,27
"		108",서울,2023-10-03,66.3,47
"		108",서울,2023-10-04,75.5,53
"		108",서울,2023-10-05,46.1,34
"		108",서울,2023-10-06,55.3,33
"		108",서울,2023-10-07,62.6,42
"		108",서울,2023-10-08,67.1,61
"		108",서울,2023-10-09,68.1,51
"		108",서울,2023-10-10,67.1,36
"		108",서울,2023-10-11,57.5,33
"		108",서울,2023-10-12,62.4,40
"		108",서울,2023-10-13,69.6,50
"		108",서울,2023-10-14,84.9,68
"		108",서울,2023-10-15,80,52
"		108",서울,2023-10-16,57,33
"		108",서울,2023-10-17,55.6,26
"		108",서울,2023-10-18,67,39
"		108",서울,2023-10-19,82.5,65
"		108",서울,2023-10-20,46.9,32
"		108",서울,2023-10-21,54.8,31
"		108",서울,2023-10-22,67.3,42
"		108",서울,2023-10-23,73.8,47
"		108",서울,2023-10-24,78.5,62
"		108",서울,2023-10-25,78.6,53
"		108",서울,2023-10-26,79.4,67
"		108",서울,2023-10-27,71.1,49
"		108",서울,2023-10-28,62.9,27
"		108",서울,2023-10-29,61.6,34
"		108",서울,2023-10-30,72,44
"		108",서울,2023-10-31,76,54
"		108",서울,2024-05-01,46,27
"		108",서울,2024-05-02,48.4,29
"		108",서울,2024-05-03,46.9,27
"		108",서울,2024-05-04,44.8,27
"		108",서울,2024-05-05,87.4,44
"		108",서울,2024-05-06,92.9,88
"		108",서울,2024-05-07,77.3,60
"		108",서울,2024-05-08,58.8,36
"		108",서울,2024-05-09,63.6,35
"		108",서울,2024-05-10,55.6,29
"		108",서울,2024-05-11,80,54
"		108",서울,2024-05-12,65,39
"		108",서울,2024-05-13,51.9,27
"		108",서울,2024-05-14,43.3,23
"		108",서울,2024-05-15,74.3,41
"		108",서울,2024-05-16,61.3,32
"		108",서울,2024-05-17,63.6,42
"		108",서울,2024-05-18,65.3,46
"		108",서울,2024-05-19,63.1,30
"		108",서울,2024-05-20,75,63
"		108",서울,2024-05-21,68.1,33
"		108",서울,2024-05-22,68.9,44
"		108",서울,2024-05-23,67.9,43
"		108",서울,2024-05-24,75.1,61
"		108",서울,2024-05-25,62.8,47
"		108",서울,2024-05-26,74.3,49
"		108",서울,2024-05-27,63.4,40
"		108",서울,2024-05-28,54.8,32
"		108",서울,2024-05-29,51.6,30
"		108",서울,2024-05-30,49.1,37
"		108",서울,2024-05-31,60,35
"		108",서울,2024-06-01,61.3,34
"		108",서울,2024-06-02,51.9,36
"		108",서울,2024-06-03,47.4,29
"		108",서울,2024-06-04,42.1,29
"		108",서울,2024-06-05,53.9,36
"		108",서울,2024-06-06,54.3,31
"		108",서울,2024-06-07,54.3,40
"		108",서울,2024-06-08,79.5,58
"		108",서울,2024-06-09,68.9,47
"		108",서울,2024-06-10,66.3,44
"		108",서울,2024-06-11,62.4,40
"		108",서울,2024-06-12,60.8,35
"		108",서울,2024-06-13,51.4,28
"		108",서울,2024-06-14,56,35
"		108",서울,2024-06-15,72.3,55
"		108",서울,2024-06-16,58.4,38
"		108",서울,2024-06-17,48.4,28
"		108",서울,2024-06-18,59.5,35
"		108",서울,2024-06-19,54.3,32
"		108",서울,2024-06-20,45.1,27
"		108",서울,2024-06-21,49.8,34
"		108",서울,2024-06-22,80.6,59
"		108",서울,2024-06-23,79.5,59
"		108",서울,2024-06-24,70.4,45
"		108",서울,2024-06-25,61.9,42
"		108",서울,2024-06-26,61,38
"		108",서울,2024-06-27,55,38
"		108",서울,2024-06-28,54.6,35
"		108",서울,2024-06-29,65.1,44
"		108",서울,2024-06-30,88.5,80
"		108",서울,2024-07-01,69.1,47
"		108",서울,2024-07-02,90,77
"		108",서울,2024-07-03,80.3,70
"		108",서울,2024-07-04,74.8,56
"		108",서울,2024-07-05,80.5,67
"		108",서울,2024-07-06,84.1,73
"		108",서울,2024-07-07,85.1,68
"		108",서울,2024-07-08,93.4,89
"		108",서울,2024-07-09,86.9,78
"		108",서울,2024-07-10,77.1,57
"		108",서울,2024-07-11,79.6,66
"		108",서울,2024-07-12,79.5,59
"		108",서울,2024-07-13,70,40
"		108",서울,2024-07-14,65.9,54
"		108",서울,2024-07-15,64.6,55
"		108",서울,2024-07-16,78.4,62
"		108",서울,2024-07-17,91.6,76
"		108",서울,2024-07-18,95.3,89
"		108",서울,2024-07-19,80.1,60
"		108",서울,2024-07-20,80.4,67
"		108",서울,2024-07-21,83.6,72
"		108",서울,2024-07-22,89,81
"		108",서울,2024-07-23,87.9,80
"		108",서울,2024-07-24,85,71
"		108",서울,2024-07-25,79.8,64
"		108",서울,2024-07-26,81.9,65
"		108",서울,2024-07-27,83.6,68
"		108",서울,2024-07-28,76,59
"		108",서울,2024-07-29,84,80
"		108",서울,2024-07-30,78.8,66
"		108",서울,2024-07-31,74.5,59
"		108",서울,2024-08-01,75.5,64
"		108",서울,2024-08-02,79.4,67
"		108",서울,2024-08-03,75,58
"		108",서울,2024-08-04,69.3,50
"		108",서울,2024-08-05,75.5,61
"		108",서울,2024-08-06,74.8,57
"		108",서울,2024-08-07,72,55
"		108",서울,2024-08-08,77.5,63
"		108",서울,2024-08-09,74.1,56
"		108",서울,2024-08-10,70.8,55
"		108",서울,2024-08-11,67.8,53
"		108",서울,2024-08-12,70.5,57
"		108",서울,2024-08-13,70,49
"		108",서울,2024-08-14,73,52
"		108",서울,2024-08-15,74.6,53
"		108",서울,2024-08-16,69.4,51
"		108",서울,2024-08-17,71,53
"		108",서울,2024-08-18,73.8,56
"		108",서울,2024-08-19,72.3,46
"		108",서울,2024-08-20,68.3,54
"		108",서울,2024-08-21,85.9,71
"		108",서울,2024-08-22,79.9,70
"		108",서울,2024-08-23,73.5,59
"		108",서울,2024-08-24,78.8,66
"		108",서울,2024-08-25,76.6,58
"		108",서울,2024-08-26,77.8,61
"		108",서울,2024-08-27,69.8,52
"		108",서울,2024-08-28,62.1,46
"		108",서울,2024-08-29,61,49
"		108",서울,2024-08-30,64,45
"		108",서울,2024-08-31,65.6,40
"		108",서울,2024-09-01,64.9,41
"		108",서울,2024-09-02,73.6,65
"		108",서울,2024-09-03,54.5,44
"		108",서울,2024-09-04,61.4,42
"		108",서울,2024-09-05,79.1,63
"		108",서울,2024-09-06,79.3,69
"		108",서울,2024-09-07,68.9,50
"		108",서울,2024-09-08,69.6,47
"		108",서울,2024-09-09,69,50
"		108",서울,2024-09-10,67.3,51
"		108",서울,2024-09-11,71.5,50
"		108",서울,2024-09-12,91.5,85
"		108",서울,2024-09-13,91.4,80
"		108",서울,2024-09-14,80.3,59
"		108",서울,2024-09-15,73.6,59
"		108",서울,2024-09-16,74,58
"		108",서울,2024-09-17,77,59
"		108",서울,2024-09-18,76.8,61
"		108",서울,2024-09-19,77.4,63
"		108",서울,2024-09-20,89.8,80
"		108",서울,2024-09-21,82.3,69
"		108",서울,2024-09-22,67.4,50
"		108",서울,2024-09-23,58.3,42
"		108",서울,2024-09-24,57.9,37
"		108",서울,2024-09-25,65.6,55
"		108",서울,2024-09-26,75.1,57
"		108",서울,2024-09-27,72.8,49
"		108",서울,2024-09-28,59.3,48
"		108",서울,2024-09-29,61.5,47
"		108",서울,2024-09-30,63,45
"		108",서울,2024-10-01,67.5,39
"		108",서울,2024-10-02,48.8,31
"		108",서울,2024-10-03,59,37
"		108",서울,2024-10-04,60,35
"		108",서울,2024-10-05,60.4,38
"		108",서울,2024-10-06,73.5,61
"		108",서울,2024-10-07,73.9,56
"		108",서울,2024-10-08,73.9,51
"		108",서울,2024-10-09,64.1,44
"		108",서울,2024-10-10,66.3,46
"		108",서울,2024-10-11,68.8,40
"		108",서울,2024-10-12,60.6,26
"		108",서울,2024-10-13,67,47
"		108",서울,2024-10-14,70.3,50
"		108",서울,2024-10-15,85,77
"		108",서울,2024-10-16,76.9,49
"		108",서울,2024-10-17,70.4,46
"		108",서울,2024-10-18,86.1,74
"		108",서울,2024-10-19,75,60
"		108",서울,2024-10-20,56,42
"		108",서울,2024-10-21,66.4,52
"		108",서울,2024-10-22,90.8,72
"		108",서울,2024-10-23,75.3,61
"		108",서울,2024-10-24,71.4,49
"		108",서울,2024-10-25,64.1,33
"		108",서울,2024-10-26,68.3,45
"		108",서울,2024-10-27,79.4,67
"		108",서울,2024-10-28,75.9,60
"		108",서울,2024-10-29,64.6,49
"		108",서울,2024-10-30,71.3,46
"		108",서울,2024-10-31,67.8,42
"		108",서울,2025-05-01,69.6,27
"		108",서울,2025-05-02,59.3,34
"		108",서울,2025-05-03,80.5,47
"		108",서울,2025-05-04,60.9,24
"		108",서울,2025-05-05,64.5,53
"		108",서울,2025-05-06,57.5,36
"		108",서울,2025-05-07,61.5,39
"		108",서울,2025-05-08,53.5,24
"		108",서울,2025-05-09,81.8,51
"		108",서울,2025-05-10,95.5,92
"		108",서울,2025-05-11,76.9,55
"		108",서울,2025-05-12,62.6,36
"		108",서울,2025-05-13,47.4,27
"		108",서울,2025-05-14,52.8,31
"		108",서울,2025-05-15,80.9,67
"		108",서울,2025-05-16,92.6,85
"		108",서울,2025-05-17,86.4,62
"		108",서울,2025-05-18,59.3,31
"		108",서울,2025-05-19,70.4,46
"		108",서울,2025-05-20,85.5,69
"		108",서울,2025-05-21,75.5,54
"		108",서울,2025-05-22,68,39
"		108",서울,2025-05-23,53.8,36
"		108",서울,2025-05-24,69.1,53
"		108",서울,2025-05-25,61,44
"		108",서울,2025-05-26,59.4,36
"		108",서울,2025-05-27,57,36
"		108",서울,2025-05-28,62,38
"		108",서울,2025-05-29,58.4,34
"		108",서울,2025-05-30,55,29
"		108",서울,2025-05-31,55,36
"		108",서울,2025-06-01,57.8,39
"		108",서울,2025-06-02,64.3,55
"		108",서울,2025-06-03,56.9,37
"		108",서울,2025-06-04,55.3,34
"		108",서울,2025-06-05,49.8,29
"		108",서울,2025-06-06,42.6,27
"		108",서울,2025-06-07,61.4,42
"		108",서울,2025-06-08,69.3,41
"		108",서울,2025-06-09,66.6,33
"		108",서울,2025-06-10,71.6,58
"		108",서울,2025-06-11,54.6,36
"		108",서울,2025-06-12,50.4,26
"		108",서울,2025-06-13,60.9,40
"		108",서울,2025-06-14,66.3,47
"		108",서울,2025-06-15,69.6,43
"		108",서울,2025-06-16,87.8,79
"		108",서울,2025-06-17,73.3,51
"		108",서울,2025-06-18,65.3,45
"		108",서울,2025-06-19,57.9,33
"		108",서울,2025-06-20,93.4,68
"		108",서울,2025-06-21,88.1,71
"		108",서울,2025-06-22,68.6,48
"		108",서울,2025-06-23,64.8,45
"		108",서울,2025-06-24,63.4,43
"		108",서울,2025-06-25,88.9,72
"		108",서울,2025-06-26,85.3,76
"		108",서울,2025-06-27,78.1,62
"		108",서울,2025-06-28,85,77
"		108",서울,2025-06-29,77.1,61
"		108",서울,2025-06-30,74.6,62
"		108",서울,2025-07-01,78.6,67
"		108",서울,2025-07-02,76.3,60
"		108",서울,2025-07-03,75.5,56
"		108",서울,2025-07-04,77,66
"		108",서울,2025-07-05,72.9,58
"		108",서울,2025-07-06,74.3,59
"		108",서울,2025-07-07,79,65
"		108",서울,2025-07-08,72.5,48
"		108",서울,2025-07-09,61.1,45
"		108",서울,2025-07-10,46.6,33
"		108",서울,2025-07-11,47.1,35
"		108",서울,2025-07-12,47.5,28
"		108",서울,2025-07-13,66.8,55
"		108",서울,2025-07-14,78.3,60
"		108",서울,2025-07-15,84.1,71
"		108",서울,2025-07-16,90.1,74
"		108",서울,2025-07-17,94.3,85
"		108",서울,2025-07-18,89.5,80
"		108",서울,2025-07-19,95.4,87
"		108",서울,2025-07-20,82.8,63
"		108",서울,2025-07-21,77.4,64
"		108",서울,2025-07-22,75.6,57
"		108",서울,2025-07-23,70.4,53
"		108",서울,2025-07-24,68,48
"		108",서울,2025-07-25,64.6,49
"		108",서울,2025-07-26,61.9,42
"		108",서울,2025-07-27,62.4,39
"		108",서울,2025-07-28,67.3,47
"		108",서울,2025-07-29,64,49
"		108",서울,2025-07-30,62.9,38
"		108",서울,2025-07-31,62.3,48
"		108",서울,2025-08-01,66.9,49
"		108",서울,2025-08-02,62.1,45
"		108",서울,2025-08-03,69,52
"		108",서울,2025-08-04,75.5,53
"		108",서울,2025-08-05,67.4,47
"		108",서울,2025-08-06,89,74
"		108",서울,2025-08-07,70.8,49
"		108",서울,2025-08-08,74.8,62
"		108",서울,2025-08-09,82.1,71
"		108",서울,2025-08-10,70,49
"		108",서울,2025-08-11,73.9,64
"		108",서울,2025-08-12,62.9,36
"		108",서울,2025-08-13,91.8,70
"		108",서울,2025-08-14,91.1,80
"		108",서울,2025-08-15,84.3,68
"		108",서울,2025-08-16,76,56
"		108",서울,2025-08-17,76.3,55
"		108",서울,2025-08-18,75.6,51
"		108",서울,2025-08-19,75.3,59
"		108",서울,2025-08-20,74.5,55
"		108",서울,2025-08-21,70.6,50
"		108",서울,2025-08-22,71.5,49
"		108",서울,2025-08-23,74.9,66
"		108",서울,2025-08-24,69.4,48
"		108",서울,2025-08-25,80.6,64
"		108",서울,2025-08-26,81.8,59
"		108",서울,2025-08-27,73.8,50
"		108",서울,2025-08-28,72.9,56
"		108",서울,2025-08-29,82,62
"		108",서울,2025-08-30,81.1,57
"		108",서울,2025-08-31,75.3,61
"		108",서울,2025-09-01,87.3,76
"		108",서울,2025-09-02,74.6,53
"		108",서울,2025-09-03,67.5,39
"		108",서울,2025-09-04,82.1,65
"		108",서울,2025-09-05,68.5,52
"		108",서울,2025-09-06,86.6,70
"		108",서울,2025-09-07,77.5,56
"		108",서울,2025-09-08,73,47
"		108",서울,2025-09-09,71.9,55
"		108",서울,2025-09-10,61.1,27
"		108",서울,2025-09-11,57.6,36
"		108",서울,2025-09-12,68.8,54
"		108",서울,2025-09-13,81,59
"		108",서울,2025-09-14,72,52
"		108",서울,2025-09-15,71.6,50
"		108",서울,2025-09-16,86.8,77
"		108",서울,2025-09-17,92,86
"		108",서울,2025-09-18,74.4,57
"		108",서울,2025-09-19,82,66
"		108",서울,2025-09-20,85.4,67
"		108",서울,2025-09-21,67,48
"		108",서울,2025-09-22,59.8,44
"		108",서울,2025-09-23,56.5,34
"		108",서울,2025-09-24,81.8,59
"		108",서울,2025-09-25,80,51
"		108",서울,2025-09-26,78.1,56
"		108",서울,2025-09-27,71.1,53
"		108",서울,2025-09-28,85.6,73
"		108",서울,2025-09-29,77.8,57
"		108",서울,2025-09-30,81.3,62
"		108",서울,2025-10-01,78.1,54
"		108",서울,2025-10-02,74.5,56
"		108",서울,2025-10-03,75.5,66
"		108",서울,2025-10-04,74.6,67
"		108",서울,2025-10-05,89.6,82
"		108",서울,2025-10-06,93.8,87
"		108",서울,2025-10-07,94.9,86
"		108",서울,2025-10-08,72.8,41
"		108",서울,2025-10-09,69.6,59
"		108",서울,2025-10-10,98.1,89
"		108",서울,2025-10-11,93.1,73
"		108",서울,2025-10-12,84.6,72
"		108",서울,2025-10-13,94.4,83
"		108",서울,2025-10-14,80.3,67
"		108",서울,2025-10-15,74.8,55
"		108",서울,2025-10-16,75.3,59
"		108",서울,2025-10-17,74.8,54
"		108",서울,2025-10-18,87.8,79
"		108",서울,2025-10-19,71.5,57
"		108",서울,2025-10-20,65.9,52
"		108",서울,2025-10-21,68.3,53
"		108",서울,2025-10-22,72.1,53
"		108",서울,2025-10-23,70.3,54
"		108",서울,2025-10-24,66.5,47
"		108",서울,2025-10-25,66.9,45
"		108",서울,2025-10-26,70.1,49
"		108",서울,2025-10-27,45,25
"		108",서울,2025-10-28,52.4,23
"		108",서울,2025-10-29,65,45
"		108",서울,2025-10-30,70.3,49
"		108",서울,2025-10-31,69.9,43
"		",,,,
"	",,,,
"	",,,,
