"		지점번호",지점명,일시,평균기온(℃),최고기온(℃),"	최고기온시각",최저기온(℃),최저기온시각일교차,
"		108",서울,2016-05-01,18.8,26,14:29,12.2,5:20,13.8
"		108",서울,2016-05-02,21.1,28.4,13:46,16.5,5:51,11.9
"		108",서울,2016-05-03,12.9,17.6,0:01,8.9,21:19,8.7
"		108",서울,2016-05-04,15.7,20.6,15:46,10.2,0:01,10.4
"		108",서울,2016-05-05,18.9,26.9,15:36,10.2,6:07,16.7
"		108",서울,2016-05-06,16.3,18.6,6:51,13,23:31,5.6
"		108",서울,2016-05-07,16.5,22.6,15:40,10.7,6:03,11.9
"		108",서울,2016-05-08,19.4,26.8,15:54,11.6,5:44,15.2
"		108",서울,2016-05-09,20.2,25.4,12:15,16.3,5:56,9.1
"		108",서울,2016-05-10,14.5,18.1,0:01,12.5,24:00:00,5.6
"		108",서울,2016-05-11,16.4,23.5,15:37,10.4,5:22,13.1
"		108",서울,2016-05-12,17.8,24,14:54,12.1,4:49,11.9
"		108",서울,2016-05-13,18.6,25.4,16:52,12.7,3:12,12.7
"		108",서울,2016-05-14,20.2,26.9,15:37,15.1,5:28,11.8
"		108",서울,2016-05-15,17.4,24.2,12:38,12.3,23:50,11.9
"		108",서울,2016-05-16,15.9,21.9,15:28,10.8,2:40,11.1
"		108",서울,2016-05-17,19.3,26.6,16:53,10.9,5:32,15.7
"		108",서울,2016-05-18,22.3,29.5,14:41,13.5,5:57,16
"		108",서울,2016-05-19,24.3,31.9,15:59,16.3,6:05,15.6
"		108",서울,2016-05-20,24,31.6,15:52,16.8,5:27,14.8
"		108",서울,2016-05-21,24.1,30.4,14:10,17.8,5:31,12.6
"		108",서울,2016-05-22,24.7,31.7,16:29,17.6,6:03,14.1
"		108",서울,2016-05-23,23.3,29.4,14:10,18.3,6:20,11.1
"		108",서울,2016-05-24,16.8,21.8,0:05,15.4,23:45,6.4
"		108",서울,2016-05-25,19.7,24.4,14:20,15.3,0:27,9.1
"		108",서울,2016-05-26,19.4,22.9,12:07,17.5,23:57,5.4
"		108",서울,2016-05-27,20.9,27.1,14:55,14.8,5:50,12.3
"		108",서울,2016-05-28,21.7,28,15:02,17.2,6:05,10.8
"		108",서울,2016-05-29,21.5,27.6,15:43,17.2,1:55,10.4
"		108",서울,2016-05-30,22.1,28.9,14:50,16.9,5:53,12
"		108",서울,2016-05-31,21.6,27.6,14:33,17.4,5:37,10.2
"		108",서울,2016-06-01,23.3,29.9,15:58,17.1,4:00,12.8
"		108",서울,2016-06-02,23.2,29.1,13:45,17.2,5:35,11.9
"		108",서울,2016-06-03,22.2,27.7,14:31,17.6,5:17,10.1
"		108",서울,2016-06-04,21.2,26.3,15:30,18.2,4:26,8.1
"		108",서울,2016-06-05,24.7,32.2,15:51,17.3,5:28,14.9
"		108",서울,2016-06-06,23.3,28.4,13:30,20.8,5:58,7.6
"		108",서울,2016-06-07,21.7,25.9,16:59,19.6,3:43,6.3
"		108",서울,2016-06-08,22.1,27.7,14:31,18.2,5:28,9.5
"		108",서울,2016-06-09,24.1,31.3,15:01,17.8,5:38,13.5
"		108",서울,2016-06-10,24.6,31.3,13:59,20.2,5:51,11.1
"		108",서울,2016-06-11,23.5,26.5,14:53,20.9,3:36,5.6
"		108",서울,2016-06-12,23.5,26.7,14:49,19.9,23:58,6.8
"		108",서울,2016-06-13,23.5,29.6,15:17,19.4,4:46,10.2
"		108",서울,2016-06-14,23.8,29.5,14:54,19.7,5:06,9.8
"		108",서울,2016-06-15,20.9,24.5,12:23,17.4,7:43,7.1
"		108",서울,2016-06-16,20.9,24.9,15:30,18.6,6:03,6.3
"		108",서울,2016-06-17,23.8,29.1,15:27,18.6,2:46,10.5
"		108",서울,2016-06-18,24.5,29.9,15:24,20.1,5:22,9.8
"		108",서울,2016-06-19,24.1,29.3,15:32,20.3,4:51,9
"		108",서울,2016-06-20,24.7,30.7,16:25,19.6,5:12,11.1
"		108",서울,2016-06-21,26,31.3,13:13,21,5:22,10.3
"		108",서울,2016-06-22,24.3,30.2,13:13,20.9,23:41,9.3
"		108",서울,2016-06-23,24.7,29.4,14:23,19.6,4:34,9.8
"		108",서울,2016-06-24,23.1,25.7,15:36,21.1,23:54,4.6
"		108",서울,2016-06-25,22.8,26.7,17:05,19.2,4:59,7.5
"		108",서울,2016-06-26,24.4,30.3,14:43,19.4,5:32,10.9
"		108",서울,2016-06-27,24.4,29.5,15:07,19.9,4:58,9.6
"		108",서울,2016-06-28,24.7,29.7,14:05,20.4,5:31,9.3
"		108",서울,2016-06-29,25.3,30.2,14:20,20.9,5:35,9.3
"		108",서울,2016-06-30,24.6,26.9,12:38,23,4:55,3.9
"		108",서울,2016-07-01,24,26.6,11:59,22,23:05,4.6
"		108",서울,2016-07-02,23.5,27.7,16:45,20.6,6:30,7.1
"		108",서울,2016-07-03,23.5,26.8,17:11,21.1,4:49,5.7
"		108",서울,2016-07-04,21.8,24.1,8:48,20.2,23:31,3.9
"		108",서울,2016-07-05,23.1,24.8,15:56,20.2,0:01,4.6
"		108",서울,2016-07-06,22.9,26.9,17:27,20.3,4:34,6.6
"		108",서울,2016-07-07,24,28.5,15:34,20.1,2:45,8.4
"		108",서울,2016-07-08,27.3,32.4,16:21,21.2,5:46,11.2
"		108",서울,2016-07-09,27.7,32.7,15:18,23.2,5:48,9.5
"		108",서울,2016-07-10,27.9,33.1,14:25,23.2,5:58,9.9
"		108",서울,2016-07-11,28.4,33.4,14:50,24.8,6:19,8.6
"		108",서울,2016-07-12,26.3,30.9,13:25,22.1,6:38,8.8
"		108",서울,2016-07-13,26.3,29.5,15:18,23.2,5:10,6.3
"		108",서울,2016-07-14,27.5,32.4,15:35,24,5:39,8.4
"		108",서울,2016-07-15,26.2,29.2,10:56,23.7,5:43,5.5
"		108",서울,2016-07-16,20.8,23.8,0:01,19.8,6:05,4
"		108",서울,2016-07-17,21.7,23.1,13:09,20.4,4:51,2.7
"		108",서울,2016-07-18,24.4,28.4,17:34,20.7,4:17,7.7
"		108",서울,2016-07-19,27.1,32.4,14:56,20.9,5:23,11.5
"		108",서울,2016-07-20,28.6,32.9,15:11,24,5:51,8.9
"		108",서울,2016-07-21,28.3,32.2,15:59,24.9,5:53,7.3
"		108",서울,2016-07-22,29.1,34.1,16:20,25.3,6:03,8.8
"		108",서울,2016-07-23,28.7,31.6,13:01,27.2,4:50,4.4
"		108",서울,2016-07-24,28,30.1,16:26,27,3:25,3.1
"		108",서울,2016-07-25,28.4,31.4,15:34,26.4,4:45,5
"		108",서울,2016-07-26,28.4,31.9,14:35,25.6,4:52,6.3
"		108",서울,2016-07-27,27.6,28.9,12:31,26.7,3:26,2.2
"		108",서울,2016-07-28,28,30.5,15:28,26.7,21:06,3.8
"		108",서울,2016-07-29,26.3,28.4,16:38,23.4,7:29,5
"		108",서울,2016-07-30,28.6,33,15:36,26.4,4:58,6.6
"		108",서울,2016-07-31,28.9,32.8,15:06,26.6,6:14,6.2
"		108",서울,2016-08-01,28.4,32.4,13:51,25.8,4:58,6.6
"		108",서울,2016-08-02,27.2,31.1,15:11,25,21:15,6.1
"		108",서울,2016-08-03,29.1,34.2,16:15,24,5:42,10.2
"		108",서울,2016-08-04,30.7,35.7,16:33,26,6:00,9.7
"		108",서울,2016-08-05,31.2,36,16:43,26.5,5:47,9.5
"		108",서울,2016-08-06,30.5,34,15:32,26.6,6:07,7.4
"		108",서울,2016-08-07,30.6,35,15:03,27,6:04,8
"		108",서울,2016-08-08,30.5,35.5,15:28,26.4,5:46,9.1
"		108",서울,2016-08-09,29.3,33.6,13:09,26.4,6:10,7.2
"		108",서울,2016-08-10,29.4,34.8,15:17,26.1,5:34,8.7
"		108",서울,2016-08-11,30.5,36.4,15:08,26.1,6:08,10.3
"		108",서울,2016-08-12,30.4,35.9,15:05,26.4,5:31,9.5
"		108",서울,2016-08-13,30.2,35.1,14:43,26.8,5:56,8.3
"		108",서울,2016-08-14,28.9,31.8,12:10,27.3,23:59,4.5
"		108",서울,2016-08-15,29.1,34,15:34,25.8,6:10,8.2
"		108",서울,2016-08-16,29.3,34.9,14:31,26.2,6:11,8.7
"		108",서울,2016-08-17,29.9,34.7,14:55,25.1,6:03,9.6
"		108",서울,2016-08-18,29.9,34.3,12:28,26.2,6:05,8.1
"		108",서울,2016-08-19,28.9,33.2,15:03,26.6,17:49,6.6
"		108",서울,2016-08-20,30.1,34.9,15:40,26.5,5:39,8.4
"		108",서울,2016-08-21,30.7,36.6,15:44,26.9,6:19,9.7
"		108",서울,2016-08-22,30.7,36.3,16:32,25.8,6:09,10.5
"		108",서울,2016-08-23,28.3,33,12:42,26,6:04,7
"		108",서울,2016-08-24,29.1,32.9,16:26,26.4,5:50,6.5
"		108",서울,2016-08-25,27.1,32.2,13:27,24,22:41,8.2
"		108",서울,2016-08-26,23,28.2,16:40,19.5,7:16,8.7
"		108",서울,2016-08-27,23.4,29.7,15:57,16.9,6:29,12.8
"		108",서울,2016-08-28,21,24.5,10:25,18.3,23:24,6.2
"		108",서울,2016-08-29,22.2,27.1,13:18,17.4,5:35,9.7
"		108",서울,2016-08-30,20.6,24.5,13:04,17.9,6:29,6.6
"		108",서울,2016-08-31,17.7,19.2,19:58,16.1,5:36,3.1
"		108",서울,2016-09-01,23.2,28.6,14:20,15.8,5:56,12.8
"		108",서울,2016-09-02,24.2,29,15:35,20.6,5:54,8.4
"		108",서울,2016-09-03,23.9,28.6,16:46,20.4,2:44,8.2
"		108",서울,2016-09-04,25.6,29.6,14:02,22.1,2:39,7.5
"		108",서울,2016-09-05,26.4,31.1,16:06,23,6:15,8.1
"		108",서울,2016-09-06,24.7,29,13:57,21,6:35,8
"		108",서울,2016-09-07,24.3,28.6,14:57,20.9,6:10,7.7
"		108",서울,2016-09-08,23,26.5,11:13,21.5,6:35,5
"		108",서울,2016-09-09,23.9,29.3,14:30,19.7,5:18,9.6
"		108",서울,2016-09-10,24.4,29.1,15:41,20,4:58,9.1
"		108",서울,2016-09-11,24.5,28.2,13:08,22.1,5:30,6.1
"		108",서울,2016-09-12,23.4,27.5,13:39,21.4,23:41,6.1
"		108",서울,2016-09-13,24.6,30.8,13:52,19.6,6:15,11.2
"		108",서울,2016-09-14,24.6,28.9,14:59,21.4,23:48,7.5
"		108",서울,2016-09-15,23.9,29.5,14:12,18.8,5:44,10.7
"		108",서울,2016-09-16,24.6,29.5,12:33,20.4,6:42,9.1
"		108",서울,2016-09-17,23.1,28.2,14:45,18.5,8:23,9.7
"		108",서울,2016-09-18,23.5,28.3,15:49,20.2,5:45,8.1
"		108",서울,2016-09-19,21.9,27.8,15:10,18.2,6:07,9.6
"		108",서울,2016-09-20,20.6,26.8,15:14,15.4,6:23,11.4
"		108",서울,2016-09-21,20.2,25.3,13:49,14.3,6:28,11
"		108",서울,2016-09-22,21.9,27.2,16:48,17.5,6:30,9.7
"		108",서울,2016-09-23,21.4,27.9,14:13,16.4,6:23,11.5
"		108",서울,2016-09-24,22.3,28.9,15:38,16.5,6:37,12.4
"		108",서울,2016-09-25,23,29.7,15:35,18.6,6:51,11.1
"		108",서울,2016-09-26,23.6,28.9,14:45,19.7,6:09,9.2
"		108",서울,2016-09-27,21,23.8,10:31,19.1,23:52,4.7
"		108",서울,2016-09-28,19.9,21.8,15:52,18.7,4:50,3.1
"		108",서울,2016-09-29,20.4,24.8,13:33,18.2,4:35,6.6
"		108",서울,2016-09-30,20.5,23.5,14:06,17.7,5:36,5.8
"		108",서울,2016-10-01,21.1,25.6,16:02,17.5,6:17,8.1
"		108",서울,2016-10-02,19,22.4,23:49,16.7,17:59,5.7
"		108",서울,2016-10-03,22.7,27.9,15:38,19.6,23:58,8.3
"		108",서울,2016-10-04,22,29,15:01,15.6,6:56,13.4
"		108",서울,2016-10-05,21.1,27.2,14:29,17.5,23:57,9.7
"		108",서울,2016-10-06,18,23.5,15:17,13.6,6:59,9.9
"		108",서울,2016-10-07,19.7,24.8,14:11,16.5,0:01,8.3
"		108",서울,2016-10-08,16.8,21.8,14:10,10.3,23:57,11.5
"		108",서울,2016-10-09,11.3,16.6,14:45,6.5,6:35,10.1
"		108",서울,2016-10-10,14,21.4,15:25,7.4,6:26,14
"		108",서울,2016-10-11,15.4,21.1,15:00,10,5:54,11.1
"		108",서울,2016-10-12,15.5,20.7,15:31,11.4,7:23,9.3
"		108",서울,2016-10-13,15.2,21.9,15:03,9.3,6:56,12.6
"		108",서울,2016-10-14,16.7,23.5,13:51,10.5,6:15,13
"		108",서울,2016-10-15,19.1,27.1,15:04,12.4,6:40,14.7
"		108",서울,2016-10-16,17.2,19.5,13:02,15.4,23:49,4.1
"		108",서울,2016-10-17,17.5,21.7,13:11,14.5,1:38,7.2
"		108",서울,2016-10-18,17,24,14:39,11.2,7:01,12.8
"		108",서울,2016-10-19,18,24.3,13:39,14,7:16,10.3
"		108",서울,2016-10-20,18.6,25.8,15:00,12.9,7:04,12.9
"		108",서울,2016-10-21,17.9,22,13:35,15.7,6:14,6.3
"		108",서울,2016-10-22,18.3,22.8,15:03,14.5,7:33,8.3
"		108",서울,2016-10-23,13.3,17.8,0:01,10.6,17:30,7.2
"		108",서울,2016-10-24,15.1,20.6,15:33,9,6:47,11.6
"		108",서울,2016-10-25,14.1,17.5,16:55,12.5,6:36,5
"		108",서울,2016-10-26,13.3,16.3,12:44,10.5,5:37,5.8
"		108",서울,2016-10-27,14.6,20.9,14:20,8.6,5:36,12.3
"		108",서울,2016-10-28,14.6,18.4,12:23,10.2,23:57,8.2
"		108",서울,2016-10-29,7.8,11.2,13:49,3.5,23:55,7.7
"		108",서울,2016-10-30,7.9,15.1,14:38,1.6,7:23,13.5
"		108",서울,2016-10-31,5.7,8.2,14:35,0.7,23:59,7.5
"		108",서울,2017-05-01,20.1,28.3,15:25,12.8,5:52,15.5
"		108",서울,2017-05-02,20.7,28,14:35,15.2,5:38,12.8
"		108",서울,2017-05-03,21.5,30.2,14:55,14.5,6:13,15.7
"		108",서울,2017-05-04,21,27.5,14:16,14.8,5:52,12.7
"		108",서울,2017-05-05,20.9,27,14:18,15.5,24:00:00,11.5
"		108",서울,2017-05-06,14.9,19.3,12:47,10,6:01,9.3
"		108",서울,2017-05-07,16.6,22.8,15:28,10.9,5:34,11.9
"		108",서울,2017-05-08,17.9,23.5,13:36,11.1,5:36,12.4
"		108",서울,2017-05-09,17.1,22.6,13:56,15.3,5:10,7.3
"		108",서울,2017-05-10,16.4,20.8,16:45,14.2,7:23,6.6
"		108",서울,2017-05-11,19.3,24.8,16:52,13.1,4:11,11.7
"		108",서울,2017-05-12,19.1,21.1,12:22,16.8,23:58,4.3
"		108",서울,2017-05-13,16.4,22.6,11:55,12.4,24:00:00,10.2
"		108",서울,2017-05-14,15.7,20.7,15:26,11,6:04,9.7
"		108",서울,2017-05-15,16,20.1,13:48,12.3,4:01,7.8
"		108",서울,2017-05-16,17.1,22.3,15:15,13.3,4:30,9
"		108",서울,2017-05-17,18.6,25.9,15:06,12.3,5:38,13.6
"		108",서울,2017-05-18,20.4,26.9,15:33,13.9,4:46,13
"		108",서울,2017-05-19,21.1,27.9,14:44,15.1,5:41,12.8
"		108",서울,2017-05-20,20.9,27.3,13:14,15.4,5:22,11.9
"		108",서울,2017-05-21,21.5,27.6,14:53,16,5:14,11.6
"		108",서울,2017-05-22,21.8,28,14:32,15.9,5:32,12.1
"		108",서울,2017-05-23,20,24.4,11:40,17.2,4:13,7.2
"		108",서울,2017-05-24,21.8,27.8,15:45,16.9,6:14,10.9
"		108",서울,2017-05-25,19.2,24.4,13:57,14.4,23:52,10
"		108",서울,2017-05-26,17.7,23.2,16:33,12.4,4:06,10.8
"		108",서울,2017-05-27,19.5,26.4,14:24,13.7,5:28,12.7
"		108",서울,2017-05-28,21.2,27.9,15:08,14.4,4:50,13.5
"		108",서울,2017-05-29,22.9,29.3,14:34,18.1,4:30,11.2
"		108",서울,2017-05-30,23.6,30.3,14:40,18.6,4:20,11.7
"		108",서울,2017-05-31,23.3,29.6,16:22,17.7,4:56,11.9
"		108",서울,2017-06-01,23.3,27,12:49,20,23:57,7
"		108",서울,2017-06-02,20.5,25.6,13:29,15.5,5:30,10.1
"		108",서울,2017-06-03,20.5,26.5,16:14,16.1,5:33,10.4
"		108",서울,2017-06-04,21.7,28.1,15:41,15.1,5:33,13
"		108",서울,2017-06-05,24.2,30.3,16:55,16.4,5:36,13.9
"		108",서울,2017-06-06,19.4,23.9,13:41,14.5,21:03,9.4
"		108",서울,2017-06-07,17.6,19.2,13:39,15.1,0:01,4.1
"		108",서울,2017-06-08,20.1,25.9,14:12,15.1,4:25,10.8
"		108",서울,2017-06-09,21.2,25.7,14:12,17.9,1:33,7.8
"		108",서울,2017-06-10,21.5,27.5,16:09,16.7,6:46,10.8
"		108",서울,2017-06-11,22.8,29.6,16:08,14.8,5:53,14.8
"		108",서울,2017-06-12,22.1,28,15:54,17,5:31,11
"		108",서울,2017-06-13,21.5,25.9,15:33,18.3,4:58,7.6
"		108",서울,2017-06-14,21.8,26.8,14:58,17.8,4:58,9
"		108",서울,2017-06-15,23.1,29.6,15:03,18,5:05,11.6
"		108",서울,2017-06-16,25.5,32.7,14:48,20,5:05,12.7
"		108",서울,2017-06-17,24.2,29.9,15:51,20.6,6:10,9.3
"		108",서울,2017-06-18,24.3,31.8,14:42,18.6,5:06,13.2
"		108",서울,2017-06-19,24.8,30.2,15:26,19.5,4:37,10.7
"		108",서울,2017-06-20,26,32.7,13:40,20,5:13,12.7
"		108",서울,2017-06-21,25.4,31.6,14:04,21.7,23:51,9.9
"		108",서울,2017-06-22,25.3,30.4,13:51,21.2,1:37,9.2
"		108",서울,2017-06-23,26.7,34.1,13:40,21.3,5:43,12.8
"		108",서울,2017-06-24,24.5,27.8,11:39,21.5,23:58,6.3
"		108",서울,2017-06-25,23.8,28.4,13:37,21,4:43,7.4
"		108",서울,2017-06-26,23.1,29.9,15:08,20.1,9:01,9.8
"		108",서울,2017-06-27,25.2,30.5,15:15,20.8,4:12,9.7
"		108",서울,2017-06-28,26,30.5,15:54,22.5,4:40,8
"		108",서울,2017-06-29,26.2,31.5,15:22,21.9,5:32,9.6
"		108",서울,2017-06-30,25.9,30.9,14:45,22.2,4:51,8.7
"		108",서울,2017-07-01,25.3,30.7,14:48,22.4,5:58,8.3
"		108",서울,2017-07-02,24.3,26.8,13:32,21.9,23:58,4.9
"		108",서울,2017-07-03,24.7,27.4,13:32,21.9,0:05,5.5
"		108",서울,2017-07-04,26.7,31.6,14:36,23.8,5:52,7.8
"		108",서울,2017-07-05,27.4,32.6,17:08,23.3,4:15,9.3
"		108",서울,2017-07-06,27.6,34.6,15:19,23.9,5:32,10.7
"		108",서울,2017-07-07,26.4,28.4,14:15,24.4,5:24,4
"		108",서울,2017-07-08,26,27.6,14:32,24.6,8:51,3
"		108",서울,2017-07-09,26.3,30.3,14:36,23.8,23:59,6.5
"		108",서울,2017-07-10,24,25.4,10:00,22.6,22:23,2.8
"		108",서울,2017-07-11,26,30.9,15:30,22.2,4:36,8.7
"		108",서울,2017-07-12,27.1,31.1,16:09,24.9,23:58,6.2
"		108",서울,2017-07-13,27.6,32.1,14:46,23.1,5:31,9
"		108",서울,2017-07-14,28.7,33,14:09,26.1,5:56,6.9
"		108",서울,2017-07-15,25,27.3,0:01,23.4,5:23,3.9
"		108",서울,2017-07-16,26.2,28.8,14:39,23.4,4:46,5.4
"		108",서울,2017-07-17,26.8,29,11:46,24,23:40,5
"		108",서울,2017-07-18,26.5,30.7,16:44,23.9,0:28,6.8
"		108",서울,2017-07-19,28.3,34.1,15:22,24.5,6:04,9.6
"		108",서울,2017-07-20,29.9,34.9,14:56,26,4:37,8.9
"		108",서울,2017-07-21,29.8,32.4,16:43,27.3,5:34,5.1
"		108",서울,2017-07-22,29.3,32.5,15:34,27.5,8:31,5
"		108",서울,2017-07-23,27,28.1,0:01,26.1,10:16,2
"		108",서울,2017-07-24,26.2,27.3,10:52,25.6,4:30,1.7
"		108",서울,2017-07-25,29.4,35.4,16:04,24.6,5:38,10.8
"		108",서울,2017-07-26,28.7,32.8,15:57,24.2,5:39,8.6
"		108",서울,2017-07-27,27.1,29.7,15:01,24.9,6:20,4.8
"		108",서울,2017-07-28,25.5,26.9,17:34,24.8,4:56,2.1
"		108",서울,2017-07-29,27.2,30.1,16:16,25,1:07,5.1
"		108",서울,2017-07-30,27.9,32.6,15:41,24.7,4:49,7.9
"		108",서울,2017-07-31,25.7,27.1,0:01,24.8,23:59,2.3
"		108",서울,2017-08-01,28.6,33,14:28,24.1,6:17,8.9
"		108",서울,2017-08-02,30,33,16:19,26.6,5:31,6.4
"		108",서울,2017-08-03,30.2,33.9,15:18,27.2,6:10,6.7
"		108",서울,2017-08-04,30.3,35.3,16:39,25.9,6:00,9.4
"		108",서울,2017-08-05,31.4,34.8,16:22,27.6,5:55,7.2
"		108",서울,2017-08-06,29.8,34,16:39,28.2,10:51,5.8
"		108",서울,2017-08-07,29.2,34.4,15:23,26.4,4:44,8
"		108",서울,2017-08-08,28.2,31,17:53,25.5,6:20,5.5
"		108",서울,2017-08-09,27.6,32,15:45,24.6,23:59,7.4
"		108",서울,2017-08-10,24.8,26.3,15:17,23.9,5:10,2.4
"		108",서울,2017-08-11,27,32.4,16:08,23.9,2:48,8.5
"		108",서울,2017-08-12,27.8,32.6,13:46,23.2,5:45,9.4
"		108",서울,2017-08-13,26.3,28.4,14:00,24.2,7:33,4.2
"		108",서울,2017-08-14,24.6,27.1,12:12,23.1,19:45,4
"		108",서울,2017-08-15,21.9,24,0:12,20.8,22:36,3.2
"		108",서울,2017-08-16,23.3,26.8,14:26,20.5,4:55,6.3
"		108",서울,2017-08-17,24.8,27.7,14:49,21.2,3:41,6.5
"		108",서울,2017-08-18,26.3,30.6,16:20,23.9,5:35,6.7
"		108",서울,2017-08-19,26.1,28.7,13:59,23.1,6:09,5.6
"		108",서울,2017-08-20,23.2,25.8,0:01,22,7:26,3.8
"		108",서울,2017-08-21,25.8,29.2,16:27,23.7,0:01,5.5
"		108",서울,2017-08-22,27.3,31.5,16:34,23.4,6:10,8.1
"		108",서울,2017-08-23,27.2,30.2,14:59,24.6,6:17,5.6
"		108",서울,2017-08-24,26.5,28.1,12:06,23.9,24:00:00,4.2
"		108",서울,2017-08-25,25.3,30.6,16:16,22.2,6:04,8.4
"		108",서울,2017-08-26,24.2,29.2,15:48,19,5:47,10.2
"		108",서울,2017-08-27,22.7,26.7,15:09,19,5:20,7.7
"		108",서울,2017-08-28,21.5,26.5,11:43,18.3,23:52,8.2
"		108",서울,2017-08-29,19.5,24,16:07,17,23:41,7
"		108",서울,2017-08-30,19.8,23.9,17:15,16.1,5:54,7.8
"		108",서울,2017-08-31,22.2,27.6,15:19,16.6,6:01,11
"		108",서울,2017-09-01,23.3,29.7,16:08,17.1,6:26,12.6
"		108",서울,2017-09-02,23.8,29.6,14:32,18.6,6:06,11
"		108",서울,2017-09-03,23.7,29.2,16:13,19,6:03,10.2
"		108",서울,2017-09-04,24.6,30.1,14:33,19.7,5:27,10.4
"		108",서울,2017-09-05,21.9,23.7,13:29,20.4,5:30,3.3
"		108",서울,2017-09-06,20.6,24,11:35,18.5,23:38,5.5
"		108",서울,2017-09-07,22.4,27.5,15:09,17.8,3:54,9.7
"		108",서울,2017-09-08,24.3,29.9,15:41,20.4,5:07,9.5
"		108",서울,2017-09-09,23.8,28.2,14:47,19.2,6:22,9
"		108",서울,2017-09-10,23,26.1,14:41,19.9,5:46,6.2
"		108",서울,2017-09-11,21.2,24.6,16:47,18.6,6:54,6
"		108",서울,2017-09-12,22.1,27.9,14:49,17.7,6:08,10.2
"		108",서울,2017-09-13,21.4,27.5,15:26,15.9,6:29,11.6
"		108",서울,2017-09-14,22.4,29.5,14:13,14.8,6:42,14.7
"		108",서울,2017-09-15,22.6,27.9,15:34,17.8,6:13,10.1
"		108",서울,2017-09-16,22,27.6,14:49,16.7,6:23,10.9
"		108",서울,2017-09-17,23.1,29.2,14:58,19,4:57,10.2
"		108",서울,2017-09-18,21.9,27.6,14:24,16.4,6:37,11.2
"		108",서울,2017-09-19,22.6,25.8,14:42,20.1,2:24,5.7
"		108",서울,2017-09-20,19.5,24.9,15:01,14.1,6:30,10.8
"		108",서울,2017-09-21,20.3,27,15:27,14.2,6:18,12.8
"		108",서울,2017-09-22,20.6,26.8,13:36,15.4,5:33,11.4
"		108",서울,2017-09-23,21.8,27.3,14:23,17.6,2:27,9.7
"		108",서울,2017-09-24,22.4,27.9,14:03,18.8,2:44,9.1
"		108",서울,2017-09-25,23.4,30.1,14:22,17.4,6:25,12.7
"		108",서울,2017-09-26,25.1,31.4,14:47,19.4,6:27,12
"		108",서울,2017-09-27,22.7,27.3,15:05,19.9,23:55,7.4
"		108",서울,2017-09-28,19.2,25.3,13:31,14.2,23:49,11.1
"		108",서울,2017-09-29,17.4,23.5,13:34,11.2,6:25,12.3
"		108",서울,2017-09-30,20,25.9,14:45,14.7,6:37,11.2
"		108",서울,2017-10-01,18.2,21.2,12:03,15.5,22:56,5.7
"		108",서울,2017-10-02,22,29.4,15:10,15.6,0:01,13.8
"		108",서울,2017-10-03,17.6,23.6,14:11,13.4,6:56,10.2
"		108",서울,2017-10-04,16.7,24.3,14:02,10.7,6:07,13.6
"		108",서울,2017-10-05,18.7,23.4,13:07,13.9,5:31,9.5
"		108",서울,2017-10-06,18.9,23.3,11:03,16.2,4:35,7.1
"		108",서울,2017-10-07,21.9,28.8,15:28,16.9,6:18,11.9
"		108",서울,2017-10-08,23,28.7,13:28,19.3,6:48,9.4
"		108",서울,2017-10-09,22.5,27.6,15:33,19.8,23:44,7.8
"		108",서울,2017-10-10,21.4,24.8,13:47,18.6,4:15,6.2
"		108",서울,2017-10-11,15.5,21.7,0:01,12.2,23:47,9.5
"		108",서울,2017-10-12,11.4,,,8.8,23:51,
"		108",서울,2017-10-13,12.8,18.9,14:20,6.1,6:29,12.8
"		108",서울,2017-10-14,14.4,20.5,13:20,9,6:49,11.5
"		108",서울,2017-10-15,15.8,23,14:48,9,6:25,14
"		108",서울,2017-10-16,16.6,22,14:39,13.6,23:51,8.4
"		108",서울,2017-10-17,16.2,23.9,14:45,9.2,6:34,14.7
"		108",서울,2017-10-18,16.5,19.1,11:47,14.2,0:01,4.9
"		108",서울,2017-10-19,17,23.2,13:28,11.9,7:08,11.3
"		108",서울,2017-10-20,17,24.2,15:08,11.1,6:45,13.1
"		108",서울,2017-10-21,17.6,25.2,14:18,11,7:14,14.2
"		108",서울,2017-10-22,16.3,23.5,12:18,11,6:44,12.5
"		108",서울,2017-10-23,13.7,20.6,14:24,8.6,6:45,12
"		108",서울,2017-10-24,14.4,20.9,13:13,9.9,3:38,11
"		108",서울,2017-10-25,14.4,20.6,14:55,9.5,6:51,11.1
"		108",서울,2017-10-26,14.5,18.1,13:55,10.7,4:44,7.4
"		108",서울,2017-10-27,16.9,24.2,14:54,11.9,7:28,12.3
"		108",서울,2017-10-28,17.2,24.8,13:54,10.6,6:42,14.2
"		108",서울,2017-10-29,11.5,17.2,12:24,6.3,23:50,10.9
"		108",서울,2017-10-30,7.7,13.2,15:34,2.5,7:31,10.7
"		108",서울,2017-10-31,10.4,16,15:24,3.6,6:34,12.4
"		108",서울,2018-05-01,20.4,23.3,13:18,17.8,5:42,5.5
"		108",서울,2018-05-02,15.1,19.7,0:01,8.7,23:55,11
"		108",서울,2018-05-03,11.2,14.7,10:51,6.9,4:44,7.8
"		108",서울,2018-05-04,14.1,20,14:55,8.8,5:42,11.2
"		108",서울,2018-05-05,18.3,24.6,14:33,11.6,2:50,13
"		108",서울,2018-05-06,16.6,20.7,17:42,15,6:28,5.7
"		108",서울,2018-05-07,19.2,25.5,17:00,14,5:49,11.5
"		108",서울,2018-05-08,17.5,22.9,15:34,11.6,23:57,11.3
"		108",서울,2018-05-09,15.7,21.8,16:29,9.2,5:27,12.6
"		108",서울,2018-05-10,15.4,21.4,13:50,11.3,5:32,10.1
"		108",서울,2018-05-11,16.1,21.3,13:37,11.9,2:57,9.4
"		108",서울,2018-05-12,14.2,16.1,0:01,11.8,8:25,4.3
"		108",서울,2018-05-13,15.8,20,15:14,12.7,23:50,7.3
"		108",서울,2018-05-14,18.2,24.5,16:28,11.9,2:35,12.6
"		108",서울,2018-05-15,23.2,29.3,15:19,15.4,5:25,13.9
"		108",서울,2018-05-16,22.3,24.4,0:01,21.8,12:44,2.6
"		108",서울,2018-05-17,20.9,23.5,13:34,18.8,4:34,4.7
"		108",서울,2018-05-18,16.3,19.3,0:01,12.2,23:52,7.1
"		108",서울,2018-05-19,17.6,24.7,16:42,10.3,4:55,14.4
"		108",서울,2018-05-20,17,22.6,17:09,11.5,5:51,11.1
"		108",서울,2018-05-21,17.8,23.7,14:49,11.3,5:43,12.4
"		108",서울,2018-05-22,18.1,23.2,12:09,15.4,2:30,7.8
"		108",서울,2018-05-23,17.3,23.3,15:13,13.6,6:23,9.7
"		108",서울,2018-05-24,18.3,23.7,14:13,11.2,5:10,12.5
"		108",서울,2018-05-25,19.7,26.2,13:47,13.8,5:46,12.4
"		108",서울,2018-05-26,21.8,29.6,14:56,14,5:38,15.6
"		108",서울,2018-05-27,20.3,24.7,14:28,17.3,5:58,7.4
"		108",서울,2018-05-28,22.3,29.1,14:24,16.2,6:00,12.9
"		108",서울,2018-05-29,21.4,25.9,14:13,19.1,23:56,6.8
"		108",서울,2018-05-30,20.2,24.7,15:11,15.8,23:54,8.9
"		108",서울,2018-05-31,20.9,27.6,16:23,14.2,5:45,13.4
"		108",서울,2018-06-01,23.8,30.2,14:48,17.5,5:43,12.7
"		108",서울,2018-06-02,23.4,30.1,14:10,17.6,5:08,12.5
"		108",서울,2018-06-03,24,30.8,14:58,16.9,5:38,13.9
"		108",서울,2018-06-04,22.6,27.5,13:01,18.9,5:45,8.6
"		108",서울,2018-06-05,23.7,29.2,15:03,17.7,5:36,11.5
"		108",서울,2018-06-06,23,27.9,14:31,18.4,5:38,9.5
"		108",서울,2018-06-07,22.2,29.4,16:01,17.8,4:55,11.6
"		108",서울,2018-06-08,21.9,27,17:03,18.5,3:08,8.5
"		108",서울,2018-06-09,23.7,30.1,14:00,18.9,5:03,11.2
"		108",서울,2018-06-10,21.3,24.9,15:02,18.3,3:48,6.6
"		108",서울,2018-06-11,20.2,23.9,13:25,18,23:34,5.9
"		108",서울,2018-06-12,21.3,27.1,15:32,16.6,6:12,10.5
"		108",서울,2018-06-13,22,27,13:47,18.3,2:06,8.7
"		108",서울,2018-06-14,21.6,25.1,15:41,18.8,8:14,6.3
"		108",서울,2018-06-15,21.7,27,15:32,17.2,5:22,9.8
"		108",서울,2018-06-16,22.5,28.7,16:30,16.3,5:33,12.4
"		108",서울,2018-06-17,22.8,27.5,14:35,18.9,5:07,8.6
"		108",서울,2018-06-18,24.8,30.8,15:43,19.9,5:01,10.9
"		108",서울,2018-06-19,22.4,27.2,13:42,19.1,5:21,8.1
"		108",서울,2018-06-20,22.7,28.4,15:20,19.1,3:46,9.3
"		108",서울,2018-06-21,23.7,28.7,16:45,19.4,4:58,9.3
"		108",서울,2018-06-22,25,32,14:51,18.2,5:32,13.8
"		108",서울,2018-06-23,24.5,28.9,15:35,20.9,5:31,8
"		108",서울,2018-06-24,25.2,32.1,14:15,20.1,5:17,12
"		108",서울,2018-06-25,27.1,32.9,15:12,21.3,5:41,11.6
"		108",서울,2018-06-26,22.3,26.9,0:01,20.2,9:30,6.7
"		108",서울,2018-06-27,22.3,25.5,14:49,19.1,4:25,6.4
"		108",서울,2018-06-28,23.3,27.3,12:53,20.6,17:55,6.7
"		108",서울,2018-06-29,24.7,29.1,16:01,21.9,0:01,7.2
"		108",서울,2018-06-30,24.4,27.9,15:01,21.6,4:12,6.3
"		108",서울,2018-07-01,21.9,22.8,2:13,21,12:01,1.8
"		108",서울,2018-07-02,22.6,25.3,16:56,20.6,6:23,4.7
"		108",서울,2018-07-03,27.4,32.6,17:04,22.5,5:10,10.1
"		108",서울,2018-07-04,27.3,31.8,15:33,24,5:35,7.8
"		108",서울,2018-07-05,25.3,29,15:15,23.4,6:20,5.6
"		108",서울,2018-07-06,23.9,27.1,14:02,21.5,23:59,5.6
"		108",서울,2018-07-07,23.7,29.2,16:12,19.5,5:52,9.7
"		108",서울,2018-07-08,23.3,28.1,15:25,17.7,6:26,10.4
"		108",서울,2018-07-09,20.8,24.2,0:01,20.1,14:08,4.1
"		108",서울,2018-07-10,23.7,26.5,16:30,20.4,0:01,6.1
"		108",서울,2018-07-11,26.8,29.5,14:53,24.4,3:47,5.1
"		108",서울,2018-07-12,26.6,28.2,15:13,25.1,23:55,3.1
"		108",서울,2018-07-13,27.3,30.9,17:54,24.7,1:12,6.2
"		108",서울,2018-07-14,27.9,31.9,15:52,24.6,5:29,7.3
"		108",서울,2018-07-15,28.3,33.2,15:19,24.5,4:01,8.7
"		108",서울,2018-07-16,28.7,34,14:29,24,5:57,10
"		108",서울,2018-07-17,28.1,32.1,14:36,23.9,6:05,8.2
"		108",서울,2018-07-18,28.2,33.2,15:17,23.7,5:32,9.5
"		108",서울,2018-07-19,28.7,34.1,16:51,23.2,6:13,10.9
"		108",서울,2018-07-20,29.5,34.7,16:18,24.6,5:46,10.1
"		108",서울,2018-07-21,30.6,36.9,15:48,24.9,5:24,12
"		108",서울,2018-07-22,31.8,38,15:27,25.3,5:36,12.7
"		108",서울,2018-07-23,31.7,35.7,14:50,29.2,4:04,6.5
"		108",서울,2018-07-24,31.4,36.8,13:33,27.2,5:39,9.6
"		108",서울,2018-07-25,30.1,34.1,15:54,27.7,24:00:00,6.4
"		108",서울,2018-07-26,30.1,33.7,15:43,27.3,5:16,6.4
"		108",서울,2018-07-27,30.9,35.4,12:58,27.2,4:56,8.2
"		108",서울,2018-07-28,29.5,35.2,13:40,28,5:18,7.2
"		108",서울,2018-07-29,31.3,36.7,16:36,26.4,5:51,10.3
"		108",서울,2018-07-30,31.7,36.9,16:24,26.2,5:29,10.7
"		108",서울,2018-07-31,32.6,38.3,15:19,27.8,6:04,10.5
"		108",서울,2018-08-01,33.6,39.6,15:36,27.8,5:56,11.8
"		108",서울,2018-08-02,33.7,37.9,15:58,30.3,6:07,7.6
"		108",서울,2018-08-03,33.1,37.9,14:15,30,23:42,7.9
"		108",서울,2018-08-04,31.1,34.9,15:44,28,23:35,6.9
"		108",서울,2018-08-05,30,33.9,13:38,27.2,5:07,6.7
"		108",서울,2018-08-06,30.5,35.3,16:37,28.3,4:58,7
"		108",서울,2018-08-07,30.5,35.9,16:37,26.8,5:38,9.1
"		108",서울,2018-08-08,31,35.3,16:17,27.6,5:55,7.7
"		108",서울,2018-08-09,28.8,32.5,15:28,27.1,23:50,5.4
"		108",서울,2018-08-10,30.7,36.8,16:34,25.7,5:59,11.1
"		108",서울,2018-08-11,31,36,16:11,26.4,6:05,9.6
"		108",서울,2018-08-12,30.6,35.3,13:47,27.2,5:55,8.1
"		108",서울,2018-08-13,30.5,34.4,15:18,26.7,5:31,7.7
"		108",서울,2018-08-14,31.7,37.2,14:56,27.7,6:08,9.5
"		108",서울,2018-08-15,31.7,38,14:17,28.3,6:08,9.7
"		108",서울,2018-08-16,29.9,35.6,13:31,24.1,23:56,11.5
"		108",서울,2018-08-17,27.2,33.8,15:45,21.7,6:02,12.1
"		108",서울,2018-08-18,26.7,32.1,15:09,21.5,6:12,10.6
"		108",서울,2018-08-19,28.2,34.4,14:36,23,6:08,11.4
"		108",서울,2018-08-20,29.1,33.3,14:30,25.1,6:16,8.2
"		108",서울,2018-08-21,26.6,31,16:47,23.4,6:43,7.6
"		108",서울,2018-08-22,30.7,37.6,16:08,23.4,4:53,14.2
"		108",서울,2018-08-23,29.4,32.2,15:07,25.7,23:48,6.5
"		108",서울,2018-08-24,24.4,26.3,11:01,23.2,23:40,3.1
"		108",서울,2018-08-25,25.2,29.3,14:01,22.7,23:55,6.6
"		108",서울,2018-08-26,23.2,29,11:36,20.3,6:13,8.7
"		108",서울,2018-08-27,22.7,24.9,16:37,20.2,1:35,4.7
"		108",서울,2018-08-28,23.7,26.1,10:29,22.5,4:42,3.6
"		108",서울,2018-08-29,25.2,27.4,11:47,22.7,0:01,4.7
"		108",서울,2018-08-30,25.3,28.2,12:59,23.9,3:17,4.3
"		108",서울,2018-08-31,25.6,30.3,14:57,22.8,7:19,7.5
"		108",서울,2018-09-01,25.5,30.9,15:28,20.8,6:15,10.1
"		108",서울,2018-09-02,25.1,29.6,15:14,20.1,6:03,9.5
"		108",서울,2018-09-03,23.3,25.8,15:21,21.4,23:42,4.4
"		108",서울,2018-09-04,23.2,27.8,16:26,20,5:40,7.8
"		108",서울,2018-09-05,24,28.5,14:36,19.6,6:16,8.9
"		108",서울,2018-09-06,24.1,28.2,13:53,20.9,6:35,7.3
"		108",서울,2018-09-07,22,25.5,13:37,19.1,23:30,6.4
"		108",서울,2018-09-08,21.7,27.7,15:43,15.9,6:53,11.8
"		108",서울,2018-09-09,22.2,28.9,14:50,15.6,6:20,13.3
"		108",서울,2018-09-10,22.9,28.4,15:19,18.6,6:16,9.8
"		108",서울,2018-09-11,21.6,26.1,14:45,16.8,6:18,9.3
"		108",서울,2018-09-12,22.8,28.2,15:51,16.8,6:21,11.4
"		108",서울,2018-09-13,23.5,28.3,15:24,20.3,5:47,8
"		108",서울,2018-09-14,23.5,26.8,13:10,20.3,6:22,6.5
"		108",서울,2018-09-15,23.3,26,12:33,21,5:59,5
"		108",서울,2018-09-16,22.2,23.9,12:12,21,19:36,2.9
"		108",서울,2018-09-17,22.3,27.7,15:05,18.5,6:30,9.2
"		108",서울,2018-09-18,22,26.5,15:51,17.7,5:36,8.8
"		108",서울,2018-09-19,22.1,26.6,13:05,18.9,6:14,7.7
"		108",서울,2018-09-20,19,20.1,0:01,17.8,7:19,2.3
"		108",서울,2018-09-21,19.4,21.9,14:50,17.6,5:37,4.3
"		108",서울,2018-09-22,20.8,25.5,14:27,17.2,23:57,8.3
"		108",서울,2018-09-23,19.4,25.3,15:15,15.6,2:34,9.7
"		108",서울,2018-09-24,17.6,22.1,14:48,14.2,5:16,7.9
"		108",서울,2018-09-25,17.8,24.3,15:19,10.8,6:45,13.5
"		108",서울,2018-09-26,19.4,24.8,14:41,16.2,5:22,8.6
"		108",서울,2018-09-27,18.9,25,14:16,13.2,6:26,11.8
"		108",서울,2018-09-28,17.5,22.2,16:08,14.3,6:08,7.9
"		108",서울,2018-09-29,20.2,27,15:20,14.6,5:53,12.4
"		108",서울,2018-09-30,17.6,21.6,14:53,14,23:12,7.6
"		108",서울,2018-10-01,15.4,19.7,14:18,13,24:00:00,6.7
"		108",서울,2018-10-02,15.9,22,16:22,10.3,6:53,11.7
"		108",서울,2018-10-03,17.3,24.2,15:26,11.2,6:43,13
"		108",서울,2018-10-04,19.3,25.6,15:10,13,5:21,12.6
"		108",서울,2018-10-05,16.9,19,0:01,15.7,10:13,3.3
"		108",서울,2018-10-06,18,21.7,15:51,16.3,24:00:00,5.4
"		108",서울,2018-10-07,16.4,21.1,15:24,12.3,23:55,8.8
"		108",서울,2018-10-08,14.8,20.9,14:37,9.2,6:41,11.7
"		108",서울,2018-10-09,15.3,19.8,12:30,10.7,4:49,9.1
"		108",서울,2018-10-10,12,16.7,0:13,7.9,23:48,8.8
"		108",서울,2018-10-11,9.7,13.9,13:31,6.1,7:10,7.8
"		108",서울,2018-10-12,10.9,17.4,15:08,5.2,7:07,12.2
"		108",서울,2018-10-13,12.5,19.8,15:00,6.1,7:07,13.7
"		108",서울,2018-10-14,13.2,20.3,14:57,6.8,6:38,13.5
"		108",서울,2018-10-15,15.2,21,15:30,10.9,3:46,10.1
"		108",서울,2018-10-16,14.5,20.3,14:17,9.9,5:54,10.4
"		108",서울,2018-10-17,12.4,18.6,14:27,8.4,6:49,10.2
"		108",서울,2018-10-18,12.7,19,14:56,7.5,5:41,11.5
"		108",서울,2018-10-19,13.1,20.4,14:09,7.2,5:50,13.2
"		108",서울,2018-10-20,13.4,21.4,14:52,6.9,6:59,14.5
"		108",서울,2018-10-21,13.4,21.1,15:12,7.2,6:37,13.9
"		108",서울,2018-10-22,14,20.6,14:00,8.8,6:47,11.8
"		108",서울,2018-10-23,12.2,16.9,15:24,9.8,5:21,7.1
"		108",서울,2018-10-24,12.5,18.7,15:20,7.6,7:26,11.1
"		108",서울,2018-10-25,13.8,21.2,14:51,7,6:41,14.2
"		108",서울,2018-10-26,12.2,14.7,15:36,9.9,23:37,4.8
"		108",서울,2018-10-27,8.7,11.6,14:59,6.2,22:49,5.4
"		108",서울,2018-10-28,8.3,13.5,14:35,5.2,23:54,8.3
"		108",서울,2018-10-29,7.2,11.7,13:56,3.4,23:58,8.3
"		108",서울,2018-10-30,6.1,11.6,15:16,0.7,5:32,10.9
"		108",서울,2018-10-31,7.4,12.6,15:22,3,7:19,9.6
"		108",서울,2019-05-01,16.4,22.2,14:09,11.2,6:03,11
"		108",서울,2019-05-02,17.1,25.3,14:54,10.6,5:55,14.7
"		108",서울,2019-05-03,17.9,26.1,14:13,10.1,5:50,16
"		108",서울,2019-05-04,19.5,27.4,14:56,12,6:01,15.4
"		108",서울,2019-05-05,19.2,26.5,13:06,13.6,6:03,12.9
"		108",서울,2019-05-06,14.5,19.8,15:54,9.8,6:01,10
"		108",서울,2019-05-07,15,21.9,14:34,8.4,6:02,13.5
"		108",서울,2019-05-08,15.6,21.3,15:36,10.1,5:37,11.2
"		108",서울,2019-05-09,16.6,22.9,15:27,11.7,5:32,11.2
"		108",서울,2019-05-10,17.8,26.8,15:18,10.3,5:43,16.5
"		108",서울,2019-05-11,20.3,28.3,14:30,13.2,5:45,15.1
"		108",서울,2019-05-12,21.6,28.9,15:24,14.7,5:06,14.2
"		108",서울,2019-05-13,18.7,22.8,12:44,15.5,23:32,7.3
"		108",서울,2019-05-14,19.6,26.9,14:29,12.9,5:17,14
"		108",서울,2019-05-15,20.7,28,15:42,14.8,5:29,13.2
"		108",서울,2019-05-16,23.5,30,14:50,16.7,5:39,13.3
"		108",서울,2019-05-17,23.6,28.3,15:28,17.6,5:43,10.7
"		108",서울,2019-05-18,22.8,25.9,16:31,19.1,6:07,6.8
"		108",서울,2019-05-19,19.4,21.6,0:01,17.9,5:42,3.7
"		108",서울,2019-05-20,16.4,20.2,0:43,13,23:52,7.2
"		108",서울,2019-05-21,17.2,23.8,14:49,11.7,5:07,12.1
"		108",서울,2019-05-22,19.5,26.5,15:39,12.3,5:59,14.2
"		108",서울,2019-05-23,22.1,29.2,16:07,15,5:43,14.2
"		108",서울,2019-05-24,24.2,33.4,16:22,16.2,5:20,17.2
"		108",서울,2019-05-25,23.4,28.6,15:38,18.4,6:04,10.2
"		108",서울,2019-05-26,24.5,31.1,13:42,18.6,6:13,12.5
"		108",서울,2019-05-27,17.8,22.3,2:21,14.3,23:56,8
"		108",서울,2019-05-28,18.1,24.6,14:44,11.9,5:15,12.7
"		108",서울,2019-05-29,20.3,26.5,14:59,13.3,5:17,13.2
"		108",서울,2019-05-30,19.6,24.5,11:23,14.6,5:11,9.9
"		108",서울,2019-05-31,19.1,23.3,14:48,16.1,23:55,7.2
"		108",서울,2019-06-01,18.9,23.7,17:14,14.8,3:21,8.9
"		108",서울,2019-06-02,21.1,27.8,14:38,14.1,5:24,13.7
"		108",서울,2019-06-03,23.1,29.5,16:33,16,5:45,13.5
"		108",서울,2019-06-04,22.6,29,14:14,17.6,5:17,11.4
"		108",서울,2019-06-05,23,29.6,14:06,17.8,2:36,11.8
"		108",서울,2019-06-06,21.2,25.1,13:36,18.6,3:45,6.5
"		108",서울,2019-06-07,20,24.7,17:42,17,5:15,7.7
"		108",서울,2019-06-08,21.9,27.6,14:34,16,5:04,11.6
"		108",서울,2019-06-09,21.6,26.5,13:02,17.1,23:24,9.4
"		108",서울,2019-06-10,18.4,21.9,16:39,15.7,3:59,6.2
"		108",서울,2019-06-11,20.5,26.1,16:04,15.5,5:53,10.6
"		108",서울,2019-06-12,21.5,26.4,14:04,16.1,5:38,10.3
"		108",서울,2019-06-13,23,28.8,15:49,16.6,5:34,12.2
"		108",서울,2019-06-14,23,28.4,15:06,19.1,5:28,9.3
"		108",서울,2019-06-15,21.9,27.4,16:13,17.9,23:59,9.5
"		108",서울,2019-06-16,22,27.2,16:19,16.1,5:26,11.1
"		108",서울,2019-06-17,21.7,26.2,15:15,18.1,6:14,8.1
"		108",서울,2019-06-18,20.8,24.8,13:45,17,7:22,7.8
"		108",서울,2019-06-19,21.4,25.4,14:17,18.9,4:28,6.5
"		108",서울,2019-06-20,22.7,27.8,16:02,19.8,5:25,8
"		108",서울,2019-06-21,22.1,26.1,15:03,19.4,2:20,6.7
"		108",서울,2019-06-22,24.2,30.6,15:23,17.7,5:01,12.9
"		108",서울,2019-06-23,25,31,16:03,19.1,5:54,11.9
"		108",서울,2019-06-24,25.2,30.9,14:40,20.9,5:48,10
"		108",서울,2019-06-25,25.6,32.8,15:32,19.5,5:17,13.3
"		108",서울,2019-06-26,25.5,29.5,15:33,20.7,5:31,8.8
"		108",서울,2019-06-27,25.5,31.2,14:10,21.9,5:25,9.3
"		108",서울,2019-06-28,24.7,29,15:46,22.3,23:57,6.7
"		108",서울,2019-06-29,23.1,27.7,16:39,19.6,7:26,8.1
"		108",서울,2019-06-30,23.9,28.5,12:48,20.9,5:25,7.6
"		108",서울,2019-07-01,23.9,28.9,15:51,20.6,4:17,8.3
"		108",서울,2019-07-02,24.4,30.1,14:28,20.8,5:41,9.3
"		108",서울,2019-07-03,24.1,27.4,11:40,21.2,4:35,6.2
"		108",서울,2019-07-04,25.4,32.8,14:26,20,5:35,12.8
"		108",서울,2019-07-05,27.6,35,15:26,20.2,4:48,14.8
"		108",서울,2019-07-06,29.7,36.1,15:35,24.6,5:46,11.5
"		108",서울,2019-07-07,26.7,32.5,15:20,22.7,23:50,9.8
"		108",서울,2019-07-08,25.1,31,14:59,21.2,5:02,9.8
"		108",서울,2019-07-09,25,30,13:26,19.7,5:30,10.3
"		108",서울,2019-07-10,22.7,27.3,11:47,19.3,22:16,8
"		108",서울,2019-07-11,21.9,25.9,13:20,19.5,0:01,6.4
"		108",서울,2019-07-12,23.6,28.7,15:24,20,3:53,8.7
"		108",서울,2019-07-13,24.9,29.7,15:14,22.1,5:22,7.6
"		108",서울,2019-07-14,25.9,31.6,13:56,21.2,4:55,10.4
"		108",서울,2019-07-15,23.8,27.4,11:52,22.1,20:01,5.3
"		108",서울,2019-07-16,24.7,28.8,16:44,21.4,4:02,7.4
"		108",서울,2019-07-17,25.6,29.2,15:46,22.3,5:55,6.9
"		108",서울,2019-07-18,26.9,32.1,15:15,23.3,5:05,8.8
"		108",서울,2019-07-19,28.6,35,14:50,22.8,5:46,12.2
"		108",서울,2019-07-20,28,31.9,15:27,25.1,8:46,6.8
"		108",서울,2019-07-21,25.1,27,0:03,24.2,5:46,2.8
"		108",서울,2019-07-22,26.7,31,17:09,24.2,3:55,6.8
"		108",서울,2019-07-23,28.1,32.9,16:13,24.4,1:58,8.5
"		108",서울,2019-07-24,26.5,27.2,0:02,25.2,8:51,2
"		108",서울,2019-07-25,26.3,27.4,14:25,25.6,5:52,1.8
"		108",서울,2019-07-26,25.1,25.9,0:01,23.7,9:27,2.2
"		108",서울,2019-07-27,28.4,33.4,15:23,24.9,4:42,8.5
"		108",서울,2019-07-28,26.1,28.2,0:01,25,11:28,3.2
"		108",서울,2019-07-29,27.5,30,15:52,25.6,5:39,4.4
"		108",서울,2019-07-30,28.1,30.8,13:32,26.3,7:21,4.5
"		108",서울,2019-07-31,25.8,27.5,0:02,24,9:50,3.5
"		108",서울,2019-08-01,26.3,30.1,16:26,23.5,9:06,6.6
"		108",서울,2019-08-02,28.4,33.1,17:15,24.7,4:32,8.4
"		108",서울,2019-08-03,29.4,36,14:11,25.6,5:36,10.4
"		108",서울,2019-08-04,28.3,34.4,14:42,25,5:44,9.4
"		108",서울,2019-08-05,30.5,35.9,15:30,25.6,5:28,10.3
"		108",서울,2019-08-06,31.6,36.8,14:50,27.9,5:39,8.9
"		108",서울,2019-08-07,26.9,30.3,18:01,23.9,7:56,6.4
"		108",서울,2019-08-08,28.9,32.7,15:04,25.9,6:02,6.8
"		108",서울,2019-08-09,29.8,34.6,17:04,26,6:01,8.6
"		108",서울,2019-08-10,31.5,36.5,14:50,26.6,5:45,9.9
"		108",서울,2019-08-11,30.4,35.7,15:46,26.3,6:00,9.4
"		108",서울,2019-08-12,26.6,28.5,16:38,24.8,1:27,3.7
"		108",서울,2019-08-13,29.2,35.3,16:04,25.1,6:58,10.2
"		108",서울,2019-08-14,30.4,35.7,13:45,25.9,5:49,9.8
"		108",서울,2019-08-15,25.9,28.6,0:01,23.9,23:34,4.7
"		108",서울,2019-08-16,25.9,29.5,14:14,23,5:26,6.5
"		108",서울,2019-08-17,25.9,28.8,15:39,23.4,23:57,5.4
"		108",서울,2019-08-18,25.6,30.7,15:58,22.6,5:49,8.1
"		108",서울,2019-08-19,26.3,31.3,15:32,21.2,5:52,10.1
"		108",서울,2019-08-20,28.2,32.8,14:50,23.2,5:55,9.6
"		108",서울,2019-08-21,27,30.4,11:59,24.4,6:33,6
"		108",서울,2019-08-22,26.9,31.4,13:55,23,4:44,8.4
"		108",서울,2019-08-23,26.2,30.5,14:33,22.7,6:28,7.8
"		108",서울,2019-08-24,24.1,27.3,15:04,21.5,4:33,5.8
"		108",서울,2019-08-25,25,29.9,14:45,20.2,5:43,9.7
"		108",서울,2019-08-26,26.4,32.1,15:37,21.5,6:19,10.6
"		108",서울,2019-08-27,25.7,29.3,16:43,22.2,6:22,7.1
"		108",서울,2019-08-28,26.1,30.2,15:09,23.6,6:21,6.6
"		108",서울,2019-08-29,23.4,26.4,16:35,20.1,11:13,6.3
"		108",서울,2019-08-30,22.6,27,14:27,19.5,5:28,7.5
"		108",서울,2019-08-31,23.5,28.9,16:17,18.5,6:14,10.4
"		108",서울,2019-09-01,23.7,27.8,15:38,19.2,6:02,8.6
"		108",서울,2019-09-02,24.4,29.7,14:32,19.4,6:42,10.3
"		108",서울,2019-09-03,24.1,28,15:04,22,6:32,6
"		108",서울,2019-09-04,22.8,25.5,16:09,21.2,8:21,4.3
"		108",서울,2019-09-05,23,27.6,12:21,21.5,17:00,6.1
"		108",서울,2019-09-06,25.3,29.1,13:58,21.6,0:01,7.5
"		108",서울,2019-09-07,25.7,29.5,11:52,22.6,20:11,6.9
"		108",서울,2019-09-08,24.7,27.3,14:03,22.9,6:32,4.4
"		108",서울,2019-09-09,25.1,28,12:25,22.4,6:05,5.6
"		108",서울,2019-09-10,23.8,26.5,12:35,22.1,6:44,4.4
"		108",서울,2019-09-11,24.3,28.7,13:23,20.4,6:21,8.3
"		108",서울,2019-09-12,21,22.9,0:02,18.7,21:22,4.2
"		108",서울,2019-09-13,23.3,29.3,15:55,18.3,4:53,11
"		108",서울,2019-09-14,22.4,24.1,11:38,20.8,23:53,3.3
"		108",서울,2019-09-15,24.2,30,16:36,19.5,6:38,10.5
"		108",서울,2019-09-16,24.5,30.5,16:08,20.7,6:30,9.8
"		108",서울,2019-09-17,23.5,29,15:49,18,6:11,11
"		108",서울,2019-09-18,21,25.4,13:28,16,23:58,9.4
"		108",서울,2019-09-19,19.5,26,15:54,13.6,4:45,12.4
"		108",서울,2019-09-20,19.6,24.2,13:41,15.8,4:39,8.4
"		108",서울,2019-09-21,19.6,22.1,12:42,18.3,5:30,3.8
"		108",서울,2019-09-22,18.6,19.6,11:17,17.3,5:58,2.3
"		108",서울,2019-09-23,20,24.6,16:55,16.9,6:36,7.7
"		108",서울,2019-09-24,19.8,26.5,14:43,13.9,6:25,12.6
"		108",서울,2019-09-25,20.9,27.4,14:33,14.8,6:17,12.6
"		108",서울,2019-09-26,22.9,29,14:07,17.7,6:18,11.3
"		108",서울,2019-09-27,22.9,27,14:21,19.6,6:09,7.4
"		108",서울,2019-09-28,23.7,29.2,14:10,19.4,6:56,9.8
"		108",서울,2019-09-29,22.6,28.6,15:02,17.9,6:23,10.7
"		108",서울,2019-09-30,22.4,29.9,14:45,16.4,6:31,13.5
"		108",서울,2019-10-01,23.1,28.2,15:36,17.6,6:22,10.6
"		108",서울,2019-10-02,21.6,24.2,11:12,20,23:30,4.2
"		108",서울,2019-10-03,22.4,27.3,14:35,19.8,4:52,7.5
"		108",서울,2019-10-04,22.4,27.8,14:42,18,6:36,9.8
"		108",서울,2019-10-05,18.7,21.9,14:39,14.7,23:58,7.2
"		108",서울,2019-10-06,18.1,22.7,14:44,13.2,6:04,9.5
"		108",서울,2019-10-07,14.8,17.9,0:01,13.3,23:09,4.6
"		108",서울,2019-10-08,14.7,19.8,14:42,10.6,23:31,9.2
"		108",서울,2019-10-09,13.6,20.4,14:41,7.7,7:04,12.7
"		108",서울,2019-10-10,15.2,19.8,15:08,10.7,2:15,9.1
"		108",서울,2019-10-11,18.8,26.1,15:48,13,6:59,13.1
"		108",서울,2019-10-12,17.9,23.3,13:19,13.3,23:46,10
"		108",서울,2019-10-13,17.2,23.8,15:17,12.1,4:13,11.7
"		108",서울,2019-10-14,14.4,19.6,14:10,9.5,23:58,10.1
"		108",서울,2019-10-15,14.5,20.4,13:55,8.8,1:55,11.6
"		108",서울,2019-10-16,14.6,20.8,14:50,9,6:56,11.8
"		108",서울,2019-10-17,15.4,21.6,15:32,11.2,6:00,10.4
"		108",서울,2019-10-18,17,22.7,13:36,12,4:19,10.7
"		108",서울,2019-10-19,17,23.1,15:46,12.1,7:10,11
"		108",서울,2019-10-20,16.5,22.9,14:38,12,6:42,10.9
"		108",서울,2019-10-21,17.1,24.6,14:43,10.9,6:37,13.7
"		108",서울,2019-10-22,18.1,24.4,14:31,13.3,7:00,11.1
"		108",서울,2019-10-23,17,20.7,14:14,14.3,6:49,6.4
"		108",서울,2019-10-24,18.3,23.8,15:04,15.3,2:17,8.5
"		108",서울,2019-10-25,16.7,22,12:28,13.1,23:57,8.9
"		108",서울,2019-10-26,10,14.9,13:27,6.6,7:32,8.3
"		108",서울,2019-10-27,11,17.4,15:15,4.7,7:29,12.7
"		108",서울,2019-10-28,12.9,17.7,12:36,7.4,5:32,10.3
"		108",서울,2019-10-29,12.5,17.6,13:00,8.2,24:00:00,9.4
"		108",서울,2019-10-30,11.2,17.7,13:36,5,7:06,12.7
"		108",서울,2019-10-31,14.8,19.7,14:30,8.4,6:44,11.3
"		108",서울,2020-05-01,20.2,26.2,14:50,16.4,3:01,9.8
"		108",서울,2020-05-02,20.3,23.9,15:00,18,3:28,5.9
"		108",서울,2020-05-03,21.8,27.4,14:59,17,5:20,10.4
"		108",서울,2020-05-04,20.2,25.3,13:58,14.8,23:59,10.5
"		108",서울,2020-05-05,16,19.3,12:11,13.1,5:19,6.2
"		108",서울,2020-05-06,19.4,27.6,15:46,11.1,5:46,16.5
"		108",서울,2020-05-07,20.7,26.5,14:19,14.9,5:41,11.6
"		108",서울,2020-05-08,19.9,27.3,14:23,14.3,23:57,13
"		108",서울,2020-05-09,14.2,16.8,16:23,12.7,3:38,4.1
"		108",서울,2020-05-10,14.4,16.6,14:05,12.8,1:38,3.8
"		108",서울,2020-05-11,16.5,22,14:14,12.4,23:58,9.6
"		108",서울,2020-05-12,14.3,18.9,15:27,10.5,5:16,8.4
"		108",서울,2020-05-13,16.1,21.8,14:20,10.2,6:07,11.6
"		108",서울,2020-05-14,19.3,25.4,13:46,12.4,4:02,13
"		108",서울,2020-05-15,16.1,20.2,4:26,14.1,10:52,6.1
"		108",서울,2020-05-16,16.7,20.3,16:44,15,0:01,5.3
"		108",서울,2020-05-17,19.1,24.9,16:40,14.6,5:37,10.3
"		108",서울,2020-05-18,19.1,26.8,14:29,13.2,22:02,13.6
"		108",서울,2020-05-19,13,17.1,16:05,10.1,23:55,7
"		108",서울,2020-05-20,14.4,20.1,14:27,9.2,2:13,10.9
"		108",서울,2020-05-21,17.4,22.9,16:30,10.9,5:19,12
"		108",서울,2020-05-22,18.5,22.7,15:41,14.8,5:41,7.9
"		108",서울,2020-05-23,20.1,25,15:30,16.6,5:45,8.4
"		108",서울,2020-05-24,17.1,20.2,14:15,14.3,23:19,5.9
"		108",서울,2020-05-25,16.6,21.3,15:13,13.7,23:57,7.6
"		108",서울,2020-05-26,16.2,22.9,14:00,12.7,5:35,10.2
"		108",서울,2020-05-27,17.4,23.9,14:50,11.8,6:02,12.1
"		108",서울,2020-05-28,18.7,23.4,16:05,14.2,5:29,9.2
"		108",서울,2020-05-29,20.7,27.6,16:52,14.6,5:46,13
"		108",서울,2020-05-30,22.6,30,16:01,16.5,5:30,13.5
"		108",서울,2020-05-31,21.2,28,13:32,17.6,5:23,10.4
"		108",서울,2020-06-01,19.7,24.5,16:03,16.6,5:28,7.9
"		108",서울,2020-06-02,17.9,21.8,15:26,14.8,4:49,7
"		108",서울,2020-06-03,22,28.4,15:16,17.6,5:46,10.8
"		108",서울,2020-06-04,21.9,26.5,14:01,19.7,23:58,6.8
"		108",서울,2020-06-05,23,28.7,15:29,18.4,4:43,10.3
"		108",서울,2020-06-06,24.6,30.9,15:43,19.2,5:41,11.7
"		108",서울,2020-06-07,22.7,29.2,15:45,19.2,3:18,10
"		108",서울,2020-06-08,25,32,15:29,19.8,1:01,12.2
"		108",서울,2020-06-09,26.7,32.8,15:02,20.3,5:58,12.5
"		108",서울,2020-06-10,25.8,32.1,13:56,22.5,5:48,9.6
"		108",서울,2020-06-11,26.1,31.6,16:20,21.7,5:11,9.9
"		108",서울,2020-06-12,24.7,27.6,14:21,21.6,5:25,6
"		108",서울,2020-06-13,26.9,33.5,15:13,20.6,5:41,12.9
"		108",서울,2020-06-14,24,28.8,14:33,20.1,23:55,8.7
"		108",서울,2020-06-15,23,28.6,15:00,18.2,5:48,10.4
"		108",서울,2020-06-16,24.4,30.7,15:27,20,3:57,10.7
"		108",서울,2020-06-17,24.3,30.3,14:55,20.2,5:33,10.1
"		108",서울,2020-06-18,23.4,27.3,15:51,20.3,5:41,7
"		108",서울,2020-06-19,24.7,30,14:48,21.1,6:58,8.9
"		108",서울,2020-06-20,24.9,29.7,12:54,20.7,5:03,9
"		108",서울,2020-06-21,26.1,32.7,14:50,19.5,5:44,13.2
"		108",서울,2020-06-22,28.6,35.4,15:09,21.7,5:22,13.7
"		108",서울,2020-06-23,27.3,31,14:05,23.2,6:10,7.8
"		108",서울,2020-06-24,22.3,26.3,0:01,19.9,12:50,6.4
"		108",서울,2020-06-25,21.6,23.4,15:27,20.1,23:31,3.3
"		108",서울,2020-06-26,21.8,25.7,15:29,19.2,3:38,6.5
"		108",서울,2020-06-27,24.1,29.6,15:25,20.4,5:24,9.2
"		108",서울,2020-06-28,25.2,30.1,15:07,21.5,5:54,8.6
"		108",서울,2020-06-29,23.8,26.5,10:59,20.6,23:57,5.9
"		108",서울,2020-06-30,20.1,23.1,14:50,18.4,5:07,4.7
"		108",서울,2020-07-01,21.1,24.3,16:42,18.1,4:47,6.2
"		108",서울,2020-07-02,24.2,29.8,16:35,20.4,1:14,9.4
"		108",서울,2020-07-03,25.5,30.6,15:08,21.6,24:00:00,9
"		108",서울,2020-07-04,24.2,29.5,14:51,20.4,5:42,9.1
"		108",서울,2020-07-05,23.8,27.6,13:13,19.9,5:21,7.7
"		108",서울,2020-07-06,25.6,30.9,16:05,21.8,5:54,9.1
"		108",서울,2020-07-07,24.1,28.1,16:47,22.1,6:59,6
"		108",서울,2020-07-08,25.5,30.4,16:02,21.3,5:36,9.1
"		108",서울,2020-07-09,27.5,32.9,14:49,21.8,5:26,11.1
"		108",서울,2020-07-10,24.5,27.7,0:01,22.7,23:44,5
"		108",서울,2020-07-11,25.8,30.2,14:06,22.2,4:32,8
"		108",서울,2020-07-12,23.5,26,12:35,21.7,23:19,4.3
"		108",서울,2020-07-13,18.7,21.7,0:01,17.7,6:15,4
"		108",서울,2020-07-14,20.3,24.3,15:33,17.2,4:16,7.1
"		108",서울,2020-07-15,23.4,28.7,17:03,18.9,5:47,9.8
"		108",서울,2020-07-16,25,29.7,15:14,20.4,4:54,9.3
"		108",서울,2020-07-17,26,31.6,14:33,21.5,5:44,10.1
"		108",서울,2020-07-18,26.1,31,15:39,22.8,5:29,8.2
"		108",서울,2020-07-19,24,26.6,22:01,20.6,9:04,6
"		108",서울,2020-07-20,23.8,26.6,2:12,22.4,22:17,4.2
"		108",서울,2020-07-21,25,30.5,15:33,21.4,6:11,9.1
"		108",서울,2020-07-22,23.7,25.7,15:01,22.6,22:22,3.1
"		108",서울,2020-07-23,21.1,22.6,0:01,18.5,23:19,4.1
"		108",서울,2020-07-24,22.5,26.8,16:25,18.7,0:01,8.1
"		108",서울,2020-07-25,24.3,29,15:55,22.3,2:35,6.7
"		108",서울,2020-07-26,25.4,29.6,16:14,21.6,5:49,8
"		108",서울,2020-07-27,24.3,25.5,15:40,22.9,6:11,2.6
"		108",서울,2020-07-28,24.4,26.4,14:47,22.7,5:48,3.7
"		108",서울,2020-07-29,23.7,24.9,17:46,22.6,9:25,2.3
"		108",서울,2020-07-30,25.3,28.4,14:39,23.4,23:24,5
"		108",서울,2020-07-31,26.2,29.6,13:19,22.8,6:35,6.8
"		108",서울,2020-08-01,25.3,26.9,11:13,24.3,5:46,2.6
"		108",서울,2020-08-02,24.9,26.4,15:01,23.5,18:55,2.9
"		108",서울,2020-08-03,25,26.3,1:42,23.9,20:02,2.4
"		108",서울,2020-08-04,27,29.4,15:20,25,0:01,4.4
"		108",서울,2020-08-05,26.5,29.1,16:30,25.5,23:46,3.6
"		108",서울,2020-08-06,24.1,26,16:44,22.9,23:57,3.1
"		108",서울,2020-08-07,24.3,26.1,15:36,22.6,6:28,3.5
"		108",서울,2020-08-08,24.2,26.1,16:28,22.7,4:32,3.4
"		108",서울,2020-08-09,24.9,25.8,23:30,23.7,0:01,2.1
"		108",서울,2020-08-10,26.5,29.5,13:31,24.7,23:57,4.8
"		108",서울,2020-08-11,24.6,27.3,13:33,22.4,5:36,4.9
"		108",서울,2020-08-12,27.2,31.3,14:05,23.5,4:31,7.8
"		108",서울,2020-08-13,28,30.3,15:57,26.3,5:06,4
"		108",서울,2020-08-14,27.1,28,11:47,26.5,8:22,1.5
"		108",서울,2020-08-15,26.1,27,17:45,25,7:29,2
"		108",서울,2020-08-16,27.4,30.8,14:41,25.3,5:33,5.5
"		108",서울,2020-08-17,28.2,32.2,16:02,26.1,4:59,6.1
"		108",서울,2020-08-18,27.5,31.9,15:43,24,6:22,7.9
"		108",서울,2020-08-19,27.1,31.4,15:48,23.6,5:14,7.8
"		108",서울,2020-08-20,27.7,31.7,13:10,25,3:01,6.7
"		108",서울,2020-08-21,26.6,29.2,16:30,25.2,5:43,4
"		108",서울,2020-08-22,24.3,27.6,12:07,21.7,23:42,5.9
"		108",서울,2020-08-23,25.3,29.9,15:55,21.5,0:45,8.4
"		108",서울,2020-08-24,27.8,32,15:21,23.7,5:54,8.3
"		108",서울,2020-08-25,29.9,34.5,14:52,26,6:18,8.5
"		108",서울,2020-08-26,30.2,34.5,15:53,27,5:52,7.5
"		108",서울,2020-08-27,27.1,28.6,16:11,25.6,7:36,3
"		108",서울,2020-08-28,27.3,29.7,12:28,26,5:51,3.7
"		108",서울,2020-08-29,26.8,29,16:12,25.5,5:58,3.5
"		108",서울,2020-08-30,26.8,30.6,14:23,24.4,23:48,6.2
"		108",서울,2020-08-31,26.4,30,16:10,23.8,1:07,6.2
"		108",서울,2020-09-01,26.6,29.5,14:59,23.8,6:30,5.7
"		108",서울,2020-09-02,24.3,26.4,0:02,22.6,23:46,3.8
"		108",서울,2020-09-03,22.7,25.6,14:20,20,7:41,5.6
"		108",서울,2020-09-04,23.3,27.5,15:41,19.9,3:25,7.6
"		108",서울,2020-09-05,23.3,27.3,15:29,19.2,6:15,8.1
"		108",서울,2020-09-06,21.7,24.4,14:49,19.5,22:52,4.9
"		108",서울,2020-09-07,19.2,20.6,23:52,17.5,7:51,3.1
"		108",서울,2020-09-08,23.4,26.5,14:19,20.6,0:01,5.9
"		108",서울,2020-09-09,21.1,25.3,12:58,19,14:24,6.3
"		108",서울,2020-09-10,22.8,27,15:37,18.8,6:23,8.2
"		108",서울,2020-09-11,22.4,27.1,12:19,19.2,23:57,7.9
"		108",서울,2020-09-12,20.2,23.2,15:41,18.1,2:32,5.1
"		108",서울,2020-09-13,21.5,26.6,15:42,16.7,6:18,9.9
"		108",서울,2020-09-14,21.3,24.9,12:36,17.6,6:22,7.3
"		108",서울,2020-09-15,23,27.7,14:29,18.9,6:27,8.8
"		108",서울,2020-09-16,22.5,24.9,12:48,21.3,23:27,3.6
"		108",서울,2020-09-17,21.3,23.6,15:23,20.1,23:33,3.5
"		108",서울,2020-09-18,21.5,25.8,14:44,18.1,7:05,7.7
"		108",서울,2020-09-19,21.2,26.2,14:36,17.6,24:00:00,8.6
"		108",서울,2020-09-20,19.7,24.9,15:10,15.6,6:30,9.3
"		108",서울,2020-09-21,19.1,25.3,14:49,13.6,6:09,11.7
"		108",서울,2020-09-22,20.2,25.6,14:54,15.5,6:18,10.1
"		108",서울,2020-09-23,19.2,23.8,13:59,15.2,5:21,8.6
"		108",서울,2020-09-24,20.6,25.4,13:40,16.8,6:06,8.6
"		108",서울,2020-09-25,20.1,25.4,14:33,16.6,4:26,8.8
"		108",서울,2020-09-26,19.3,24.8,14:58,14.8,5:37,10
"		108",서울,2020-09-27,20.4,25.8,13:40,14.9,6:40,10.9
"		108",서울,2020-09-28,20.7,26.5,14:51,15.7,5:28,10.8
"		108",서울,2020-09-29,19.6,23.9,16:23,15.3,6:26,8.6
"		108",서울,2020-09-30,19.6,25.7,13:58,16.2,6:47,9.5
"		108",서울,2020-10-01,18.8,23.6,14:45,15.6,6:20,8
"		108",서울,2020-10-02,19.2,21.9,11:30,16.3,3:53,5.6
"		108",서울,2020-10-03,19.9,23.2,12:30,18.3,23:38,4.9
"		108",서울,2020-10-04,16.6,21.8,13:30,10.6,23:50,11.2
"		108",서울,2020-10-05,13.3,18.4,15:55,8.5,5:37,9.9
"		108",서울,2020-10-06,14.2,19.7,15:29,9.3,6:27,10.4
"		108",서울,2020-10-07,16,22,15:58,9.9,7:05,12.1
"		108",서울,2020-10-08,17.2,23.1,15:11,12.1,6:21,11
"		108",서울,2020-10-09,17.2,23.3,15:08,12.4,5:27,10.9
"		108",서울,2020-10-10,16.9,21.5,13:44,12.3,5:43,9.2
"		108",서울,2020-10-11,16.9,20.8,11:55,12.7,6:34,8.1
"		108",서울,2020-10-12,16.2,21.3,14:11,12.1,23:56,9.2
"		108",서울,2020-10-13,13.6,18.4,14:59,8.6,6:27,9.8
"		108",서울,2020-10-14,12.8,18,13:27,8.5,24:00:00,9.5
"		108",서울,2020-10-15,11.7,18.5,14:33,6.5,6:44,12
"		108",서울,2020-10-16,11.8,15.4,14:25,8.6,6:15,6.8
"		108",서울,2020-10-17,13.1,18.6,15:08,8.7,7:02,9.9
"		108",서울,2020-10-18,13.6,20.2,13:52,7.2,6:30,13
"		108",서울,2020-10-19,15.1,21.3,14:40,9.8,7:00,11.5
"		108",서울,2020-10-20,15.2,21.7,14:13,9.9,6:47,11.8
"		108",서울,2020-10-21,14.1,17.3,15:29,11.8,3:01,5.5
"		108",서울,2020-10-22,13.5,18.2,14:51,8.4,23:44,9.8
"		108",서울,2020-10-23,8.6,13.3,15:15,5.4,7:13,7.9
"		108",서울,2020-10-24,8.7,14,15:38,3.2,7:05,10.8
"		108",서울,2020-10-25,11.8,18.2,13:45,5.4,7:08,12.8
"		108",서울,2020-10-26,12.9,19,13:54,8,6:18,11
"		108",서울,2020-10-27,14,19.4,14:31,9,6:53,10.4
"		108",서울,2020-10-28,13.8,18.2,14:42,8.6,23:59,9.6
"		108",서울,2020-10-29,10.8,16.1,13:28,5.5,7:03,10.6
"		108",서울,2020-10-30,11.9,19.6,15:12,5.8,7:31,13.8
"		108",서울,2020-10-31,13.6,18.2,14:31,8.5,6:49,9.7
"		108",서울,2021-05-01,10.2,15.3,12:56,8.5,23:26,6.8
"		108",서울,2021-05-02,12.4,18.7,14:36,7.3,6:02,11.4
"		108",서울,2021-05-03,14.1,20.3,15:20,8.4,5:55,11.9
"		108",서울,2021-05-04,13.8,15.8,19:15,11.4,3:00,4.4
"		108",서울,2021-05-05,13.9,18.4,15:09,10.3,6:20,8.1
"		108",서울,2021-05-06,15.7,23.1,14:20,7.9,5:38,15.2
"		108",서울,2021-05-07,14.4,17.2,15:05,10.7,23:57,6.5
"		108",서울,2021-05-08,14.3,21,14:37,8.9,5:47,12.1
"		108",서울,2021-05-09,15.7,21.8,15:51,10,5:13,11.8
"		108",서울,2021-05-10,13.2,14.6,17:16,11.7,2:30,2.9
"		108",서울,2021-05-11,18.5,25.7,15:14,9.4,4:14,16.3
"		108",서울,2021-05-12,22,27.7,16:26,16.9,5:29,10.8
"		108",서울,2021-05-13,22.9,29.6,14:59,16.6,5:42,13
"		108",서울,2021-05-14,24.1,30.8,15:41,18,5:58,12.8
"		108",서울,2021-05-15,22.1,26.2,12:04,20.8,19:11,5.4
"		108",서울,2021-05-16,18.4,20.8,0:01,14.8,23:45,6
"		108",서울,2021-05-17,15.3,16.7,18:15,14.2,4:42,2.5
"		108",서울,2021-05-18,17.9,24.5,16:11,13.6,4:03,10.9
"		108",서울,2021-05-19,19.9,26.6,15:03,12.4,5:57,14.2
"		108",서울,2021-05-20,18.7,22.9,12:52,15.6,23:35,7.3
"		108",서울,2021-05-21,16,18.2,18:20,14.2,6:37,4
"		108",서울,2021-05-22,18.6,23.8,13:09,13.8,5:31,10
"		108",서울,2021-05-23,19.5,25.1,13:28,14.3,5:21,10.8
"		108",서울,2021-05-24,19.4,24.5,15:25,16.4,5:36,8.1
"		108",서울,2021-05-25,15.3,19.3,16:32,11.9,8:54,7.4
"		108",서울,2021-05-26,18,23,15:13,11.5,5:13,11.5
"		108",서울,2021-05-27,15.8,18.7,16:11,13.9,23:01,4.8
"		108",서울,2021-05-28,15.3,19.7,15:56,12.4,8:44,7.3
"		108",서울,2021-05-29,15.4,19.1,10:17,12.8,23:53,6.3
"		108",서울,2021-05-30,18.4,26.3,16:03,10.8,5:40,15.5
"		108",서울,2021-05-31,19.9,23.8,17:25,16.5,4:17,7.3
"		108",서울,2021-06-01,20.2,23.9,13:11,15.9,8:11,8
"		108",서울,2021-06-02,23.2,29.7,15:31,16.6,4:53,13.1
"		108",서울,2021-06-03,19.1,22.7,11:43,14.6,23:35,8.1
"		108",서울,2021-06-04,18.5,23.6,15:30,13.3,4:19,10.3
"		108",서울,2021-06-05,20.8,25.7,15:24,17,3:59,8.7
"		108",서울,2021-06-06,23,28.2,15:29,18.4,1:38,9.8
"		108",서울,2021-06-07,21.1,24,17:34,19.4,3:53,4.6
"		108",서울,2021-06-08,23.6,29.5,15:39,18.8,5:33,10.7
"		108",서울,2021-06-09,25.8,31.6,15:25,19.5,4:53,12.1
"		108",서울,2021-06-10,24.9,29.8,14:41,20.5,23:49,9.3
"		108",서울,2021-06-11,21.5,24.4,16:28,19.9,0:50,4.5
"		108",서울,2021-06-12,24.2,30.2,15:14,18.2,4:44,12
"		108",서울,2021-06-13,24.8,29.7,16:20,20.9,5:13,8.8
"		108",서울,2021-06-14,24.8,30.2,14:52,18.9,6:09,11.3
"		108",서울,2021-06-15,22.5,25.3,17:51,21.5,5:23,3.8
"		108",서울,2021-06-16,24.3,28.9,16:22,20.3,3:47,8.6
"		108",서울,2021-06-17,21.9,25,12:47,19.6,4:39,5.4
"		108",서울,2021-06-18,20,21.4,17:11,19,6:01,2.4
"		108",서울,2021-06-19,22.3,27.4,15:53,17.5,5:50,9.9
"		108",서울,2021-06-20,22.9,29,13:19,17.6,5:20,11.4
"		108",서울,2021-06-21,23.6,28.5,14:57,19.2,5:11,9.3
"		108",서울,2021-06-22,22.8,28.6,13:47,19.7,5:38,8.9
"		108",서울,2021-06-23,22.4,27.9,15:04,18.8,5:28,9.1
"		108",서울,2021-06-24,23,28,15:40,18.5,4:43,9.5
"		108",서울,2021-06-25,24.1,29.5,16:19,19.5,5:51,10
"		108",서울,2021-06-26,22.8,26.7,15:49,19.9,5:57,6.8
"		108",서울,2021-06-27,24.5,30.8,15:11,19.8,4:47,11
"		108",서울,2021-06-28,23.7,29.2,14:47,21,6:29,8.2
"		108",서울,2021-06-29,23.9,28.4,15:31,21.3,4:42,7.1
"		108",서울,2021-06-30,24.3,28.8,16:54,21,4:05,7.8
"		108",서울,2021-07-01,26.3,31,15:25,21.4,5:19,9.6
"		108",서울,2021-07-02,27.1,31.8,16:12,23.6,5:38,8.2
"		108",서울,2021-07-03,22.6,25.7,0:01,19.6,22:08,6.1
"		108",서울,2021-07-04,21.4,23.1,15:00,19.8,0:01,3.3
"		108",서울,2021-07-05,23.3,26.9,14:44,20.1,3:28,6.8
"		108",서울,2021-07-06,25.3,30.1,14:37,21,4:50,9.1
"		108",서울,2021-07-07,26.4,29.1,14:41,23.9,4:19,5.2
"		108",서울,2021-07-08,26,29.8,14:51,23.8,5:20,6
"		108",서울,2021-07-09,25.5,29.2,15:30,23.6,3:35,5.6
"		108",서울,2021-07-10,25.9,29.2,13:40,23.1,6:31,6.1
"		108",서울,2021-07-11,25.7,27.5,15:52,24.1,7:00,3.4
"		108",서울,2021-07-12,28.1,32.5,16:04,23.8,5:57,8.7
"		108",서울,2021-07-13,28.8,31.5,14:31,26.3,4:29,5.2
"		108",서울,2021-07-14,29.7,33.5,15:08,26.1,4:47,7.4
"		108",서울,2021-07-15,29.1,34.5,13:47,25.9,23:44,8.6
"		108",서울,2021-07-16,28.8,35.2,15:38,24.2,5:08,11
"		108",서울,2021-07-17,29.1,32.8,15:57,24.7,5:21,8.1
"		108",서울,2021-07-18,29.6,34.1,15:46,25.7,5:51,8.4
"		108",서울,2021-07-19,26.4,30.5,11:34,24,15:32,6.5
"		108",서울,2021-07-20,27.9,31.8,11:59,23.6,5:32,8.2
"		108",서울,2021-07-21,30.5,35.3,16:54,25.3,5:56,10
"		108",서울,2021-07-22,31.2,35.9,16:15,26.5,6:21,9.4
"		108",서울,2021-07-23,31.2,35.8,16:04,27.2,5:41,8.6
"		108",서울,2021-07-24,31.7,36.5,15:08,26.9,5:48,9.6
"		108",서울,2021-07-25,31.5,35.9,15:47,27.2,5:42,8.7
"		108",서울,2021-07-26,31.2,35.4,15:21,27.4,6:08,8
"		108",서울,2021-07-27,31.1,35.7,15:20,27.8,6:01,7.9
"		108",서울,2021-07-28,30.4,34.7,14:56,27.1,6:00,7.6
"		108",서울,2021-07-29,29.6,33.3,13:03,27,5:29,6.3
"		108",서울,2021-07-30,30.5,35.4,14:06,25.8,5:59,9.6
"		108",서울,2021-07-31,29.8,34.3,14:57,26.8,5:38,7.5
"		108",서울,2021-08-01,27.1,28.8,12:37,25.1,23:45,3.7
"		108",서울,2021-08-02,26.5,28.6,17:25,25,0:17,3.6
"		108",서울,2021-08-03,28,31.4,14:41,24.1,5:38,7.3
"		108",서울,2021-08-04,28.9,33.2,14:26,26.3,5:32,6.9
"		108",서울,2021-08-05,29.4,33.7,15:11,25.6,4:07,8.1
"		108",서울,2021-08-06,28.1,32.2,13:04,26,23:32,6.2
"		108",서울,2021-08-07,28,32.3,16:16,23.4,5:47,8.9
"		108",서울,2021-08-08,26.8,32.1,13:24,24.4,6:07,7.7
"		108",서울,2021-08-09,28.3,33.6,15:30,23.3,4:55,10.3
"		108",서울,2021-08-10,27.7,32.2,15:28,24.3,5:49,7.9
"		108",서울,2021-08-11,27.4,31.6,16:24,24.1,6:30,7.5
"		108",서울,2021-08-12,26.8,31.7,14:32,24,23:05,7.7
"		108",서울,2021-08-13,26.6,30.1,16:20,23.4,2:01,6.7
"		108",서울,2021-08-14,26.1,30.5,14:49,23.4,6:03,7.1
"		108",서울,2021-08-15,26.9,32.4,16:14,21.7,4:57,10.7
"		108",서울,2021-08-16,27.3,32.8,16:27,22.5,6:11,10.3
"		108",서울,2021-08-17,25.9,31.3,13:47,21.9,23:57,9.4
"		108",서울,2021-08-18,24.3,31,15:11,20.6,8:06,10.4
"		108",서울,2021-08-19,26,31.5,15:33,21,4:29,10.5
"		108",서울,2021-08-20,26.6,30.7,16:41,22.6,6:09,8.1
"		108",서울,2021-08-21,23.8,25.5,16:00,21,13:12,4.5
"		108",서울,2021-08-22,24.4,27,13:19,22.4,5:24,4.6
"		108",서울,2021-08-23,22.4,24,11:24,21,21:32,3
"		108",서울,2021-08-24,23.4,26.4,15:24,21.1,0:01,5.3
"		108",서울,2021-08-25,25,27.3,15:02,23.5,6:03,3.8
"		108",서울,2021-08-26,25.5,27.9,14:42,22.9,5:23,5
"		108",서울,2021-08-27,22.4,25.5,0:01,20.4,23:17,5.1
"		108",서울,2021-08-28,23.6,28.2,14:43,19.7,6:15,8.5
"		108",서울,2021-08-29,23.7,26.3,16:40,21.9,7:52,4.4
"		108",서울,2021-08-30,24.2,27.7,15:43,21.2,6:05,6.5
"		108",서울,2021-08-31,20.5,23.1,0:01,18.1,18:10,5
"		108",서울,2021-09-01,21.4,23.9,15:25,18.5,1:21,5.4
"		108",서울,2021-09-02,23.5,26.7,13:59,20.7,5:51,6
"		108",서울,2021-09-03,24.3,29.2,15:43,20.6,4:55,8.6
"		108",서울,2021-09-04,23.2,28.6,15:05,18.5,5:48,10.1
"		108",서울,2021-09-05,23.1,27.3,13:11,19.4,4:58,7.9
"		108",서울,2021-09-06,22.3,26.4,12:52,18,23:45,8.4
"		108",서울,2021-09-07,19.6,20.9,16:29,17.6,1:12,3.3
"		108",서울,2021-09-08,22.2,26.9,14:28,19,5:43,7.9
"		108",서울,2021-09-09,23.5,29.1,16:10,19.1,4:32,10
"		108",서울,2021-09-10,23.6,28.9,14:23,19.5,6:15,9.4
"		108",서울,2021-09-11,24,29.4,14:49,19.9,6:19,9.5
"		108",서울,2021-09-12,24.2,29.8,15:57,19.2,6:24,10.6
"		108",서울,2021-09-13,24.8,30.3,15:04,20.8,6:10,9.5
"		108",서울,2021-09-14,24.6,29.5,16:26,20,6:15,9.5
"		108",서울,2021-09-15,23.6,28.9,14:42,19.5,6:20,9.4
"		108",서울,2021-09-16,22.9,27.3,13:23,18,5:51,9.3
"		108",서울,2021-09-17,23.5,28.2,15:06,20.5,6:58,7.7
"		108",서울,2021-09-18,23.9,29.8,15:29,18.9,6:53,10.9
"		108",서울,2021-09-19,23.7,27.8,15:13,20.8,23:56,7
"		108",서울,2021-09-20,23.7,28.4,15:23,19,6:03,9.4
"		108",서울,2021-09-21,22,26.2,14:46,17.4,23:53,8.8
"		108",서울,2021-09-22,20.2,24.3,15:24,16.8,4:36,7.5
"		108",서울,2021-09-23,20.9,25.9,16:17,16.9,3:00,9
"		108",서울,2021-09-24,21.8,26.9,15:29,16.7,6:19,10.2
"		108",서울,2021-09-25,21.2,23.1,16:07,18.7,4:27,4.4
"		108",서울,2021-09-26,22.6,27.3,15:35,18.4,6:45,8.9
"		108",서울,2021-09-27,21.6,25,12:08,18.7,5:44,6.3
"		108",서울,2021-09-28,21.5,24.4,12:47,19.6,4:10,4.8
"		108",서울,2021-09-29,20.2,21.4,11:32,17.8,24:00:00,3.6
"		108",서울,2021-09-30,20.3,25.9,15:06,16,6:09,9.9
"		108",서울,2021-10-01,21.1,27.5,14:16,16.9,6:05,10.6
"		108",서울,2021-10-02,20.7,26.6,15:16,16.4,5:40,10.2
"		108",서울,2021-10-03,22.3,28.8,14:47,17.1,5:52,11.7
"		108",서울,2021-10-04,22.9,25.6,15:09,19.2,2:23,6.4
"		108",서울,2021-10-05,23.6,26.5,13:35,21.7,23:38,4.8
"		108",서울,2021-10-06,18.8,21.7,0:01,17.9,8:29,3.8
"		108",서울,2021-10-07,19.4,21.9,13:45,17.9,23:53,4
"		108",서울,2021-10-08,18.8,20,13:59,17.5,1:17,2.5
"		108",서울,2021-10-09,20.9,24.1,16:32,18.5,3:39,5.6
"		108",서울,2021-10-10,19.9,24.3,12:09,14.9,23:57,9.4
"		108",서울,2021-10-11,15.2,17.8,16:14,12.6,6:46,5.2
"		108",서울,2021-10-12,17.9,21.3,15:56,15.8,1:30,5.5
"		108",서울,2021-10-13,19.6,25.2,15:55,14.9,4:45,10.3
"		108",서울,2021-10-14,19.7,23.9,14:44,17.4,6:59,6.5
"		108",서울,2021-10-15,19,21.4,13:56,17,6:37,4.4
"		108",서울,2021-10-16,10.7,18.1,0:01,4.2,23:27,13.9
"		108",서울,2021-10-17,5.6,10.8,15:48,1.3,6:57,9.5
"		108",서울,2021-10-18,9.6,16.1,13:47,2.8,4:53,13.3
"		108",서울,2021-10-19,10.9,15,13:36,7.1,23:59,7.9
"		108",서울,2021-10-20,9.5,15.8,15:15,4.6,6:12,11.2
"		108",서울,2021-10-21,9.8,16.2,15:11,4.9,6:58,11.3
"		108",서울,2021-10-22,10.8,17.2,15:43,5.2,6:58,12
"		108",서울,2021-10-23,11.4,18.4,14:08,5.7,7:16,12.7
"		108",서울,2021-10-24,11.4,18.1,15:22,6,7:13,12.1
"		108",서울,2021-10-25,11.7,17.6,15:28,6.3,7:17,11.3
"		108",서울,2021-10-26,13,19,14:41,7.7,6:38,11.3
"		108",서울,2021-10-27,13.4,18.1,15:57,9.8,23:49,8.3
"		108",서울,2021-10-28,12.7,20,15:37,7.1,7:09,12.9
"		108",서울,2021-10-29,14.6,20.6,14:56,10.5,5:11,10.1
"		108",서울,2021-10-30,13.8,18,16:12,11,7:04,7
"		108",서울,2021-10-31,14.1,20.3,14:26,9.2,6:52,11.1
"		108",서울,2022-05-01,13.4,19.2,15:12,7.9,5:14,11.3
"		108",서울,2022-05-02,14.2,19.4,15:08,9.1,5:38,10.3
"		108",서울,2022-05-03,14.8,20.8,15:35,9.1,6:06,11.7
"		108",서울,2022-05-04,17.8,25.2,13:48,10,6:20,15.2
"		108",서울,2022-05-05,18.9,25.8,15:01,12.5,5:57,13.3
"		108",서울,2022-05-06,19.6,25.6,13:45,13.7,5:30,11.9
"		108",서울,2022-05-07,18.4,23.1,13:19,15.3,7:54,7.8
"		108",서울,2022-05-08,15.3,18.2,12:30,11.7,23:44,6.5
"		108",서울,2022-05-09,17.9,25.3,16:20,11,6:13,14.3
"		108",서울,2022-05-10,19.9,26.3,15:29,13.6,5:47,12.7
"		108",서울,2022-05-11,19.7,25.2,15:08,16.6,23:53,8.6
"		108",서울,2022-05-12,20.9,28.1,15:40,14.1,6:07,14
"		108",서울,2022-05-13,19.4,25.2,13:55,15,23:58,10.2
"		108",서울,2022-05-14,15.7,20,13:42,11.9,5:45,8.1
"		108",서울,2022-05-15,16.2,22.4,15:09,10.5,5:16,11.9
"		108",서울,2022-05-16,17.3,23.7,13:52,10.9,5:37,12.8
"		108",서울,2022-05-17,20,27.4,15:27,13,5:51,14.4
"		108",서울,2022-05-18,20,25.4,14:04,15.7,4:42,9.7
"		108",서울,2022-05-19,19.9,24.2,14:06,16.1,6:14,8.1
"		108",서울,2022-05-20,20.6,25.8,13:22,15.6,5:43,10.2
"		108",서울,2022-05-21,20.1,26,14:20,16.1,23:49,9.9
"		108",서울,2022-05-22,20.3,25.8,14:50,15.7,3:15,10.1
"		108",서울,2022-05-23,23,30.7,15:13,17.8,1:08,12.9
"		108",서울,2022-05-24,22.9,30.2,14:50,16.7,5:28,13.5
"		108",서울,2022-05-25,21,26.7,12:11,16.7,24:00:00,10
"		108",서울,2022-05-26,18.7,23.5,15:13,14.1,5:40,9.4
"		108",서울,2022-05-27,20,25.6,15:52,16,6:01,9.6
"		108",서울,2022-05-28,22.3,29.3,14:26,15,4:39,14.3
"		108",서울,2022-05-29,23.1,29.7,16:48,19.3,4:46,10.4
"		108",서울,2022-05-30,20.8,24.7,12:37,17.2,23:35,7.5
"		108",서울,2022-05-31,20.7,27.2,14:28,14.2,5:25,13
"		108",서울,2022-06-01,22.1,28.6,14:15,16.2,5:47,12.4
"		108",서울,2022-06-02,21.5,26.9,13:24,17.1,1:50,9.8
"		108",서울,2022-06-03,24.5,32.6,15:06,18.7,0:23,13.9
"		108",서울,2022-06-04,25.6,29.7,17:24,20.3,5:46,9.4
"		108",서울,2022-06-05,22.7,27,11:42,20.2,21:32,6.8
"		108",서울,2022-06-06,19.7,24.5,15:17,16.7,23:23,7.8
"		108",서울,2022-06-07,20.6,25.1,12:36,15.1,5:50,10
"		108",서울,2022-06-08,21.2,25.8,14:49,16.2,5:41,9.6
"		108",서울,2022-06-09,20.9,24.5,16:20,18.5,5:17,6
"		108",서울,2022-06-10,20.9,26.6,11:28,17.2,5:34,9.4
"		108",서울,2022-06-11,24.6,32.7,16:29,17.7,5:27,15
"		108",서울,2022-06-12,24.6,31.5,15:20,18.9,5:25,12.6
"		108",서울,2022-06-13,23.6,29.2,12:34,19.6,5:13,9.6
"		108",서울,2022-06-14,21.5,27.1,12:45,17.7,23:57,9.4
"		108",서울,2022-06-15,17.5,20.1,19:21,14.9,6:03,5.2
"		108",서울,2022-06-16,20.3,24.8,17:37,17.6,6:19,7.2
"		108",서울,2022-06-17,22.5,28.1,14:13,16.5,5:33,11.6
"		108",서울,2022-06-18,23.3,25.1,17:22,22,5:38,3.1
"		108",서울,2022-06-19,23.4,25.1,17:19,22.3,3:03,2.8
"		108",서울,2022-06-20,25.2,29,16:11,22,5:43,7
"		108",서울,2022-06-21,26.5,32.6,15:39,21.2,5:53,11.4
"		108",서울,2022-06-22,25.9,31,15:42,21.9,3:44,9.1
"		108",서울,2022-06-23,24.3,26.4,11:30,23.3,22:16,3.1
"		108",서울,2022-06-24,22.6,24.9,18:05,20.6,6:17,4.3
"		108",서울,2022-06-25,26,30.5,15:12,21.5,2:21,9
"		108",서울,2022-06-26,26.5,28.1,15:00,24.8,2:34,3.3
"		108",서울,2022-06-27,26.8,28.1,11:07,25.4,4:54,2.7
"		108",서울,2022-06-28,26.9,27.9,10:01,25.7,23:37,2.2
"		108",서울,2022-06-29,25.1,26.1,17:33,24.4,21:34,1.7
"		108",서울,2022-06-30,22.3,24.5,0:01,21.2,17:39,3.3
"		108",서울,2022-07-01,26.6,30.9,15:36,21.9,0:01,9
"		108",서울,2022-07-02,28.8,33.8,16:01,24,5:21,9.8
"		108",서울,2022-07-03,29.3,34.2,15:22,24.4,6:12,9.8
"		108",서울,2022-07-04,29.3,32.6,16:21,26.4,5:24,6.2
"		108",서울,2022-07-05,29.2,33.1,15:45,26.7,4:59,6.4
"		108",서울,2022-07-06,29.5,33.3,16:45,26.2,5:02,7.1
"		108",서울,2022-07-07,28.2,31,16:08,26.4,4:39,4.6
"		108",서울,2022-07-08,25.8,27.9,16:47,24,23:57,3.9
"		108",서울,2022-07-09,26.9,30.9,14:16,24,0:01,6.9
"		108",서울,2022-07-10,29.2,35.1,15:47,24.6,5:29,10.5
"		108",서울,2022-07-11,27,30.6,12:26,24.7,3:16,5.9
"		108",서울,2022-07-12,26.8,29.4,14:02,23.2,5:08,6.2
"		108",서울,2022-07-13,25,27.1,0:01,24,12:53,3.1
"		108",서울,2022-07-14,25.7,29.9,15:33,23.3,4:05,6.6
"		108",서울,2022-07-15,26,30.3,15:44,23,4:40,7.3
"		108",서울,2022-07-16,24.8,28.2,13:23,23.2,23:54,5
"		108",서울,2022-07-17,25.5,29.7,15:18,22.5,4:06,7.2
"		108",서울,2022-07-18,26.8,30.1,12:58,23.1,5:30,7
"		108",서울,2022-07-19,27.4,31.1,15:49,24.3,5:32,6.8
"		108",서울,2022-07-20,27.1,30.4,14:35,24.3,24:00:00,6.1
"		108",서울,2022-07-21,23.2,25.2,18:40,20.8,6:22,4.4
"		108",서울,2022-07-22,25.1,27.5,17:18,22.9,5:07,4.6
"		108",서울,2022-07-23,24.8,28,13:44,22.3,23:20,5.7
"		108",서울,2022-07-24,25,28.4,16:27,22,1:18,6.4
"		108",서울,2022-07-25,27.5,32,16:16,23.6,5:46,8.4
"		108",서울,2022-07-26,28.9,33.1,14:28,24.4,5:30,8.7
"		108",서울,2022-07-27,29.3,33.4,15:09,26.4,5:47,7
"		108",서울,2022-07-28,29.7,34.4,15:09,25.1,5:45,9.3
"		108",서울,2022-07-29,30.7,34.3,14:19,27.3,5:11,7
"		108",서울,2022-07-30,30.9,36.1,14:40,27.3,5:32,8.8
"		108",서울,2022-07-31,27.2,29,0:01,25.4,23:27,3.6
"		108",서울,2022-08-01,28.6,32.4,14:20,25.4,0:04,7
"		108",서울,2022-08-02,26.8,28.5,0:01,25.5,22:57,3
"		108",서울,2022-08-03,27.1,30,16:00,25.2,4:57,4.8
"		108",서울,2022-08-04,28.9,32.9,15:32,26,5:49,6.9
"		108",서울,2022-08-05,29.4,32.7,14:30,27,1:11,5.7
"		108",서울,2022-08-06,28.7,30.3,17:18,27.4,4:54,2.9
"		108",서울,2022-08-07,28.9,31.7,14:21,27.2,3:54,4.5
"		108",서울,2022-08-08,26.8,28.4,0:01,,,
"		108",서울,2022-08-09,25.1,26.5,15:38,22,23:54,4.5
"		108",서울,2022-08-10,24.7,28.8,15:03,21.4,4:55,7.4
"		108",서울,2022-08-11,25,27.5,15:02,23.4,5:28,4.1
"		108",서울,2022-08-12,27,32.4,15:57,23,6:14,9.4
"		108",서울,2022-08-13,25.8,27.5,17:43,24.7,13:05,2.8
"		108",서울,2022-08-14,27.6,31.5,14:14,24.5,5:53,7
"		108",서울,2022-08-15,28.1,29.8,12:33,26.6,23:57,3.2
"		108",서울,2022-08-16,26.7,30,15:31,24.1,6:52,5.9
"		108",서울,2022-08-17,26,30.5,13:38,22.8,6:18,7.7
"		108",서울,2022-08-18,25.6,29.8,14:08,22.4,5:56,7.4
"		108",서울,2022-08-19,26,27.5,15:27,23.3,3:55,4.2
"		108",서울,2022-08-20,28.2,32,14:37,25.7,6:28,6.3
"		108",서울,2022-08-21,28.1,32,15:49,24.7,6:34,7.3
"		108",서울,2022-08-22,26.8,30.2,13:56,22.9,23:02,7.3
"		108",서울,2022-08-23,25.4,30.2,15:33,22.4,5:13,7.8
"		108",서울,2022-08-24,24.8,27.9,11:45,22.4,5:00,5.5
"		108",서울,2022-08-25,22.2,24,10:54,21.1,23:22,2.9
"		108",서울,2022-08-26,23.8,28.4,15:12,19.9,6:26,8.5
"		108",서울,2022-08-27,21.5,25.5,15:41,17.6,6:38,7.9
"		108",서울,2022-08-28,22.6,28.4,16:44,16.1,5:38,12.3
"		108",서울,2022-08-29,21,22.5,0:01,19.5,9:40,3
"		108",서울,2022-08-30,19.1,20.3,0:01,17.9,5:27,2.4
"		108",서울,2022-08-31,21.7,24.9,17:03,19.6,0:32,5.3
"		108",서울,2022-09-01,24,30.4,15:53,18.3,6:14,12.1
"		108",서울,2022-09-02,24.7,29.8,15:40,20.3,6:48,9.5
"		108",서울,2022-09-03,24.2,29.2,14:56,20.5,6:30,8.7
"		108",서울,2022-09-04,22.3,24,19:05,19.8,6:32,4.2
"		108",서울,2022-09-05,19.2,22.7,0:01,17.7,21:03,5
"		108",서울,2022-09-06,21,26.3,16:01,17,2:54,9.3
"		108",서울,2022-09-07,22.8,28.1,15:11,17.9,7:01,10.2
"		108",서울,2022-09-08,23.2,29.5,15:55,16.7,6:35,12.8
"		108",서울,2022-09-09,24.3,30.8,15:26,18.9,6:20,11.9
"		108",서울,2022-09-10,23.6,28.4,16:36,19,6:46,9.4
"		108",서울,2022-09-11,23.3,26.4,13:31,20.6,6:38,5.8
"		108",서울,2022-09-12,23.8,27.5,15:41,20.3,5:58,7.2
"		108",서울,2022-09-13,24.3,26.4,13:41,21.8,6:26,4.6
"		108",서울,2022-09-14,24.6,27.9,14:10,22.7,23:34,5.2
"		108",서울,2022-09-15,25.2,28.3,15:39,22,5:04,6.3
"		108",서울,2022-09-16,25.7,29.9,13:26,23.4,6:05,6.5
"		108",서울,2022-09-17,25.6,29.4,16:19,23.3,5:37,6.1
"		108",서울,2022-09-18,27.1,32.5,15:51,23,6:16,9.5
"		108",서울,2022-09-19,24.6,29.6,13:06,19.5,23:59,10.1
"		108",서울,2022-09-20,19.9,24.6,15:06,16.1,6:31,8.5
"		108",서울,2022-09-21,19.4,25.6,14:49,13,6:26,12.6
"		108",서울,2022-09-22,19.8,24.7,14:54,14.2,6:35,10.5
"		108",서울,2022-09-23,17.5,22.2,10:26,14.7,23:54,7.5
"		108",서울,2022-09-24,18.5,24.2,15:03,12.3,6:45,11.9
"		108",서울,2022-09-25,19.6,25.2,14:50,15.4,5:53,9.8
"		108",서울,2022-09-26,20,25.4,14:56,14.8,6:42,10.6
"		108",서울,2022-09-27,20.9,28,15:35,14,6:42,14
"		108",서울,2022-09-28,20.4,26.1,16:17,16.1,6:30,10
"		108",서울,2022-09-29,20.4,26.5,16:12,16.4,6:12,10.1
"		108",서울,2022-09-30,20.7,27.7,15:22,14.8,7:05,12.9
"		108",서울,2022-10-01,20.9,27.6,13:57,14.4,6:41,13.2
"		108",서울,2022-10-02,19.4,21.6,13:21,17.2,22:32,4.4
"		108",서울,2022-10-03,21.4,23.4,20:04,17.5,0:01,5.9
"		108",서울,2022-10-04,17.9,23,0:01,14.2,23:29,8.8
"		108",서울,2022-10-05,16.6,21.6,15:19,14.1,0:34,7.5
"		108",서울,2022-10-06,15.8,19.1,14:19,12.7,6:40,6.4
"		108",서울,2022-10-07,14.3,18.6,15:22,11,6:51,7.6
"		108",서울,2022-10-08,15.8,21.6,15:08,11.1,6:54,10.5
"		108",서울,2022-10-09,13.1,14.5,1:17,10.7,22:21,3.8
"		108",서울,2022-10-10,9.9,11.9,14:08,8.2,20:34,3.7
"		108",서울,2022-10-11,11.1,16.4,15:31,7.4,2:50,9
"		108",서울,2022-10-12,13.5,20.6,15:13,6.5,6:45,14.1
"		108",서울,2022-10-13,16.3,22.7,14:35,10.7,6:39,12
"		108",서울,2022-10-14,17.1,23,14:54,12.4,5:29,10.6
"		108",서울,2022-10-15,18.2,24.4,15:05,12.6,6:53,11.8
"		108",서울,2022-10-16,16.9,20.5,12:02,15.1,24:00:00,5.4
"		108",서울,2022-10-17,11.2,15.1,0:01,7.4,23:44,7.7
"		108",서울,2022-10-18,9.4,14.2,14:51,5,6:57,9.2
"		108",서울,2022-10-19,10.5,16.8,15:10,4.4,6:54,12.4
"		108",서울,2022-10-20,12.9,19.7,15:00,6,7:11,13.7
"		108",서울,2022-10-21,14,20.9,14:31,8.8,7:07,12.1
"		108",서울,2022-10-22,15.1,20.8,14:12,10.5,7:24,10.3
"		108",서울,2022-10-23,14,18.6,14:59,10.4,23:56,8.2
"		108",서울,2022-10-24,10.6,14.8,15:21,7.5,23:56,7.3
"		108",서울,2022-10-25,11.3,17.6,15:35,5.9,5:31,11.7
"		108",서울,2022-10-26,12.9,17.8,13:50,8,6:53,9.8
"		108",서울,2022-10-27,13.2,18.9,14:14,8.6,7:01,10.3
"		108",서울,2022-10-28,13.6,20.6,15:25,8.2,6:36,12.4
"		108",서울,2022-10-29,14.8,21.3,15:07,10.2,7:09,11.1
"		108",서울,2022-10-30,14.9,21.3,15:03,10.4,7:02,10.9
"		108",서울,2022-10-31,14.9,21.1,14:06,11.2,7:10,9.9
"		108",서울,2023-05-01,14.6,20.8,16:23,9.8,5:58,11
"		108",서울,2023-05-02,16.7,23.7,15:52,9.1,5:23,14.6
"		108",서울,2023-05-03,19.5,26.2,15:09,12.4,6:26,13.8
"		108",서울,2023-05-04,21.4,25.8,14:35,15.6,5:47,10.2
"		108",서울,2023-05-05,18.4,21.6,0:01,15.5,23:58,6.1
"		108",서울,2023-05-06,12.6,15.5,0:01,11.7,8:38,3.8
"		108",서울,2023-05-07,14.4,18.6,16:35,11.1,23:27,7.5
"		108",서울,2023-05-08,15.3,22,13:40,7.9,5:47,14.1
"		108",서울,2023-05-09,17,24.4,15:00,10,5:50,14.4
"		108",서울,2023-05-10,18.4,26,15:46,10.7,5:51,15.3
"		108",서울,2023-05-11,19.5,26.7,14:23,12.8,5:45,13.9
"		108",서울,2023-05-12,18.4,24.7,14:26,13.1,5:51,11.6
"		108",서울,2023-05-13,17.8,23.9,14:17,12.6,6:08,11.3
"		108",서울,2023-05-14,18.1,23.8,14:00,12.9,5:20,10.9
"		108",서울,2023-05-15,20.6,27.9,15:46,12.8,5:20,15.1
"		108",서울,2023-05-16,24,31.2,14:36,17.2,5:15,14
"		108",서울,2023-05-17,23.5,28.7,13:10,18.6,4:42,10.1
"		108",서울,2023-05-18,21.2,27.6,13:26,18.8,23:58,8.8
"		108",서울,2023-05-19,22.3,27.8,14:09,16.7,5:31,11.1
"		108",서울,2023-05-20,21.2,26.7,12:00,16.6,23:13,10.1
"		108",서울,2023-05-21,17.8,21.9,16:08,15.3,6:03,6.6
"		108",서울,2023-05-22,20.3,26.8,16:22,15.9,4:12,10.9
"		108",서울,2023-05-23,20.5,26.9,16:50,14.1,5:34,12.8
"		108",서울,2023-05-24,20.6,25.9,13:29,14.8,5:35,11.1
"		108",서울,2023-05-25,21.2,27.4,14:03,15.7,5:34,11.7
"		108",서울,2023-05-26,21.4,27.3,15:22,15.8,5:44,11.5
"		108",서울,2023-05-27,19.3,20.7,8:51,18.6,4:31,2.1
"		108",서울,2023-05-28,19.2,20.2,13:15,18.4,6:49,1.8
"		108",서울,2023-05-29,23.2,28.5,16:46,19,0:01,9.5
"		108",서울,2023-05-30,24,28.9,14:54,20.5,5:43,8.4
"		108",서울,2023-05-31,22.8,28.2,16:25,18.8,5:06,9.4
"		108",서울,2023-06-01,22.8,26.3,17:07,19.7,5:28,6.6
"		108",서울,2023-06-02,20.4,25,16:48,17.9,6:01,7.1
"		108",서울,2023-06-03,22,27.8,14:23,16.6,6:07,11.2
"		108",서울,2023-06-04,22.1,28,16:27,16.9,5:37,11.1
"		108",서울,2023-06-05,21.5,26.3,15:32,17.6,5:32,8.7
"		108",서울,2023-06-06,20.3,25.2,13:35,17.3,5:37,7.9
"		108",서울,2023-06-07,21.4,25.7,17:23,18.9,3:32,6.8
"		108",서울,2023-06-08,20.4,23.9,16:13,18.3,23:39,5.6
"		108",서울,2023-06-09,23.3,28.4,16:46,18.3,5:24,10.1
"		108",서울,2023-06-10,23.2,28.5,12:48,19.6,23:32,8.9
"		108",서울,2023-06-11,22.1,27.3,17:10,17.9,4:22,9.4
"		108",서울,2023-06-12,22.2,27.5,13:53,18.4,6:10,9.1
"		108",서울,2023-06-13,22,26,13:13,19.2,5:56,6.8
"		108",서울,2023-06-14,20.6,25,12:58,17.5,5:08,7.5
"		108",서울,2023-06-15,22.7,28.3,15:16,17.7,5:45,10.6
"		108",서울,2023-06-16,23.7,28.9,15:35,19.1,5:01,9.8
"		108",서울,2023-06-17,24.2,30.2,15:15,18.9,5:40,11.3
"		108",서울,2023-06-18,25.9,32.6,16:36,20.8,5:18,11.8
"		108",서울,2023-06-19,28.5,34,14:55,23.3,3:53,10.7
"		108",서울,2023-06-20,24.7,26.4,10:40,21.4,23:56,5
"		108",서울,2023-06-21,20.5,22.1,15:22,19.2,3:44,2.9
"		108",서울,2023-06-22,22.5,26.4,15:29,18.9,5:24,7.5
"		108",서울,2023-06-23,24.4,29.9,16:50,20,3:09,9.9
"		108",서울,2023-06-24,26.4,31.1,15:40,21.9,5:14,9.2
"		108",서울,2023-06-25,28.2,33.1,15:29,22.8,5:45,10.3
"		108",서울,2023-06-26,24.2,27.5,0:01,22.3,6:06,5.2
"		108",서울,2023-06-27,25.3,29.1,16:57,21.4,5:25,7.7
"		108",서울,2023-06-28,26.5,30.1,14:53,24.2,4:47,5.9
"		108",서울,2023-06-29,24.2,25.9,0:07,23.2,23:43,2.7
"		108",서울,2023-06-30,25.3,29.1,16:03,23.2,0:01,5.9
"		108",서울,2023-07-01,27.7,32.9,14:59,23.3,3:21,9.6
"		108",서울,2023-07-02,26.7,30.6,16:17,23.5,5:43,7.1
"		108",서울,2023-07-03,29.1,34.9,16:16,24.1,5:24,10.8
"		108",서울,2023-07-04,26.1,29.2,12:39,24.5,20:04,4.7
"		108",서울,2023-07-05,24.5,27.1,13:08,22.1,6:48,5
"		108",서울,2023-07-06,27.3,31.8,14:35,22.4,5:45,9.4
"		108",서울,2023-07-07,26.7,31.4,14:47,23.3,23:45,8.1
"		108",서울,2023-07-08,25.6,29.7,15:41,22.4,3:46,7.3
"		108",서울,2023-07-09,24.7,27,8:49,21.6,12:08,5.4
"		108",서울,2023-07-10,26.3,30.9,15:18,22.9,6:26,8
"		108",서울,2023-07-11,23.5,25.9,8:07,21.6,17:33,4.3
"		108",서울,2023-07-12,25.8,29.1,15:52,22,0:01,7.1
"		108",서울,2023-07-13,25.2,26.5,9:43,24.7,12:15,1.8
"		108",서울,2023-07-14,24.6,25.1,10:26,23.9,2:06,1.2
"		108",서울,2023-07-15,24.5,25.7,12:11,23.7,23:58,2
"		108",서울,2023-07-16,24.6,25.4,17:45,23.7,0:01,1.7
"		108",서울,2023-07-17,25.5,27.8,14:37,23.7,4:46,4.1
"		108",서울,2023-07-18,25.2,27.7,17:21,24.1,5:27,3.6
"		108",서울,2023-07-19,27.2,32.4,16:29,22.5,5:27,9.9
"		108",서울,2023-07-20,27.9,32.8,15:47,24,5:49,8.8
"		108",서울,2023-07-21,29.5,34.3,16:28,24.6,5:54,9.7
"		108",서울,2023-07-22,27.7,32.5,12:27,24.6,21:42,7.9
"		108",서울,2023-07-23,25.2,25.8,15:15,24.5,7:52,1.3
"		108",서울,2023-07-24,26.9,30,15:27,24.6,5:21,5.4
"		108",서울,2023-07-25,27.8,30.5,14:32,25.8,4:28,4.7
"		108",서울,2023-07-26,27.6,31.1,15:39,24.9,6:06,6.2
"		108",서울,2023-07-27,28.4,32.2,13:00,24.4,5:39,7.8
"		108",서울,2023-07-28,29.5,34.1,14:16,25.4,5:36,8.7
"		108",서울,2023-07-29,29.1,33.3,15:27,26.1,4:42,7.2
"		108",서울,2023-07-30,28.8,34.9,15:55,24.9,5:50,10
"		108",서울,2023-07-31,28.7,33.4,14:40,25.6,0:03,7.8
"		108",서울,2023-08-01,29.9,34.2,16:46,25.5,5:36,8.7
"		108",서울,2023-08-02,29.7,33.7,14:36,26.8,5:19,6.9
"		108",서울,2023-08-03,29.5,33.8,14:46,25.8,6:15,8
"		108",서울,2023-08-04,30,34.4,16:34,26.5,5:20,7.9
"		108",서울,2023-08-05,30.3,34.9,15:48,26.4,6:11,8.5
"		108",서울,2023-08-06,29.8,33,14:03,27,16:06,6
"		108",서울,2023-08-07,30.4,34.6,15:46,27.3,5:40,7.3
"		108",서울,2023-08-08,30.9,35.8,16:00,26.4,5:53,9.4
"		108",서울,2023-08-09,28.3,31.6,11:02,25.1,23:58,6.5
"		108",서울,2023-08-10,22.2,25.1,0:01,20.9,19:54,4.2
"		108",서울,2023-08-11,23.5,24.9,17:03,21.6,0:01,3.3
"		108",서울,2023-08-12,23.3,24.1,0:01,22.5,22:47,1.6
"		108",서울,2023-08-13,27,31.1,17:45,22.6,0:01,8.5
"		108",서울,2023-08-14,28.1,31.9,14:25,24.8,6:02,7.1
"		108",서울,2023-08-15,28.6,32.7,15:03,24.7,6:12,8
"		108",서울,2023-08-16,27.3,31.6,13:52,24.7,5:40,6.9
"		108",서울,2023-08-17,28.2,32.4,13:49,24.5,6:15,7.9
"		108",서울,2023-08-18,29.1,33.3,14:13,25.5,5:47,7.8
"		108",서울,2023-08-19,29.1,33.6,15:28,26.4,6:20,7.2
"		108",서울,2023-08-20,28.3,31.8,13:48,25.5,4:59,6.3
"		108",서울,2023-08-21,29.5,33.6,14:02,26,6:14,7.6
"		108",서울,2023-08-22,27.6,32.2,13:56,25.8,22:20,6.4
"		108",서울,2023-08-23,24.8,27.2,9:32,23.2,24:00:00,4
"		108",서울,2023-08-24,25.1,27.8,14:19,22.3,4:34,5.5
"		108",서울,2023-08-25,26.5,30,16:18,24,5:55,6
"		108",서울,2023-08-26,26.4,30.3,15:45,23.3,6:36,7
"		108",서울,2023-08-27,26.1,29.6,16:13,22.7,5:05,6.9
"		108",서울,2023-08-28,22.7,25.6,0:01,20.8,8:53,4.8
"		108",서울,2023-08-29,23.9,25.5,10:29,22.5,20:34,3
"		108",서울,2023-08-30,22.8,24.5,12:30,21.5,23:53,3
"		108",서울,2023-08-31,23.9,28.9,15:34,21,5:47,7.9
"		108",서울,2023-09-01,24.5,29.6,15:43,19.7,6:10,9.9
"		108",서울,2023-09-02,25.4,30.8,15:36,19.7,6:39,11.1
"		108",서울,2023-09-03,25.8,28.8,14:14,23.1,7:49,5.7
"		108",서울,2023-09-04,27,30.2,16:07,24.3,6:25,5.9
"		108",서울,2023-09-05,28.5,32.8,14:40,25,7:07,7.8
"		108",서울,2023-09-06,27.9,32.1,15:50,24,6:35,8.1
"		108",서울,2023-09-07,26.3,31.6,15:01,20.9,6:43,10.7
"		108",서울,2023-09-08,25.3,30.5,14:32,19.6,6:22,10.9
"		108",서울,2023-09-09,25.8,31.2,15:55,20.8,6:27,10.4
"		108",서울,2023-09-10,25.7,29.6,14:45,22,6:16,7.6
"		108",서울,2023-09-11,25.5,29.8,15:33,23.1,6:17,6.7
"		108",서울,2023-09-12,25.7,29.8,14:19,21.7,6:42,8.1
"		108",서울,2023-09-13,22.1,24.6,0:01,19.6,21:12,5
"		108",서울,2023-09-14,23.4,27.2,11:48,19.2,6:10,8
"		108",서울,2023-09-15,22.3,24.3,15:44,20.3,7:09,4
"		108",서울,2023-09-16,23.9,26.6,14:42,22,2:33,4.6
"		108",서울,2023-09-17,24.7,28,15:24,22,4:16,6
"		108",서울,2023-09-18,24.7,28.9,12:38,22.1,6:16,6.8
"		108",서울,2023-09-19,24.1,27.2,13:17,21.6,5:55,5.6
"		108",서울,2023-09-20,20.6,23.9,0:01,18.8,23:51,5.1
"		108",서울,2023-09-21,20.1,23.6,14:42,17.5,23:49,6.1
"		108",서울,2023-09-22,20.5,26.7,15:11,15.2,6:26,11.5
"		108",서울,2023-09-23,21.8,27.6,14:18,16.3,6:43,11.3
"		108",서울,2023-09-24,21.8,26.2,14:40,17.9,6:35,8.3
"		108",서울,2023-09-25,21.6,26,13:27,17.9,4:50,8.1
"		108",서울,2023-09-26,19.9,20.8,13:55,18.6,5:10,2.2
"		108",서울,2023-09-27,21.5,23.7,14:33,20,6:32,3.7
"		108",서울,2023-09-28,22.7,27.3,14:22,19.6,6:34,7.7
"		108",서울,2023-09-29,21.1,26.9,14:44,17.4,6:34,9.5
"		108",서울,2023-09-30,19.7,22.2,16:59,17.1,23:59,5.1
"		108",서울,2023-10-01,18.4,23.7,15:11,14.4,6:52,9.3
"		108",서울,2023-10-02,18.2,24.6,15:38,12.9,6:57,11.7
"		108",서울,2023-10-03,17.5,22.5,15:21,14.4,2:50,8.1
"		108",서울,2023-10-04,17.3,23.2,12:57,14.2,6:47,9
"		108",서울,2023-10-05,14.2,19.2,15:56,9.9,6:40,9.3
"		108",서울,2023-10-06,15.5,21.5,14:47,9.6,6:41,11.9
"		108",서울,2023-10-07,16.8,21.2,15:43,11.7,6:30,9.5
"		108",서울,2023-10-08,17.1,19.5,15:55,15.2,5:31,4.3
"		108",서울,2023-10-09,17.4,22.4,15:26,14.1,23:59,8.3
"		108",서울,2023-10-10,17.1,23.5,15:23,11.9,6:17,11.6
"		108",서울,2023-10-11,17.6,24,15:29,12.9,7:19,11.1
"		108",서울,2023-10-12,17.5,24.1,13:25,12,6:42,12.1
"		108",서울,2023-10-13,17.5,21.5,12:36,14.3,6:13,7.2
"		108",서울,2023-10-14,14.7,18.2,15:37,12.9,23:56,5.3
"		108",서울,2023-10-15,16.1,21.2,15:33,10.9,6:36,10.3
"		108",서울,2023-10-16,14.7,19.6,14:03,10.7,23:54,8.9
"		108",서울,2023-10-17,13.8,20.9,15:33,7.5,6:52,13.4
"		108",서울,2023-10-18,15.7,21.6,14:57,9.2,7:06,12.4
"		108",서울,2023-10-19,17,18.9,14:50,14.9,23:54,4
"		108",서울,2023-10-20,11.6,15.1,13:57,7.2,23:52,7.9
"		108",서울,2023-10-21,10.4,16.6,14:46,5.9,4:09,10.7
"		108",서울,2023-10-22,12.5,18.7,14:51,5.4,7:12,13.3
"		108",서울,2023-10-23,15.2,21.4,14:37,11.1,7:01,10.3
"		108",서울,2023-10-24,15.6,19.3,11:56,11.2,5:57,8.1
"		108",서울,2023-10-25,16.6,21.9,14:36,12.7,7:09,9.2
"		108",서울,2023-10-26,17.2,21.1,13:46,14.6,23:37,6.5
"		108",서울,2023-10-27,15.7,20.2,14:57,12.6,23:57,7.6
"		108",서울,2023-10-28,14.2,20.7,14:17,9.4,7:17,11.3
"		108",서울,2023-10-29,14.9,21.8,14:07,9.8,6:56,12
"		108",서울,2023-10-30,15.1,21.9,14:42,9.7,6:57,12.2
"		108",서울,2023-10-31,16.5,20.8,14:27,12.7,2:04,8.1
"		108",서울,2024-05-01,18.5,24,15:52,13.9,5:35,10.1
"		108",서울,2024-05-02,18.1,23.7,14:57,12.4,5:46,11.3
"		108",서울,2024-05-03,19.7,27.9,16:18,12.2,5:59,15.7
"		108",서울,2024-05-04,21.4,28.5,14:02,14.6,6:02,13.9
"		108",서울,2024-05-05,17.8,20.6,0:01,15.7,23:51,4.9
"		108",서울,2024-05-06,13.9,15.7,0:01,13.4,18:11,2.3
"		108",서울,2024-05-07,13.3,15,15:52,12.2,23:57,2.8
"		108",서울,2024-05-08,14.7,21.4,16:09,9,5:54,12.4
"		108",서울,2024-05-09,16.1,21.8,15:57,10.9,5:17,10.9
"		108",서울,2024-05-10,17.9,23.8,14:41,12.5,5:34,11.3
"		108",서울,2024-05-11,17,22,12:27,14,22:59,8
"		108",서울,2024-05-12,16.6,21.6,15:18,11.9,5:56,9.7
"		108",서울,2024-05-13,18.3,24.5,14:44,11.9,6:03,12.6
"		108",서울,2024-05-14,18.8,24.7,14:19,12.7,5:59,12
"		108",서울,2024-05-15,12.6,18.8,10:02,7.2,21:29,11.6
"		108",서울,2024-05-16,13.7,19.8,16:13,6.9,6:00,12.9
"		108",서울,2024-05-17,18.3,24.9,14:35,10.8,5:35,14.1
"		108",서울,2024-05-18,20.7,26.5,14:59,16,5:51,10.5
"		108",서울,2024-05-19,21.5,27.9,15:13,15.9,5:34,12
"		108",서울,2024-05-20,19.4,22.8,12:51,16.8,23:47,6
"		108",서울,2024-05-21,21.7,28.3,16:54,16.3,5:53,12
"		108",서울,2024-05-22,20.5,25.5,14:53,16.4,5:33,9.1
"		108",서울,2024-05-23,20.2,26.4,15:54,15.8,6:07,10.6
"		108",서울,2024-05-24,20.1,24.7,17:26,15.7,1:45,9
"		108",서울,2024-05-25,21.4,24.7,12:48,18.7,1:25,6
"		108",서울,2024-05-26,19.9,23.7,11:10,17,23:42,6.7
"		108",서울,2024-05-27,18.5,22.6,15:04,14.1,6:03,8.5
"		108",서울,2024-05-28,20.4,26.1,17:04,14.3,5:34,11.8
"		108",서울,2024-05-29,21.2,26.8,15:02,15.4,5:47,11.4
"		108",서울,2024-05-30,20.7,24.6,15:44,16.2,5:46,8.4
"		108",서울,2024-05-31,20.4,25.4,15:07,16.9,6:03,8.5
"		108",서울,2024-06-01,20.7,25.2,15:20,17.5,5:29,7.7
"		108",서울,2024-06-02,20.4,25.8,15:51,15.7,5:51,10.1
"		108",서울,2024-06-03,22.2,28.7,16:03,15.7,5:20,13
"		108",서울,2024-06-04,22.8,29.3,16:07,16.3,5:27,13
"		108",서울,2024-06-05,23.6,30.1,14:03,18.1,5:17,12
"		108",서울,2024-06-06,24.1,31.4,16:11,19.3,6:02,12.1
"		108",서울,2024-06-07,23.1,28,15:38,18.3,5:44,9.7
"		108",서울,2024-06-08,20.3,25,17:30,17.9,4:48,7.1
"		108",서울,2024-06-09,22.9,28.8,14:56,17.4,5:55,11.4
"		108",서울,2024-06-10,24.7,31.1,15:09,19,5:31,12.1
"		108",서울,2024-06-11,25.4,31.6,15:42,21.7,23:59,9.9
"		108",서울,2024-06-12,24.8,31.8,14:23,19.2,5:17,12.6
"		108",서울,2024-06-13,26.4,32.8,15:44,20,5:04,12.8
"		108",서울,2024-06-14,26.3,33,14:25,21.4,5:32,11.6
"		108",서울,2024-06-15,24.2,28.2,16:29,21.8,4:45,6.4
"		108",서울,2024-06-16,24.3,29.5,14:48,19.9,5:35,9.6
"		108",서울,2024-06-17,24.8,30.2,14:48,18.9,5:27,11.3
"		108",서울,2024-06-18,26,32.9,15:09,20.4,5:44,12.5
"		108",서울,2024-06-19,28.8,35.8,16:23,21.4,5:09,14.4
"		108",서울,2024-06-20,29.4,35.4,13:48,23.4,5:18,12
"		108",서울,2024-06-21,28.1,33.9,13:04,22.9,5:13,11
"		108",서울,2024-06-22,24.2,26.1,8:33,22.6,12:48,3.5
"		108",서울,2024-06-23,25.1,30.1,14:02,22.5,3:33,7.6
"		108",서울,2024-06-24,24.3,27.9,13:08,21.2,23:53,6.7
"		108",서울,2024-06-25,22.9,27.2,14:31,19.1,5:59,8.1
"		108",서울,2024-06-26,24.9,31.6,16:40,18.9,6:08,12.7
"		108",서울,2024-06-27,26.3,31.6,13:00,20.6,5:37,11
"		108",서울,2024-06-28,26.6,32.5,14:49,21.3,5:36,11.2
"		108",서울,2024-06-29,26.7,32.3,14:08,21.6,5:29,10.7
"		108",서울,2024-06-30,23.5,24.9,16:40,22,9:47,2.9
"		108",서울,2024-07-01,26.3,31.3,15:37,22,5:06,9.3
"		108",서울,2024-07-02,23.2,25.2,0:01,21.9,12:14,3.3
"		108",서울,2024-07-03,24.7,25.9,11:52,23.6,7:35,2.3
"		108",서울,2024-07-04,26.8,30.6,14:59,23.2,6:20,7.4
"		108",서울,2024-07-05,23.4,26.1,16:55,21.3,5:10,4.8
"		108",서울,2024-07-06,25.1,30,14:20,22.1,5:42,7.9
"		108",서울,2024-07-07,24.4,28.2,13:27,21.5,5:14,6.7
"		108",서울,2024-07-08,23.8,24.5,15:35,23.1,20:32,1.4
"		108",서울,2024-07-09,24.5,26.7,13:17,22.7,5:13,4
"		108",서울,2024-07-10,26.6,31.1,13:26,22.7,5:17,8.4
"		108",서울,2024-07-11,25.7,28.9,15:31,23.3,23:54,5.6
"		108",서울,2024-07-12,25.6,30.2,16:19,21.8,5:50,8.4
"		108",서울,2024-07-13,28.1,33.3,15:44,23.5,5:50,9.8
"		108",서울,2024-07-14,28.4,32.1,16:54,24.9,6:54,7.2
"		108",서울,2024-07-15,28.4,31.3,16:33,24.5,5:24,6.8
"		108",서울,2024-07-16,27,30.7,12:27,24.6,23:46,6.1
"		108",서울,2024-07-17,25.4,28.1,13:45,24.1,3:55,4
"		108",서울,2024-07-18,24.3,25.6,0:01,23.1,8:13,2.5
"		108",서울,2024-07-19,27,30.8,14:54,24.2,4:40,6.6
"		108",서울,2024-07-20,27.2,30.6,15:47,25.1,4:43,5.5
"		108",서울,2024-07-21,26.5,29.8,18:08,22.5,4:51,7.3
"		108",서울,2024-07-22,26.6,27.9,0:01,24.3,11:04,3.6
"		108",서울,2024-07-23,26.4,27.3,15:17,25.8,4:54,1.5
"		108",서울,2024-07-24,28.1,30.9,13:55,26,5:46,4.9
"		108",서울,2024-07-25,28.8,32.2,15:51,25.4,23:56,6.8
"		108",서울,2024-07-26,28.7,32.7,15:37,25.2,1:37,7.5
"		108",서울,2024-07-27,28.9,31.7,12:44,27.5,5:46,4.2
"		108",서울,2024-07-28,29.2,32.2,14:27,27.3,4:45,4.9
"		108",서울,2024-07-29,27.4,27.8,0:01,26.8,23:56,1
"		108",서울,2024-07-30,28.6,31.9,14:41,26.3,4:59,5.6
"		108",서울,2024-07-31,29.4,33.3,15:40,27,3:21,6.3
"		108",서울,2024-08-01,29.9,33.2,15:20,27.3,4:42,5.9
"		108",서울,2024-08-02,29.6,32.5,16:08,28.2,5:49,4.3
"		108",서울,2024-08-03,30.2,34.2,15:28,27.2,4:25,7
"		108",서울,2024-08-04,31.8,36.2,14:48,27.3,5:42,8.9
"		108",서울,2024-08-05,30,33.7,15:22,26.9,23:58,6.8
"		108",서울,2024-08-06,29.5,33.5,15:46,25.6,5:39,7.9
"		108",서울,2024-08-07,29.6,33.4,16:02,27.2,5:36,6.2
"		108",서울,2024-08-08,28.5,31.6,17:08,26.9,23:53,4.7
"		108",서울,2024-08-09,29.3,33.6,14:20,25.6,4:42,8
"		108",서울,2024-08-10,30,33.6,13:35,26.4,5:30,7.2
"		108",서울,2024-08-11,30.8,34.4,15:21,27.8,5:58,6.6
"		108",서울,2024-08-12,31.1,34.1,15:12,28.2,6:08,5.9
"		108",서울,2024-08-13,31.3,36.4,15:01,28.1,5:20,8.3
"		108",서울,2024-08-14,30,34.9,14:38,27.3,20:02,7.6
"		108",서울,2024-08-15,29.2,34.6,15:41,26.7,5:46,7.9
"		108",서울,2024-08-16,29.8,34.3,13:40,26.8,4:18,7.5
"		108",서울,2024-08-17,29.8,34,15:14,27.2,5:59,6.8
"		108",서울,2024-08-18,29.5,33.9,12:53,27,5:25,6.9
"		108",서울,2024-08-19,29.7,35.3,13:55,26.3,6:07,9
"		108",서울,2024-08-20,31.4,35.4,15:19,27,3:31,8.4
"		108",서울,2024-08-21,28.4,30.8,0:01,26.9,6:53,3.9
"		108",서울,2024-08-22,28.6,30.3,12:51,27.1,22:11,3.2
"		108",서울,2024-08-23,28.4,31.8,14:18,26.4,5:50,5.4
"		108",서울,2024-08-24,27.6,30.9,16:28,25.1,6:12,5.8
"		108",서울,2024-08-25,28.5,32.7,15:58,24.9,6:12,7.8
"		108",서울,2024-08-26,28.1,30.6,15:09,25.6,5:54,5
"		108",서울,2024-08-27,26.5,30.3,16:38,24.6,9:53,5.7
"		108",서울,2024-08-28,28.2,33.2,16:23,23,5:59,10.2
"		108",서울,2024-08-29,28.4,33.5,14:16,23.4,6:24,10.1
"		108",서울,2024-08-30,28,32.9,14:15,23.7,6:04,9.2
"		108",서울,2024-08-31,27.6,33,15:53,22.6,6:39,10.4
"		108",서울,2024-09-01,27.1,31.6,14:58,24.6,5:57,7
"		108",서울,2024-09-02,24.5,26.9,17:01,22.2,7:09,4.7
"		108",서울,2024-09-03,27,32,14:53,23.2,6:25,8.8
"		108",서울,2024-09-04,27.9,33.3,15:59,23.2,5:57,10.1
"		108",서울,2024-09-05,26.3,28.8,10:30,25.6,19:03,3.2
"		108",서울,2024-09-06,24,25.7,0:01,23.3,12:11,2.4
"		108",서울,2024-09-07,26.5,31.3,14:32,22.8,6:21,8.5
"		108",서울,2024-09-08,27.2,32.8,15:28,22.6,6:35,10.2
"		108",서울,2024-09-09,28.5,34.1,14:45,24.1,4:20,10
"		108",서울,2024-09-10,29.4,33.9,15:35,25.6,6:00,8.3
"		108",서울,2024-09-11,29,34.6,12:40,25.4,6:18,9.2
"		108",서울,2024-09-12,25.4,27.1,0:01,24.8,21:21,2.3
"		108",서울,2024-09-13,25.9,28,12:43,24.2,4:13,3.8
"		108",서울,2024-09-14,28,32.2,16:30,25.2,6:57,7
"		108",서울,2024-09-15,27.5,32.4,15:20,24.2,23:46,8.2
"		108",서울,2024-09-16,26.8,32.2,14:53,21.3,7:38,10.9
"		108",서울,2024-09-17,28.6,33.2,15:07,25.8,5:56,7.4
"		108",서울,2024-09-18,29.4,33.6,14:45,26.5,4:34,7.1
"		108",서울,2024-09-19,29.1,32.6,15:15,25.6,6:32,7
"		108",서울,2024-09-20,25,28.6,0:01,17.9,23:45,10.7
"		108",서울,2024-09-21,19.3,21.9,15:28,17.1,7:49,4.8
"		108",서울,2024-09-22,21,26.7,15:20,16.9,5:23,9.8
"		108",서울,2024-09-23,20.8,26.1,15:44,16.6,6:03,9.5
"		108",서울,2024-09-24,21,26.9,15:35,15.6,6:38,11.3
"		108",서울,2024-09-25,23.3,27.3,14:24,18.6,3:12,8.7
"		108",서울,2024-09-26,23.6,28,15:05,21.1,6:45,6.9
"		108",서울,2024-09-27,22.7,28,15:34,19.1,6:43,8.9
"		108",서울,2024-09-28,23.2,27.9,13:59,19.2,6:13,8.7
"		108",서울,2024-09-29,23.5,29,14:46,19.1,6:22,9.9
"		108",서울,2024-09-30,23,28.5,15:32,18.3,6:22,10.2
"		108",서울,2024-10-01,18.3,21.7,0:01,13.3,24:00:00,8.4
"		108",서울,2024-10-02,14.9,19.9,15:36,11.6,6:49,8.3
"		108",서울,2024-10-03,16.4,22.5,13:07,10.8,6:18,11.7
"		108",서울,2024-10-04,17.6,24.2,14:54,11.9,6:42,12.3
"		108",서울,2024-10-05,17.5,24.4,15:10,11.6,6:01,12.8
"		108",서울,2024-10-06,15.4,17.9,15:00,12.3,5:46,5.6
"		108",서울,2024-10-07,16.9,20.7,13:12,14,6:52,6.7
"		108",서울,2024-10-08,17.7,23.9,15:05,12.7,7:10,11.2
"		108",서울,2024-10-09,18.8,24.4,14:02,13.9,6:29,10.5
"		108",서울,2024-10-10,18.8,24.1,15:47,15.3,6:11,8.8
"		108",서울,2024-10-11,18.6,24.4,14:51,13.9,7:02,10.5
"		108",서울,2024-10-12,18.3,24.7,15:35,13.4,6:57,11.3
"		108",서울,2024-10-13,18.3,22.6,15:35,12.6,6:25,10
"		108",서울,2024-10-14,19.3,21.5,14:44,17.6,3:09,3.9
"		108",서울,2024-10-15,19.2,21.9,15:11,17.6,6:12,4.3
"		108",서울,2024-10-16,18.2,24.2,14:49,14.4,6:28,9.8
"		108",서울,2024-10-17,19,25.7,15:12,13.8,4:02,11.9
"		108",서울,2024-10-18,17.4,18.8,9:30,16.2,19:55,2.6
"		108",서울,2024-10-19,16.6,21.1,11:51,12.4,23:41,8.7
"		108",서울,2024-10-20,13.4,17.8,14:21,10.5,7:09,7.3
"		108",서울,2024-10-21,14.8,19.3,15:13,9.7,2:33,9.6
"		108",서울,2024-10-22,15.5,16.6,21:55,14.9,6:44,1.7
"		108",서울,2024-10-23,12.7,15.5,13:41,9.4,23:56,6.1
"		108",서울,2024-10-24,12.5,18.4,15:01,7.1,6:50,11.3
"		108",서울,2024-10-25,14.9,21.5,14:16,8.7,7:01,12.8
"		108",서울,2024-10-26,17,24,15:52,10.7,6:44,13.3
"		108",서울,2024-10-27,16,18.8,13:14,14,24:00:00,4.8
"		108",서울,2024-10-28,15.7,20.4,15:04,12.3,4:16,8.1
"		108",서울,2024-10-29,15,18.3,15:29,13.4,5:04,4.9
"		108",서울,2024-10-30,15.7,21.4,14:05,11.4,7:09,10
"		108",서울,2024-10-31,15.9,22.6,14:55,11,7:14,11.6
"		108",서울,2025-05-01,14.7,17.6,7:44,11.3,23:55,6.3
"		108",서울,2025-05-02,13.4,18.5,15:30,8.2,6:00,10.3
"		108",서울,2025-05-03,11.2,14,13:53,9.5,7:08,4.5
"		108",서울,2025-05-04,13.7,19.9,14:18,8.2,4:17,11.7
"		108",서울,2025-05-05,12.1,15,13:50,9.3,3:17,5.7
"		108",서울,2025-05-06,14.4,19.5,16:30,8.5,4:50,11
"		108",서울,2025-05-07,14.9,21.1,14:39,9.9,5:54,11.2
"		108",서울,2025-05-08,17.4,24.9,15:43,9.7,6:02,15.2
"		108",서울,2025-05-09,15.1,17.4,0:08,14.1,13:30,3.3
"		108",서울,2025-05-10,12.3,15.3,1:10,11.6,8:31,3.7
"		108",서울,2025-05-11,14.7,20.2,16:43,11.4,2:06,8.8
"		108",서울,2025-05-12,17,23.6,16:35,9.8,5:43,13.8
"		108",서울,2025-05-13,19.9,25.8,13:09,13.3,5:12,12.5
"		108",서울,2025-05-14,21,26.7,14:37,14.1,5:47,12.6
"		108",서울,2025-05-15,19.5,22.2,16:21,16.8,9:22,5.4
"		108",서울,2025-05-16,19.4,22,14:37,17.8,23:39,4.2
"		108",서울,2025-05-17,18.3,24.3,13:05,14.7,23:51,9.6
"		108",서울,2025-05-18,15.6,21,14:59,11.4,5:41,9.6
"		108",서울,2025-05-19,16.1,20.9,15:38,10.5,3:57,10.4
"		108",서울,2025-05-20,22.2,27.3,15:13,17.4,0:01,9.9
"		108",서울,2025-05-21,25.5,30.8,14:17,22.3,23:45,8.5
"		108",서울,2025-05-22,23.9,28.5,15:36,20,7:34,8.5
"		108",서울,2025-05-23,19.4,22.2,0:01,15.4,23:43,6.8
"		108",서울,2025-05-24,15.6,19.3,17:08,13,5:37,6.3
"		108",서울,2025-05-25,17.4,22.6,16:07,11.7,5:04,10.9
"		108",서울,2025-05-26,19.7,26.2,15:05,13,5:44,13.2
"		108",서울,2025-05-27,20.8,27,14:27,14.7,5:39,12.3
"		108",서울,2025-05-28,20.8,26.9,15:28,16.3,5:29,10.6
"		108",서울,2025-05-29,21.2,27.3,15:57,15.3,5:40,12
"		108",서울,2025-05-30,22.2,28.3,15:35,16.7,6:05,11.6
"		108",서울,2025-05-31,21.5,27,15:17,16.4,5:28,10.6
"		108",서울,2025-06-01,22.6,29.3,15:08,17,5:50,12.3
"		108",서울,2025-06-02,21,23.1,15:29,19.2,5:13,3.9
"		108",서울,2025-06-03,20.9,25.3,12:16,17,23:58,8.3
"		108",서울,2025-06-04,20.5,25.3,12:46,15.2,5:12,10.1
"		108",서울,2025-06-05,21.7,27.1,14:32,15.6,6:05,11.5
"		108",서울,2025-06-06,24.1,30,13:47,17.7,5:31,12.3
"		108",서울,2025-06-07,23.7,28.2,16:00,19.8,5:07,8.4
"		108",서울,2025-06-08,25.1,30.4,13:55,21.4,5:20,9
"		108",서울,2025-06-09,24.2,30.2,15:13,20.6,5:34,9.6
"		108",서울,2025-06-10,21.7,25.3,16:59,18.8,23:57,6.5
"		108",서울,2025-06-11,22.7,28.5,14:18,15.9,5:26,12.6
"		108",서울,2025-06-12,25.5,33.1,16:16,17.9,5:37,15.2
"		108",서울,2025-06-13,24,29.4,12:34,20.1,22:24,9.3
"		108",서울,2025-06-14,25.6,32.1,16:47,20.3,0:01,11.8
"		108",서울,2025-06-15,26.3,33.2,14:10,21.7,6:07,11.5
"		108",서울,2025-06-16,23,25.1,12:45,21.8,23:51,3.3
"		108",서울,2025-06-17,24.8,29.6,15:26,21.1,5:10,8.5
"		108",서울,2025-06-18,25.5,30.9,15:08,21.2,5:36,9.7
"		108",서울,2025-06-19,28.1,34.2,14:26,21.1,5:49,13.1
"		108",서울,2025-06-20,24.1,28.3,0:01,22.2,23:18,6.1
"		108",서울,2025-06-21,22,24.2,16:43,20.5,23:54,3.7
"		108",서울,2025-06-22,23.3,28.6,15:15,18.1,5:36,10.5
"		108",서울,2025-06-23,26.1,31.7,16:20,19.4,5:34,12.3
"		108",서울,2025-06-24,25,28,12:44,20.5,23:32,7.5
"		108",서울,2025-06-25,20.9,22.1,14:07,19.5,3:27,2.6
"		108",서울,2025-06-26,22.2,24.2,17:34,19.9,4:49,4.3
"		108",서울,2025-06-27,25,29.3,16:20,21.1,4:40,8.2
"		108",서울,2025-06-28,26.2,28.1,15:14,24.5,5:55,3.6
"		108",서울,2025-06-29,27.1,30.2,16:59,24.9,6:54,5.3
"		108",서울,2025-06-30,28.2,31.2,13:54,25.6,5:16,5.6
"		108",서울,2025-07-01,28.6,31.8,13:36,26.2,7:29,5.6
"		108",서울,2025-07-02,28.6,30.9,12:47,26.8,5:20,4.1
"		108",서울,2025-07-03,28.3,32,15:23,26.5,23:57,5.5
"		108",서울,2025-07-04,27.2,30,14:36,25.7,4:53,4.3
"		108",서울,2025-07-05,28.4,32.3,15:01,26,4:59,6.3
"		108",서울,2025-07-06,29.1,32.8,14:08,26.3,7:27,6.5
"		108",서울,2025-07-07,29.1,33.2,16:23,26.7,5:45,6.5
"		108",서울,2025-07-08,31.3,37.8,15:09,26.9,6:12,10.9
"		108",서울,2025-07-09,31.9,36,16:29,27.4,5:30,8.6
"		108",서울,2025-07-10,31.4,36.2,15:53,27.3,5:54,8.9
"		108",서울,2025-07-11,30.2,36.1,16:58,24.6,5:59,11.5
"		108",서울,2025-07-12,30.3,36.5,16:17,24.4,5:54,12.1
"		108",서울,2025-07-13,27.7,31,12:41,25.6,23:46,5.4
"		108",서울,2025-07-14,24.2,28.1,11:29,21.7,23:43,6.4
"		108",서울,2025-07-15,23.6,25.9,15:16,21.5,2:00,4.4
"		108",서울,2025-07-16,23.3,24.8,8:20,22.2,21:11,2.6
"		108",서울,2025-07-17,23.3,24.4,15:25,22,10:00,2.4
"		108",서울,2025-07-18,24.7,27.2,18:20,22.9,9:03,4.3
"		108",서울,2025-07-19,23.9,25.8,17:19,21.9,4:05,3.9
"		108",서울,2025-07-20,27.7,31.3,16:43,25,5:43,6.3
"		108",서울,2025-07-21,28.5,31.6,14:55,25.6,4:14,6
"		108",서울,2025-07-22,28.8,32.2,14:31,26.6,5:27,5.6
"		108",서울,2025-07-23,28.9,33.3,14:18,25.5,5:40,7.8
"		108",서울,2025-07-24,29.8,34.1,13:50,25.8,5:33,8.3
"		108",서울,2025-07-25,31.1,36.3,15:31,25.6,5:46,10.7
"		108",서울,2025-07-26,32.3,37.1,17:01,27.6,5:51,9.5
"		108",서울,2025-07-27,32.8,38,15:35,28.3,5:50,9.7
"		108",서울,2025-07-28,32.2,36.4,15:29,28.8,5:55,7.6
"		108",서울,2025-07-29,32,36.7,14:28,27.6,5:48,9.1
"		108",서울,2025-07-30,32.1,36.3,14:47,28.3,5:12,8
"		108",서울,2025-07-31,30.9,34.6,14:32,29.3,6:10,5.3
"		108",서울,2025-08-01,31,35.1,12:13,27.8,5:38,7.3
"		108",서울,2025-08-02,31.2,36.2,16:00,27.3,6:05,8.9
"		108",서울,2025-08-03,28.8,32.5,13:48,24,23:59,8.5
"		108",서울,2025-08-04,28.1,33.9,16:47,23.7,5:22,10.2
"		108",서울,2025-08-05,29.1,33.5,15:05,25.4,5:58,8.1
"		108",서울,2025-08-06,27.1,29.3,10:58,25.8,20:28,3.5
"		108",서울,2025-08-07,28.2,32.3,15:41,25.4,6:02,6.9
"		108",서울,2025-08-08,26.6,30.2,14:04,23.9,6:15,6.3
"		108",서울,2025-08-09,24.9,26.4,17:38,23.1,23:56,3.3
"		108",서울,2025-08-10,27.3,33.2,15:59,21,5:38,12.2
"		108",서울,2025-08-11,27,29.5,14:15,25,5:43,4.5
"		108",서울,2025-08-12,28.6,34.1,16:02,23.3,5:59,10.8
"		108",서울,2025-08-13,25.1,27.1,17:19,22,10:53,5.1
"		108",서울,2025-08-14,25.5,26.9,16:49,24.2,7:36,2.7
"		108",서울,2025-08-15,27.1,30.9,15:57,24.4,5:05,6.5
"		108",서울,2025-08-16,28.2,32.2,14:34,25.5,4:29,6.7
"		108",서울,2025-08-17,28.4,32,13:58,26.1,3:55,5.9
"		108",서울,2025-08-18,28.9,32.9,14:53,27,5:48,5.9
"		108",서울,2025-08-19,29.1,32.3,14:44,26.9,5:25,5.4
"		108",서울,2025-08-20,29.4,32.8,14:34,26.9,6:02,5.9
"		108",서울,2025-08-21,29.8,34.3,14:02,27.4,5:19,6.9
"		108",서울,2025-08-22,29.4,33.5,15:19,26.1,5:39,7.4
"		108",서울,2025-08-23,29.3,32.2,16:24,27.4,4:56,4.8
"		108",서울,2025-08-24,30.2,34.7,14:51,26.9,4:51,7.8
"		108",서울,2025-08-25,28.7,32.2,16:49,26.3,9:40,5.9
"		108",서울,2025-08-26,27.6,31.8,15:43,25.5,6:09,6.3
"		108",서울,2025-08-27,26.7,30.8,15:41,23.6,6:17,7.2
"		108",서울,2025-08-28,28.3,31,13:50,24.7,6:17,6.3
"		108",서울,2025-08-29,29,32.8,13:50,27.3,5:43,5.5
"		108",서울,2025-08-30,28.4,31.8,16:04,25.8,8:32,6
"		108",서울,2025-08-31,28.5,31.8,14:38,25.1,5:49,6.7
"		108",서울,2025-09-01,26.1,28.2,13:29,24.4,23:57,3.8
"		108",서울,2025-09-02,26,30.6,16:51,22,6:43,8.6
"		108",서울,2025-09-03,27.6,32.1,15:38,22.6,6:08,9.5
"		108",서울,2025-09-04,25.8,29.8,15:51,22.8,6:26,7
"		108",서울,2025-09-05,27.9,33,15:20,23.5,5:56,9.5
"		108",서울,2025-09-06,26.8,30.4,15:18,25.4,19:41,5
"		108",서울,2025-09-07,25.3,28.3,13:10,22.3,23:53,6
"		108",서울,2025-09-08,24.4,29.5,14:54,20.6,6:23,8.9
"		108",서울,2025-09-09,23.7,26.9,16:15,21.4,23:56,5.5
"		108",서울,2025-09-10,24.8,31.5,16:15,18.4,6:42,13.1
"		108",서울,2025-09-11,25.8,31.7,16:04,19.9,5:39,11.8
"		108",서울,2025-09-12,23.9,26.3,12:32,21.1,24:00:00,5.2
"		108",서울,2025-09-13,23.3,27.6,16:08,20.4,2:05,7.2
"		108",서울,2025-09-14,24.8,29.3,16:16,21.5,6:24,7.8
"		108",서울,2025-09-15,25.7,30.7,14:47,20.8,6:38,9.9
"		108",서울,2025-09-16,23.7,27.1,13:27,22.2,4:29,4.9
"		108",서울,2025-09-17,22.7,24,8:37,21.2,23:54,2.8
"		108",서울,2025-09-18,22.1,26,15:13,19.6,6:06,6.4
"		108",서울,2025-09-19,19.4,21.4,11:52,17.9,23:52,3.5
"		108",서울,2025-09-20,20,23.6,16:35,17.5,3:36,6.1
"		108",서울,2025-09-21,21.6,27.3,15:07,17.2,5:40,10.1
"		108",서울,2025-09-22,21.3,25.1,13:41,17.6,6:36,7.5
"		108",서울,2025-09-23,22.7,26.8,15:30,19.2,6:26,7.6
"		108",서울,2025-09-24,22,23.7,11:44,20.4,3:40,3.3
"		108",서울,2025-09-25,22.5,26.4,16:22,20.2,23:51,6.2
"		108",서울,2025-09-26,21.7,27.1,15:43,17.8,6:26,9.3
"		108",서울,2025-09-27,22.5,27.2,14:20,17.6,6:17,9.6
"		108",서울,2025-09-28,20,21.9,14:11,18.4,10:00,3.5
"		108",서울,2025-09-29,19.6,23.9,14:54,16.6,6:56,7.3
"		108",서울,2025-09-30,19.8,24,14:09,17.3,6:25,6.7
"		108",서울,2025-10-01,20.5,25.6,14:21,16.7,6:26,8.9
"		108",서울,2025-10-02,21.4,25.8,13:24,17.3,6:20,8.5
"		108",서울,2025-10-03,21.2,22.3,13:38,19.8,6:21,2.5
"		108",서울,2025-10-04,22.5,25,14:05,20.9,6:24,4.1
"		108",서울,2025-10-05,21.4,22.3,0:32,20.6,19:53,1.7
"		108",서울,2025-10-06,17.6,20.7,0:01,15.4,20:01,5.3
"		108",서울,2025-10-07,18.2,20,13:22,15.5,0:01,4.5
"		108",서울,2025-10-08,21.9,28,15:18,17.2,6:52,10.8
"		108",서울,2025-10-09,20,22.6,13:04,16.9,23:48,5.7
"		108",서울,2025-10-10,17,17.7,13:09,16,3:08,1.7
"		108",서울,2025-10-11,20.3,23.8,13:57,17.3,0:13,6.5
"		108",서울,2025-10-12,19,21.4,13:02,17.6,3:50,3.8
"		108",서울,2025-10-13,15.7,18.3,0:01,13.9,19:50,4.4
"		108",서울,2025-10-14,17.9,20.9,14:02,14.4,0:01,6.5
"		108",서울,2025-10-15,20.2,25.3,14:14,16.1,6:15,9.2
"		108",서울,2025-10-16,20.2,24.8,14:52,17,7:06,7.8
"		108",서울,2025-10-17,19.9,24.8,13:53,15.6,6:00,9.2
"		108",서울,2025-10-18,15.8,18.6,0:01,14.2,23:56,4.4
"		108",서울,2025-10-19,14.5,19.2,13:22,8.9,23:53,10.3
"		108",서울,2025-10-20,10,16.5,15:17,5.3,6:49,11.2
"		108",서울,2025-10-21,9.2,14.1,14:39,4.8,5:44,9.3
"		108",서울,2025-10-22,13.1,18.6,15:08,6.6,3:40,12
"		108",서울,2025-10-23,14.9,19.6,14:24,11.8,4:52,7.8
"		108",서울,2025-10-24,15.8,21.5,15:46,11.3,7:10,10.2
"		108",서울,2025-10-25,14.4,17.7,15:29,12.6,7:37,5.1
"		108",서울,2025-10-26,12.2,13.9,14:34,10.6,23:56,3.3
"		108",서울,2025-10-27,8.1,12.2,14:56,3.7,7:27,8.5
"		108",서울,2025-10-28,8.5,14.4,14:20,3,7:34,11.4
"		108",서울,2025-10-29,11.4,18.3,15:07,6.2,3:32,12.1
"		108",서울,2025-10-30,12.8,18.2,13:44,7.7,6:55,10.5
"		108",서울,2025-10-31,15.1,20.7,14:32,11.3,6:04,9.4
"		",,,,,,,,
"	",,,,,,,,
"	",,,,,,,,
"	",,,,,,,,
"	",,,,,,,,
"		",,,,,,,,
"	",,,,,,,,
"	",,,,,,,,
