tm,TEMP_AVG,HUMID,WT_AVG,DO,RN_SUM_7,TG_MIN,MOS_PARK
2020-05-07,20.7,32.5,21.77054093567252,6.286111111111111,0.0,11.6,21.6
2020-05-08,19.9,32.8,21.75555555555556,6.190277777777777,2.3,11.7,59.4
2020-05-09,14.2,94.4,19.34722222222222,4.2125,26.7,11.9,63.6
2020-05-10,14.4,88.6,18.54861111111111,4.976388888888889,28.0,12.2,61.0
2020-05-11,16.5,61.0,19.93017676767677,5.525252525252525,31.4,9.8,45.3
2020-05-12,14.3,69.4,19.486764705882354,5.263316993464052,32.1,5.8,45.8
2020-05-13,16.1,47.3,19.881944444444443,5.497222222222223,32.1,3.9,51.1
2020-05-14,19.3,35.4,19.65333333333333,4.929401709401709,32.1,7.4,21.6
2020-05-15,16.1,81.4,19.133333333333333,3.891666666666667,41.8,13.6,50.1
2020-05-16,16.7,90.3,19.38888888888889,4.948611111111111,19.9,12.8,59.1
2020-05-17,19.1,80.1,21.20694444444445,5.379166666666666,18.6,14.1,50.1
2020-05-18,19.1,79.4,21.82638888888889,4.0375000000000005,45.0,12.2,51.6
2020-05-19,13.0,73.6,19.588686868686867,4.672348484848485,63.3,6.9,58.5
2020-05-20,14.4,60.4,19.927314814814817,5.696296296296296,63.3,5.5,58.5
2020-05-21,17.4,56.1,20.29583333333333,6.190277777777777,63.3,6.8,42.6
2020-05-22,18.5,68.5,21.49361111111111,6.177222222222222,51.3,9.5,45.8
2020-05-23,20.1,66.1,22.212499999999995,5.702777777777778,48.8,12.6,53.6
2020-05-24,17.1,84.8,21.05555555555556,3.890277777777778,63.3,11.6,56.7
2020-05-25,16.6,81.0,20.851388888888888,5.036111111111111,33.5,10.1,61.6
2020-05-26,16.2,81.9,21.34722222222221,5.122222222222223,16.0,9.3,52.7
2020-05-27,17.4,68.5,22.02916666666667,5.608333333333334,16.0,8.1,51.4
2020-05-28,18.7,62.8,22.27361111111111,5.881944444444444,16.0,8.7,50.3
2020-05-29,20.7,65.6,23.27916666666667,6.061111111111111,16.0,9.8,53.7
2020-05-30,22.6,57.3,24.489743589743583,5.963034188034189,16.0,12.4,58.7
2020-05-31,21.2,63.0,23.934027777777786,5.592708333333333,2.5,13.8,63.7
2020-06-01,19.7,64.3,24.032070707070705,5.693939393939394,2.9,13.0,70.4
2020-06-02,17.9,71.0,21.583845029239768,5.266301169590643,3.4,9.9,65.3
2020-06-03,22.0,73.3,23.66919191919192,5.6186868686868685,3.4,14.6,60.4
2020-06-04,21.9,81.1,24.93024691358025,5.588888888888889,3.6,17.9,55.0
2020-06-05,23.0,69.4,25.543055555555554,5.456944444444445,3.6,15.0,68.9
2020-06-06,24.6,63.6,25.884722222222223,5.461111111111111,3.6,14.9,67.9
2020-06-07,22.7,69.4,26.105555555555554,5.559722222222223,2.6,16.3,71.7
2020-06-08,25.0,63.6,26.80050505050505,5.635732323232323,2.2,17.2,80.3
2020-06-09,26.7,51.6,27.143650793650792,5.470436507936508,0.2,15.8,71.9
2020-06-10,25.8,63.8,26.77083333333333,5.166666666666666,6.4,17.4,79.5
2020-06-11,26.1,68.3,27.38457142857143,4.655809523809524,6.2,19.3,86.9
2020-06-12,24.7,68.6,25.967521367521368,5.47863247863248,6.2,16.8,82.9
2020-06-13,26.9,52.8,26.20555555555556,5.881944444444444,6.2,16.2,84.2
2020-06-14,24.0,70.6,26.663888888888888,5.884722222222222,7.300000000000001,16.9,79.5
2020-06-15,23.0,62.3,25.826551226551228,5.537391774891774,7.300000000000001,13.6,87.8
2020-06-16,24.4,63.0,26.432936507936507,6.360515873015873,7.300000000000001,17.4,75.6
2020-06-17,24.3,58.6,26.15299145299145,5.623076923076923,1.1,14.9,71.7
2020-06-18,23.4,61.4,25.07777777777778,5.420833333333334,1.1,17.1,77.1
2020-06-19,24.7,61.4,25.647777777777776,5.846944444444444,1.2000000000000002,18.7,76.7
2020-06-20,24.9,62.6,26.7875,5.954166666666667,1.2000000000000002,15.4,73.2
2020-06-21,26.1,59.5,27.32777777777778,5.868055555555556,0.1,15.6,78.4
2020-06-22,28.6,50.5,28.218888888888888,5.551111111111112,0.1,16.1,79.2
2020-06-23,27.3,53.5,27.506944444444446,4.911111111111111,0.1,19.1,84.4
2020-06-24,22.3,83.5,24.981944444444448,3.111111111111111,37.7,18.9,95.9
2020-06-25,21.6,91.0,23.717424242424244,3.956818181818182,51.0,19.3,89.7
2020-06-26,21.8,82.1,24.148611111111112,5.023611111111111,53.0,18.5,69.1
2020-06-27,24.1,70.4,25.883333333333336,5.543055555555555,53.0,18.8,66.6
2020-06-28,25.2,70.5,27.086111111111112,5.718055555555555,53.0,18.4,67.3
2020-06-29,23.8,77.0,25.681944444444444,5.320833333333334,64.9,16.9,75.9
2020-06-30,20.1,83.0,21.77361111111111,4.845833333333334,129.60000000000002,16.2,80.4
2020-07-01,21.1,79.3,22.16366161616162,5.864242424242424,92.00000000000001,15.8,75.2
2020-07-02,24.2,74.5,24.48333333333333,5.906944444444444,78.7,16.5,61.6
2020-07-03,25.5,63.5,26.655555555555555,6.004166666666666,76.7,18.4,64.9
2020-07-04,24.2,63.9,27.61428571428572,6.495238095238094,78.30000000000001,18.4,76.3
2020-07-05,23.8,68.6,26.33194444444445,5.990277777777778,78.30000000000001,15.5,21.7
2020-07-06,25.6,66.6,26.690873015873013,6.136309523809524,66.4,18.1,76.3
2020-07-07,24.1,75.5,26.16481481481481,5.913425925925925,1.7000000000000002,19.6,74.7
2020-07-08,25.5,71.9,25.79722222222222,5.836805555555556,1.7000000000000002,17.5,82.1
2020-07-09,27.5,64.6,28.97179487179488,6.869230769230769,1.7000000000000002,18.3,75.9
2020-07-10,24.5,75.0,26.322222222222223,5.647222222222222,3.8000000000000003,19.1,81.7
2020-07-11,25.8,62.6,26.07777777777778,6.05138888888889,2.2,19.8,90.6
2020-07-12,23.5,71.9,24.98888888888889,6.0694444444444455,5.1,19.9,77.5
2020-07-13,18.7,94.8,22.83888888888889,4.263888888888889,52.7,17.0,82.9
2020-07-14,20.3,79.4,21.25744949494949,5.424368686868687,64.2,16.4,73.6
2020-07-15,23.4,63.1,23.66150793650793,6.496626984126984,64.2,17.6,22.5
2020-07-16,25.0,70.9,25.35531400966184,6.704408212560385,64.2,17.0,63.1
2020-07-17,26.0,72.0,26.66111111111111,6.509722222222222,62.0,18.3,73.3
2020-07-18,26.1,71.6,26.57777777777778,5.777777777777779,62.0,20.4,79.5
2020-07-19,24.0,81.6,24.18694444444445,4.803333333333334,88.2,19.5,83.8
2020-07-20,23.8,86.3,24.083059922533607,5.22104693552062,44.2,20.8,85.2
2020-07-21,25.0,77.0,25.4375,6.360119047619048,32.7,18.5,80.6
2020-07-22,23.7,89.3,24.789766081871345,5.364400584795322,44.2,20.2,74.7
2020-07-23,21.1,95.5,23.259420289855072,5.0260869565217385,147.3,17.3,79.5
2020-07-24,22.5,74.3,21.333876811594205,6.1375,150.2,17.3,74.4
2020-07-25,24.3,69.3,22.40416666666667,5.179166666666667,150.2,20.1,65.0
2020-07-26,25.4,69.3,23.793055555555554,5.8946581196581205,121.10000000000001,19.0,69.8
2020-07-27,24.3,86.4,24.007085346215785,5.550724637681159,119.69999999999999,21.4,76.7
2020-07-28,24.4,84.8,24.13888888888889,5.558333333333334,120.1,21.1,81.2
2020-07-29,23.7,95.8,23.59345238095238,4.489087301587301,158.7,21.6,76.7
2020-07-30,25.3,85.5,24.37777777777778,5.048611111111111,55.7,20.6,77.1
2020-07-31,26.2,81.9,24.79583333333333,5.509722222222223,54.300000000000004,21.1,74.5
2020-08-01,25.3,90.9,24.231944444444448,4.486111111111111,93.4,23.1,80.8
2020-08-02,24.9,96.3,23.126944444444444,4.911944444444444,124.80000000000001,22.8,84.9
2020-08-03,25.0,96.3,22.758333333333333,4.758333333333333,225.2,22.8,84.7
2020-08-04,27.0,89.3,22.791666666666664,5.09375,228.7,24.3,80.1
2020-08-05,26.5,92.1,23.012500000000003,3.970833333333333,197.1,24.3,79.5
2020-08-06,24.1,92.8,22.74375,4.39861111111111,272.70000000000005,21.1,88.3
2020-08-07,24.3,85.3,21.471739130434784,4.154347826086957,271.20000000000005,20.6,86.0
2020-08-08,24.2,89.5,21.85625,3.695833333333333,251.2,20.6,75.9
2020-08-09,24.9,95.4,22.74375,4.379166666666666,270.1,23.1,79.0
2020-08-10,26.5,91.6,22.235416666666666,4.491666666666667,212.10000000000002,23.6,76.6
2020-08-11,24.6,92.5,22.40833333333333,4.877083333333333,305.20000000000005,21.5,79.1
2020-08-12,27.2,83.9,22.06875,4.089583333333334,286.70000000000005,21.5,87.0
2020-08-13,28.0,82.4,23.03625,4.427083333333333,211.00000000000003,24.4,86.4
2020-08-14,27.1,86.1,23.539583333333333,4.602083333333333,211.40000000000003,24.9,89.5
2020-08-15,26.1,96.0,23.802083333333336,4.233333333333333,261.30000000000007,18.7,93.0
2020-08-16,27.4,82.6,23.90470085470085,5.304059829059828,211.00000000000003,23.7,88.7
2020-08-17,28.2,77.9,24.58611111111111,5.179166666666666,166.40000000000003,22.1,84.4
2020-08-18,27.5,76.3,24.882936507936503,4.73968253968254,69.40000000000003,20.8,90.2
2020-08-19,27.1,76.8,25.64305555555556,5.377777777777777,69.40000000000003,20.2,98.8
2020-08-20,27.7,76.0,25.95858585858586,5.504040404040404,69.40000000000003,21.8,90.6
2020-08-21,26.6,83.1,25.566666666666663,5.004166666666666,71.50000000000003,22.4,88.9
2020-08-22,24.3,87.4,24.60694444444444,4.848611111111111,45.10000000000003,20.1,95.2
2020-08-23,25.3,78.4,24.19861111111111,4.983333333333333,45.10000000000003,19.7,89.2
2020-08-24,27.8,71.6,25.147222222222226,4.858333333333333,45.10000000000003,20.9,85.0
2020-08-25,29.9,69.5,25.93611111111112,4.852777777777778,45.10000000000003,22.7,81.1
2020-08-26,30.2,68.3,26.63055555555556,5.352777777777778,45.70000000000003,23.6,93.7
2020-08-27,27.1,84.6,25.786437908496733,5.464950980392157,54.40000000000003,23.6,110.7
2020-08-28,27.3,89.1,25.885185185185183,4.295833333333333,65.50000000000003,24.3,104.3
2020-08-29,26.8,90.1,25.72638888888889,3.956944444444445,36.50000000000003,23.5,90.4
2020-08-30,26.8,88.8,24.76944444444444,4.663888888888889,79.00000000000003,22.6,94.3
2020-08-31,26.4,77.9,24.6340811965812,5.25758547008547,79.00000000000003,21.9,91.3
2020-09-01,26.6,72.4,24.848333333333333,5.9252777777777785,79.00000000000003,21.8,96.3
2020-09-02,24.3,91.3,24.51619047619048,4.975753968253969,111.70000000000003,21.8,85.6
2020-09-03,22.7,82.0,23.367843915343915,5.072830687830688,132.80000000000004,17.9,86.5
2020-09-04,23.3,63.9,23.13548611111111,5.725833333333333,119.20000000000003,15.3,76.7
2020-09-05,23.3,66.6,22.991666666666664,6.447222222222223,105.60000000000002,15.7,75.6
2020-09-06,21.7,80.0,22.4875,6.766666666666666,69.50000000000003,17.1,72.8
2020-09-07,19.2,93.5,21.42638888888889,4.995833333333334,130.50000000000003,16.4,72.8
2020-09-08,23.4,71.5,21.99378019323672,5.363828502415458,130.50000000000003,17.6,67.0
2020-09-09,21.1,83.4,22.07777777777778,5.540277777777778,98.50000000000003,16.1,58.8
2020-09-10,22.8,75.8,22.05185185185185,5.031303418803419,72.60000000000004,17.1,73.2
2020-09-11,22.4,72.6,22.441666666666663,6.575,73.80000000000004,16.9,65.1
2020-09-12,20.2,83.8,21.71527777777777,6.001388888888889,79.50000000000003,16.8,74.0
2020-09-13,21.5,70.4,22.361111111111114,6.480555555555555,73.10000000000002,14.0,69.5
2020-09-14,21.3,79.3,22.65138888888889,6.3500000000000005,12.10000000000003,12.9,62.0
2020-09-15,23.0,76.4,23.27916666666667,6.133333333333333,12.10000000000003,15.3,66.3
2020-09-16,22.5,79.9,22.98985507246377,6.294202898550725,11.100000000000028,19.1,65.7
2020-09-17,21.3,70.3,22.383756038647345,7.073671497584542,7.200000000000029,17.1,72.3
2020-09-18,21.5,62.0,22.69428104575164,7.126633986928105,6.000000000000028,13.0,70.8
2020-09-19,21.2,59.3,22.2,5.300000000000001,0.6000000000000284,9.6,66.5
2020-09-21,19.1,56.1,22.469673202614377,7.656078431372549,0.6000000000000284,7.3,65.3
2020-09-22,20.2,55.3,22.20555555555556,7.570833333333333,0.6000000000000284,10.5,60.4
2020-09-23,19.2,59.9,21.79444444444444,7.8,0.6000000000000284,10.7,60.5
2020-09-24,20.6,59.6,22.10138888888889,7.479166666666667,0.3000000000000284,15.1,63.8
2020-09-25,20.1,64.1,21.71372549019608,7.233333333333333,0.3000000000000284,12.6,58.8
2020-10-06,14.2,55.9,20.88,8.040833333333333,0.3000000000000284,4.0,51.4
2020-10-07,16.0,48.9,19.557383040935672,7.508479532163743,0.0,5.8,43.3
2020-10-08,17.2,53.0,19.87474747474748,7.570959595959596,0.0,8.5,21.6
2020-10-09,17.2,53.4,20.24305555555556,7.816666666666666,0.0,6.8,21.6
2020-10-10,16.9,60.1,20.063888888888886,7.774999999999999,0.0,6.6,21.6
2020-10-11,16.9,68.5,20.069444444444443,7.498611111111111,0.0,9.7,21.6
2020-10-12,16.2,68.6,20.122777777777777,7.251388888888889,0.0,8.0,21.6
2020-10-13,13.6,52.3,19.0593253968254,7.573611111111112,0.0,1.4,21.6
2020-10-14,12.8,47.0,18.5550925925926,7.611111111111111,0.0,5.1,21.6
2020-10-15,11.7,41.8,17.482954545454547,7.743308080808081,0.0,1.0,21.6
2020-10-16,11.8,64.3,17.131944444444443,7.086111111111111,0.0,3.5,21.6
2020-10-17,13.1,64.3,18.005555555555556,7.315277777777777,0.0,2.0,21.6
2020-10-18,13.6,65.5,18.034722222222225,7.148611111111111,0.0,1.7,21.6
2020-10-19,15.1,74.4,18.7,6.929166666666667,0.0,2.9,21.6
2020-10-20,15.2,67.1,19.0625,6.80138888888889,0.0,3.7,21.6
2020-10-21,14.1,69.4,18.11136363636364,6.663510101010101,0.0,6.6,22.5
2020-10-22,13.5,66.0,18.084722222222226,7.3694444444444445,0.0,5.6,21.6
2020-10-23,8.6,51.5,16.32361111111111,8.009722222222221,0.0,0.6,21.6
2020-10-24,8.7,47.6,15.451388888888893,8.293055555555556,0.0,-1.6,21.6
2020-10-25,11.8,62.5,16.09027777777778,8.338888888888889,0.0,1.6,21.6
2020-10-26,12.9,71.6,17.021843434343435,8.255176767676767,0.0,3.2,21.6
2020-10-27,14.0,74.1,17.458333333333332,8.006944444444445,0.0,6.0,21.6
2020-10-28,13.8,52.1,17.993055555555557,7.681944444444444,0.0,2.1,21.6
2020-10-29,10.8,40.3,16.434722222222224,7.729166666666667,0.0,-1.5,21.6
2020-10-30,11.9,42.9,16.370833333333334,7.993055555555554,0.0,1.6,21.6
2020-10-31,13.6,60.3,16.36111111111111,7.797222222222222,0.0,5.2,21.6
2021-05-01,10.2,80.8,16.334722222222222,5.197222222222222,8.000000000000028,7.4,23.3
2021-05-02,12.4,67.9,17.676388888888887,5.379166666666666,9.700000000000028,5.4,13.3
2021-05-03,14.1,56.4,18.89404761904762,5.190873015873016,9.700000000000028,4.0,13.3
2021-05-04,13.8,82.6,17.70138888888889,4.819444444444445,29.30000000000003,7.8,10.9
2021-05-05,13.9,64.4,18.15138888888889,4.656944444444444,29.40000000000003,4.4,15.2
2021-05-06,15.7,46.4,18.15304232804233,5.621626984126984,29.40000000000003,2.9,23.1
2021-05-07,14.4,60.3,17.818749999999998,4.877083333333333,38.20000000000003,7.7,22.4
2021-05-08,14.3,66.1,17.770833333333336,5.502083333333333,30.20000000000003,5.4,15.5
2021-05-09,15.7,51.3,18.73333333333333,6.012499999999999,28.50000000000003,5.2,21.4
2021-05-10,13.2,67.9,17.62777777777778,5.666666666666666,28.50000000000003,4.7,17.2
2021-05-11,18.5,48.9,20.591477272727275,6.453977272727272,8.900000000000029,4.6,21.2
2021-05-12,22.0,39.5,20.8093201754386,5.783771929824561,8.80000000000003,11.6,23.5
2021-05-13,22.9,54.4,22.40625,5.889583333333333,8.80000000000003,11.0,20.9
2021-05-14,24.1,60.3,23.567750000000004,5.4751666666666665,0.0,12.1,46.4
2021-05-15,22.1,79.5,23.360416666666666,3.88125,15.000000000000028,17.7,46.3
2021-05-16,18.4,97.6,21.00625,3.277083333333333,81.90000000000003,14.1,51.4
2021-05-17,15.3,93.0,18.77309090909091,6.728727272727273,85.00000000000003,10.9,58.6
2021-05-18,17.9,70.5,20.413888888888888,6.40239898989899,85.00000000000003,9.2,36.5
2021-05-19,19.9,52.3,21.14305555555556,5.905555555555555,85.00000000000003,7.1,32.7
2021-05-20,18.7,59.8,19.975,5.758333333333333,85.90000000000003,11.0,34.2
2021-05-21,16.0,86.5,18.8758658008658,5.989772727272727,92.80000000000004,13.3,31.2
2021-05-22,18.6,69.3,20.579166666666666,6.530555555555555,78.00000000000003,9.3,0.0
2021-05-23,19.5,64.4,21.329166666666666,7.176388888888888,11.100000000000028,9.1,33.7
2021-05-24,19.4,61.0,21.905555555555555,7.859722222222222,8.000000000000028,12.4,34.8
2021-05-25,15.3,72.3,21.04170692431562,6.323832528180354,16.30000000000003,7.5,38.9
2021-05-26,18.0,58.5,20.12936507936508,6.746825396825397,16.30000000000003,6.6,44.0
2021-05-27,15.8,83.0,19.308333333333334,5.498611111111111,24.30000000000003,9.0,26.4
2021-05-28,15.3,86.0,18.02638888888889,5.220833333333334,29.700000000000028,7.9,26.6
2021-05-29,15.4,79.8,18.42083333333333,6.193055555555556,29.80000000000003,9.5,34.2
2021-05-30,18.4,73.0,20.502777777777776,6.606944444444444,47.900000000000034,7.8,28.1
2021-05-31,19.9,78.9,20.648611111111112,4.769444444444445,51.900000000000034,14.5,29.2
2021-06-01,20.2,74.6,20.903333333333336,5.888055555555556,46.80000000000003,13.9,26.5
2021-06-02,23.2,64.4,22.590277777777786,6.294444444444444,46.80000000000003,12.6,43.4
2021-06-03,19.1,80.8,21.7475,4.953333333333333,56.000000000000036,12.9,41.5
2021-06-04,18.5,69.4,21.405176767676767,5.120328282828283,43.70000000000003,8.8,46.3
2021-06-05,20.8,68.1,21.758333333333336,6.395833333333333,43.400000000000034,13.6,36.7
2021-06-06,23.0,69.6,23.21388888888889,7.041666666666667,25.30000000000003,12.7,32.8
2021-06-07,21.1,71.5,22.341134167764604,7.040788317962232,21.30000000000003,14.5,45.9
2021-06-08,23.6,69.6,23.45277777777778,7.472222222222221,18.20000000000003,15.3,51.6
2021-06-09,25.8,59.1,24.954166666666666,7.356944444444444,18.20000000000003,15.3,54.3
2021-06-10,24.9,68.5,25.030555555555555,7.041666666666667,6.200000000000028,17.5,59.0
2021-06-11,21.5,84.5,23.468055555555555,4.5875,10.800000000000027,18.8,57.0
2021-06-12,24.2,74.6,24.829166666666666,6.509722222222223,10.800000000000027,13.8,59.2
2021-06-13,24.8,72.6,25.047222222222228,7.05,10.800000000000027,16.6,54.9
2021-06-14,24.8,68.8,25.98903508771929,6.648318713450292,10.800000000000027,16.6,51.9
2021-06-15,22.5,79.1,24.293470418470417,5.259469696969696,12.600000000000028,18.5,61.1
2021-06-16,24.3,59.9,24.51111111111111,6.348611111111111,12.600000000000028,16.9,54.1
2021-06-17,21.9,71.4,23.741666666666664,6.059722222222223,6.500000000000028,17.7,60.5
2021-06-18,20.0,92.1,22.816666666666663,5.986111111111111,8.200000000000028,18.4,58.2
2021-06-19,22.3,74.0,24.166666666666668,7.041666666666667,8.200000000000028,12.9,54.8
2021-06-20,22.9,73.3,25.293055555555554,6.606944444444444,8.200000000000028,12.0,50.6
2021-06-21,23.6,67.0,25.87777777777778,6.525,8.200000000000028,15.0,49.0
2021-06-22,22.8,67.9,24.90252525252525,6.481060606060606,6.300000000000027,15.2,50.3
2021-06-23,22.4,70.5,24.49960317460317,6.139484126984127,13.800000000000027,17.9,54.4
2021-06-24,23.0,71.1,25.035732323232324,5.568560606060605,13.800000000000027,17.0,57.5
2021-06-25,24.1,69.0,25.768055555555552,6.159722222222222,7.500000000000028,17.0,53.1
2021-06-26,22.8,78.5,25.230555555555554,5.411111111111111,12.000000000000028,18.6,52.1
2021-06-27,24.5,72.1,25.92361111111111,6.223611111111111,50.20000000000003,18.3,55.8
2021-06-28,23.7,76.4,25.334722222222226,4.623611111111111,50.30000000000003,19.8,57.4
2021-06-29,23.9,78.6,25.072222222222223,4.547222222222222,58.30000000000003,19.6,57.4
2021-06-30,24.3,77.9,24.9375,4.844444444444444,56.80000000000003,19.3,60.6
2021-07-01,26.3,70.9,26.246590909090912,5.613005050505051,56.80000000000003,19.6,61.2
2021-07-02,27.1,64.1,27.004166666666663,4.976388888888889,56.80000000000003,21.2,60.4
2021-07-03,22.6,80.0,25.09027777777777,4.602777777777778,112.30000000000004,19.3,62.7
2021-07-04,21.4,96.8,22.087499999999995,4.752777777777777,95.50000000000003,19.6,70.3
2021-07-05,23.3,80.3,22.9531746031746,5.634226190476191,95.40000000000003,19.5,54.9
2021-07-06,25.3,73.4,24.61337719298245,5.6135233918128655,87.40000000000003,18.0,54.3
2021-07-07,26.4,78.5,25.488167388167387,5.074801587301588,94.10000000000004,21.5,56.6
2021-07-08,26.0,81.6,26.055050505050502,5.093939393939394,97.00000000000003,21.7,61.0
2021-07-09,25.5,77.3,26.397222222222226,5.468055555555556,97.00000000000003,21.7,70.1
2021-07-10,25.9,80.4,26.259722222222223,5.116666666666667,37.50000000000003,22.0,70.2
2021-07-11,25.7,86.8,24.93611111111112,5.776388888888889,16.50000000000003,22.2,69.2
2021-07-12,28.1,75.1,26.42563131313132,6.13611111111111,16.50000000000003,21.7,67.5
2021-07-13,28.8,76.1,27.647222222222226,5.138888888888889,16.50000000000003,23.6,70.6
2021-07-14,29.7,71.4,28.27777777777777,5.577777777777778,3.8000000000000282,22.8,71.3
2021-07-15,29.1,71.1,28.82179951690821,5.025483091787439,0.9000000000000284,22.9,79.1
2021-07-16,28.8,68.4,28.85934343434344,5.0703282828282825,0.9000000000000284,21.6,79.3
2021-07-17,29.1,63.1,28.95138888888889,4.670833333333333,0.40000000000002844,21.6,79.1
2021-07-18,29.6,62.5,29.12361111111112,5.063888888888889,0.0,22.5,74.4
2021-07-19,26.4,80.1,27.73333333333333,3.948611111111111,67.40000000000003,21.9,74.4
2021-07-20,27.9,75.8,27.93973665223665,4.40247113997114,67.40000000000003,21.2,78.2
2021-07-21,30.5,64.0,29.52361111111111,5.648611111111111,67.40000000000003,22.0,71.4
2021-07-22,31.2,59.8,30.2,6.058333333333334,67.40000000000003,22.8,73.4
2021-07-23,31.2,61.8,30.35138888888889,6.277777777777779,67.40000000000003,22.7,77.4
2021-07-24,31.7,57.4,30.54444444444444,6.216666666666666,67.40000000000003,23.0,82.3
2021-07-25,31.5,55.8,30.44861111111111,6.48888888888889,67.40000000000003,22.3,84.4
2021-07-26,31.2,54.9,30.21854256854257,6.4009018759018765,0.0,24.4,83.2
2021-07-27,31.1,60.5,30.4875,6.3625,0.0,24.8,84.0
2021-07-28,30.4,67.4,29.8454365079365,5.624801587301588,0.0,24.9,89.3
2021-07-29,29.6,69.9,29.50555555555556,6.0625,0.0,24.0,87.6
2021-07-30,30.5,63.1,29.705555555555552,5.663888888888889,0.0,22.5,83.1
2021-07-31,29.8,69.9,28.56805555555556,5.048611111111112,3.0000000000000284,25.0,82.1
2021-08-01,27.1,81.8,27.05555555555556,6.440277777777777,24.00000000000003,24.2,80.2
2021-08-02,26.5,82.6,26.17083333333333,6.519722222222222,25.700000000000028,23.6,82.2
2021-08-03,28.0,76.9,29.03888888888889,6.351388888888889,25.700000000000028,22.3,73.9
2021-08-04,28.9,70.6,29.144722222222224,5.9125000000000005,25.700000000000028,23.3,73.5
2021-08-05,29.4,68.1,29.65277777777777,6.316666666666666,25.700000000000028,22.5,71.8
2021-08-06,28.1,68.4,29.45555555555556,6.393055555555556,25.700000000000028,23.3,79.8
2021-08-07,28.0,65.0,28.995833333333334,6.838888888888889,22.700000000000028,19.2,77.7
2021-08-08,26.8,74.8,28.433333333333334,6.816666666666666,14.400000000000027,20.4,78.4
2021-08-09,28.3,62.4,28.41388888888889,6.784722222222222,12.700000000000028,19.9,69.9
2021-08-10,27.7,62.5,28.53611111111111,6.515277777777778,12.700000000000028,21.2,73.1
2021-08-11,27.4,70.3,28.222222222222225,6.408333333333334,12.700000000000028,20.6,70.1
2021-08-12,26.8,67.1,27.11805555555556,6.736111111111112,12.700000000000028,20.0,72.8
2021-08-13,26.6,70.4,26.426262626262627,6.384559884559884,12.700000000000028,19.7,77.4
2021-08-14,26.1,63.9,27.159722222222225,6.563888888888889,12.700000000000028,21.1,71.6
2021-08-15,26.9,59.6,27.51944444444445,7.115277777777777,0.0,18.8,68.9
2021-08-16,27.3,61.1,28.219444444444445,7.144444444444445,0.0,20.5,69.1
2021-08-17,25.9,65.0,27.61805555555556,7.0125,9.30000000000003,20.3,64.3
2021-08-18,24.3,69.6,25.92063492063492,6.496825396825397,14.900000000000029,18.7,67.1
2021-08-19,26.0,57.1,27.18039215686274,7.284313725490196,14.900000000000029,18.4,64.5
2021-08-20,26.6,63.6,27.1875,6.677777777777777,14.900000000000029,20.5,60.1
2021-08-21,23.8,88.1,25.16388888888889,5.318055555555556,77.70000000000003,20.7,61.6
2021-08-22,24.4,81.5,24.64305555555556,6.009722222222223,77.70000000000002,19.3,66.5
2021-08-23,22.4,89.3,24.09465811965812,6.408547008547008,85.10000000000002,18.8,59.0
2021-08-24,23.4,93.6,24.1875,5.604166666666666,86.30000000000003,20.4,64.2
2021-08-25,25.0,85.5,25.64246031746032,6.2670634920634924,81.00000000000001,20.0,58.5
2021-08-26,25.5,84.9,25.730555555555554,6.7250000000000005,81.70000000000002,20.4,61.4
2021-08-27,22.4,83.5,25.16919191919192,6.5561868686868685,82.60000000000002,17.6,68.1
2021-08-28,23.6,80.4,25.280555555555555,7.127777777777777,19.80000000000003,17.1,66.3
2021-08-29,23.7,82.6,25.530555555555555,7.045833333333333,20.700000000000028,19.1,57.0
2021-08-30,24.2,77.5,25.308333333333334,7.523611111111111,13.30000000000003,19.0,55.9
2021-08-31,20.5,93.3,23.84861111111111,6.340277777777778,80.20000000000003,17.8,62.3
2021-09-01,21.4,83.1,21.854166666666668,6.727777777777778,80.70000000000003,18.5,60.6
2021-09-02,23.5,70.3,23.466111111111115,7.041666666666667,80.00000000000003,18.2,49.4
2021-09-03,24.3,60.3,24.715744324045406,6.704031217750258,79.10000000000002,18.3,50.0
2021-09-04,23.2,57.0,25.02916666666667,7.001388888888889,79.10000000000002,16.1,58.5
2021-09-05,23.1,61.1,24.3125,7.127777777777777,78.20000000000003,16.8,59.3
2021-09-06,22.3,70.1,23.8439393939394,6.929960317460317,90.20000000000003,17.2,52.1
2021-09-07,19.6,98.1,22.45138888888889,4.562499999999999,42.400000000000034,17.1,54.5
2021-09-08,22.2,81.3,23.4015716374269,5.734722222222222,43.20000000000003,15.0,49.5
2021-09-09,23.5,76.5,24.391468253968256,6.271626984126985,43.20000000000003,14.7,45.7
2021-09-10,23.6,76.0,24.910307017543857,6.466520467836257,43.20000000000003,14.9,53.0
2021-09-11,24.0,73.1,25.45833333333333,6.841666666666666,43.20000000000003,15.5,55.1
2021-09-12,24.2,64.6,25.64583333333333,6.798611111111112,43.20000000000003,15.4,56.0
2021-09-13,24.8,67.1,25.60143790849673,6.677124183006536,31.20000000000003,15.5,57.1
2021-09-14,24.6,63.3,25.45277777777778,6.927777777777778,1.6000000000000285,14.4,54.9
2021-09-15,23.6,57.5,24.980555555555554,6.913888888888889,0.0,14.0,65.6
2021-09-16,22.9,61.1,24.45277777777778,6.938888888888889,0.0,12.6,57.4
2021-09-17,23.5,61.4,24.65416666666667,6.727777777777778,0.0,15.1,56.1
2021-09-18,23.9,65.1,24.972222222222225,6.723611111111111,0.0,13.3,50.7
2021-09-19,23.7,62.9,25.1463768115942,6.571014492753623,0.0,14.3,58.5
2021-09-20,23.7,63.6,24.677777777777777,6.558333333333333,0.0,14.1,54.0
2021-09-21,22.0,85.1,23.566666666666663,5.4319444444444445,68.10000000000002,16.4,59.4
2021-09-22,20.2,79.0,22.36805555555556,5.622222222222223,72.60000000000002,12.3,53.7
2021-09-23,20.9,67.3,22.558964646464645,5.968939393939394,72.60000000000002,11.9,47.5
2021-09-24,21.8,67.5,23.48888888888889,6.291666666666667,72.60000000000002,12.1,44.6
2021-09-25,21.2,72.6,22.884722222222223,6.211111111111111,72.60000000000002,14.3,52.0
2021-09-26,22.6,63.0,23.72361111111111,6.325,72.60000000000002,14.6,45.5
2021-09-27,21.6,66.0,23.55416666666667,6.129166666666667,72.60000000000002,16.1,50.3
2021-09-28,21.5,75.1,23.36805555555556,6.059722222222223,5.800000000000028,17.2,51.2
2021-09-29,20.2,93.5,22.990277777777777,5.427777777777778,14.400000000000027,13.6,51.2
2021-09-30,20.3,83.9,23.43373015873016,6.45079365079365,14.400000000000029,12.0,53.9
2021-10-01,21.1,75.8,23.865277777777777,6.9875,27.70000000000003,12.1,47.6
2021-10-02,20.7,77.1,23.37361111111112,5.55,27.70000000000003,13.6,45.1
2021-10-03,22.3,69.5,23.773611111111112,6.845833333333334,27.70000000000003,12.2,46.5
2021-10-04,22.9,81.0,22.947222222222223,6.581944444444445,31.30000000000003,13.5,44.3
2021-10-05,23.6,82.4,23.94305555555556,6.184722222222223,30.00000000000003,20.8,47.6
2021-10-06,18.8,91.5,23.0625,6.110648148148148,23.300000000000026,16.4,53.1
2021-10-07,19.4,85.5,22.58935185185185,6.6563888888888885,27.900000000000027,15.2,61.7
2021-10-08,18.8,91.3,22.17878787878788,7.069696969696969,18.10000000000003,15.1,47.1
2021-10-09,20.9,83.5,22.60277777777777,7.363888888888888,18.50000000000003,16.4,47.2
2021-10-10,19.9,89.0,22.98194444444444,6.954166666666667,32.70000000000003,14.3,45.0
2021-10-11,15.2,78.6,21.01458333333333,7.277083333333334,29.400000000000027,12.3,50.1
2021-10-12,17.9,67.1,20.83861111111111,7.445,29.400000000000027,13.1,38.4
2021-10-13,19.6,66.6,21.427777777777777,7.777525252525252,23.00000000000003,11.0,27.9
2021-10-14,19.7,73.6,21.925701754385965,7.495350877192983,18.400000000000027,13.8,40.0
2021-10-15,19.0,74.4,21.897101449275365,7.647826086956523,14.900000000000029,15.9,38.8
2021-10-16,10.7,47.5,19.025,7.948611111111112,14.500000000000028,1.0,52.0
2021-10-17,5.6,37.4,14.986111111111107,8.975,0.3000000000000284,-1.3,44.4
2021-10-18,9.6,60.4,16.159722222222225,8.97638888888889,5.600000000000028,-3.1,0.4
2021-10-19,10.9,72.8,17.61388888888889,8.119444444444445,10.000000000000028,4.1,0.0
2021-10-20,9.5,64.9,16.94229797979798,8.817424242424243,10.000000000000028,-0.1,0.0
2021-10-21,9.8,64.1,16.91051587301587,8.933333333333332,10.000000000000028,0.5,8.6
2021-10-22,10.8,58.4,16.944444444444443,8.96111111111111,10.000000000000028,-0.6,0.7
2021-10-23,11.4,57.3,17.15138888888889,8.991666666666665,10.000000000000028,0.0,2.0
2021-10-24,11.4,63.1,17.20277777777778,9.040277777777778,10.000000000000028,0.4,4.4
2021-10-25,11.7,64.5,17.366414141414143,8.828030303030303,4.400000000000029,0.3,5.5
2021-10-26,13.0,74.5,17.46388888888889,8.64861111111111,0.0,1.3,7.4
2021-10-27,13.4,63.4,18.042424242424243,8.659090909090908,0.0,3.8,7.1
2021-10-28,12.7,54.6,17.504010025062655,8.726065162907268,0.0,-0.2,12.3
2021-10-29,14.6,55.9,17.711111111111112,8.597222222222223,0.0,6.1,19.1
2021-10-30,13.8,62.4,17.59583333333333,8.548611111111112,0.0,5.0,10.8
2021-10-31,14.1,73.3,17.706944444444442,8.708333333333334,0.7000000000000284,2.8,22.8
2022-05-01,13.4,54.8,18.384722222222223,6.088888888888889,0.7000000000000284,-0.5,21.1
2022-05-02,14.2,56.5,18.7325,5.879444444444444,0.7000000000000284,0.9,21.0
2022-05-03,14.8,45.9,19.416997354497354,5.887367724867725,0.7000000000000284,0.4,13.1
2022-05-04,17.8,43.3,20.075000000000003,6.059722222222223,0.7000000000000284,2.3,17.2
2022-05-05,18.9,48.1,21.241666666666667,5.995833333333334,0.7000000000000284,3.3,17.7
2022-05-06,19.6,67.1,22.027777777777786,5.605555555555555,0.7000000000000284,5.7,22.6
2022-05-07,18.4,52.4,21.90138888888889,5.183333333333334,0.5000000000000284,8.6,31.2
2022-05-08,15.3,51.8,19.10972222222222,5.243055555555556,2.5000000000000284,10.0,35.1
2022-05-09,17.9,56.4,20.22007575757576,5.661363636363636,2.5000000000000284,7.3,39.1
2022-05-10,19.9,39.0,22.08888888888889,5.367129629629631,2.5000000000000284,5.8,25.1
2022-05-11,19.7,50.4,22.48273809523809,5.50436507936508,2.5000000000000284,12.6,26.0
2022-05-12,20.9,51.5,22.8,5.6125,2.5000000000000284,7.8,35.0
2022-05-13,19.4,45.8,22.152651515151515,5.31830808080808,2.5000000000000284,7.1,44.4
2022-05-14,15.7,45.5,19.959722222222226,5.76111111111111,2.0000000000000284,3.6,37.4
2022-05-15,16.2,39.8,20.104166666666668,6.130555555555556,0.0,1.4,39.1
2022-05-16,17.3,56.3,20.73888888888889,5.801136363636363,0.0,1.9,26.6
2022-05-17,20.0,60.1,22.042424242424243,5.994107744107744,0.0,7.1,23.0
2022-05-18,20.0,59.4,21.63131313131313,5.835353535353534,1.5000000000000284,8.3,24.9
2022-05-19,19.9,53.6,21.351101010101008,6.454212121212122,1.5000000000000284,10.5,33.5
2022-05-20,20.6,52.8,22.12361111111112,6.683333333333333,1.5000000000000284,7.8,41.6
2022-05-21,20.1,70.8,23.422222222222228,6.533333333333334,1.5000000000000284,10.6,42.3
2022-05-22,20.3,70.9,23.648611111111112,6.2125,1.5000000000000284,13.9,41.3
2022-05-23,23.0,63.5,24.474242424242423,5.739393939393939,1.5000000000000284,13.7,43.1
2022-05-24,22.9,56.8,24.59722222222221,5.76111111111111,1.5000000000000284,9.9,42.9
2022-05-25,21.0,66.6,24.058333333333334,6.019444444444445,3.5000000000000284,10.4,50.7
2022-05-26,18.7,59.9,23.00555555555556,5.7710317460317455,3.5000000000000284,10.4,46.9
2022-05-27,20.0,62.5,22.870833333333334,6.813888888888889,3.5000000000000284,13.5,45.3
2022-05-28,22.3,54.1,23.649999999999995,7.143055555555556,3.5000000000000284,7.3,35.4
2022-05-29,23.1,66.4,23.89027777777777,6.818055555555556,3.5000000000000284,16.7,42.6
2022-05-30,20.8,71.0,23.39027777777778,6.0125,3.5000000000000284,10.6,40.9
2022-05-31,20.7,42.4,22.60277777777777,6.752777777777777,3.5000000000000284,6.5,55.2
2022-06-01,22.1,41.6,23.418055555555554,7.175000000000001,0.0,9.5,46.1
2022-06-02,21.5,67.4,24.05734126984127,6.932936507936508,0.0,9.1,37.5
2022-06-03,24.5,62.8,25.42916666666667,6.893055555555556,0.0,16.3,44.5
2022-06-04,25.6,57.0,25.391666666666666,6.373611111111111,0.0,16.7,46.7
2022-06-05,22.7,59.8,23.64305555555556,5.581944444444445,0.0,18.0,54.5
2022-06-06,19.7,69.0,22.729166666666668,5.526388888888889,4.300000000000028,14.8,58.5
2022-06-07,20.6,54.5,22.87361111111112,5.956944444444445,4.300000000000028,13.1,57.0
2022-06-08,21.2,61.6,23.378787878787875,6.118181818181817,4.300000000000028,14.0,44.4
2022-06-09,20.9,76.1,23.24305555555556,6.313888888888889,6.900000000000029,13.9,39.4
2022-06-10,20.9,75.8,23.45833333333333,6.608333333333334,8.100000000000028,12.4,43.3
2022-06-11,24.6,59.6,24.843055555555555,6.648611111111111,8.100000000000028,13.4,50.3
2022-06-12,24.6,58.9,25.673611111111114,6.26111111111111,8.100000000000028,15.3,47.1
2022-06-13,23.6,68.5,25.12546296296296,4.530092592592593,21.80000000000003,17.9,51.3
2022-06-14,21.5,56.4,23.732521645021645,4.53903318903319,21.80000000000003,14.6,54.7
2022-06-15,17.5,92.4,21.86805555555556,4.655555555555556,40.300000000000026,14.2,56.0
2022-06-16,20.3,78.4,22.65277777777777,5.215277777777778,38.40000000000003,13.8,48.8
2022-06-17,22.5,76.4,23.969444444444445,5.9875,37.20000000000003,11.6,36.5
2022-06-18,23.3,79.6,24.480555555555554,5.479166666666667,37.20000000000003,18.6,47.5
2022-06-19,23.4,81.6,23.906944444444445,5.7,37.20000000000003,19.0,45.6
2022-06-20,25.2,76.6,24.9364898989899,6.143813131313131,19.200000000000028,18.5,62.1
2022-06-21,26.5,72.6,27.08207070707071,5.750757575757576,19.200000000000028,16.3,63.1
2022-06-22,25.9,71.1,27.28985507246377,5.315942028985507,0.7000000000000284,19.1,63.8
2022-06-23,24.3,89.1,25.34583333333333,4.280555555555556,103.00000000000003,17.8,62.8
2022-06-24,22.6,90.9,23.18383838383838,5.246085858585858,122.10000000000002,20.1,64.4
2022-06-25,26.0,80.4,24.683333333333334,4.651388888888889,122.10000000000002,18.9,66.9
2022-06-26,26.5,82.1,24.5625,5.148611111111111,122.10000000000002,23.0,57.4
2022-06-27,26.8,84.4,25.029040404040405,4.329671717171717,128.20000000000002,23.9,62.8
2022-06-28,26.9,81.9,24.82790404040404,4.28488455988456,134.50000000000003,23.6,72.6
2022-06-29,25.1,95.5,24.320833333333336,3.831944444444445,172.3,23.8,74.6
2022-06-30,22.3,99.3,22.7596916971917,5.705433455433455,245.5,21.0,75.5
2022-07-01,26.6,83.3,21.422222222222224,4.766666666666667,226.4,20.6,70.8
2022-07-02,28.8,72.8,22.293234427609427,4.961900252525252,226.4,21.0,59.2
2022-07-03,29.3,68.6,23.164246632996637,5.157133838383839,226.4,20.6,64.3
2022-07-04,29.3,71.8,24.03525883838384,5.352367424242424,220.3,22.9,72.7
2022-07-05,29.2,73.8,24.90627104377104,5.54760101010101,214.0,24.1,74.1
2022-07-06,29.5,76.0,25.777283249158245,5.7428345959595966,192.29999999999998,23.4,79.9
2022-07-07,28.2,82.3,26.64829545454545,5.938068181818182,16.1,24.2,81.1
2022-07-08,25.8,84.4,26.05388888888889,6.077222222222222,17.8,23.4,81.0
2022-07-09,26.9,82.1,25.95833333333333,6.30138888888889,17.900000000000002,23.2,79.2
2022-07-10,29.2,68.0,27.541666666666668,6.713888888888889,17.900000000000002,21.8,71.4
2022-07-11,27.0,75.0,27.366666666666664,6.294444444444444,26.900000000000002,22.2,71.3
2022-07-12,26.8,73.1,26.4536231884058,6.747826086956522,26.900000000000002,20.4,75.0
2022-07-13,25.0,93.9,25.07111111111111,5.353055555555556,125.3,23.3,73.4
2022-07-14,25.7,84.6,23.6218253968254,5.307341269841269,126.2,22.0,67.9
2022-07-15,26.0,76.5,24.391666666666666,4.804166666666667,124.5,20.5,56.9
2022-07-16,24.8,83.4,24.73472222222222,4.230555555555555,158.4,21.0,59.1
2022-07-17,25.5,78.9,24.909722222222225,4.718055555555556,158.4,19.6,60.0
2022-07-18,26.8,76.0,25.63055555555556,4.832738095238096,149.4,20.4,56.3
2022-07-19,27.4,74.1,26.35568181818181,6.185479797979798,149.4,22.1,58.5
2022-07-20,27.1,76.1,26.60277777777777,6.8500000000000005,36.0,22.3,62.5
2022-07-21,23.2,87.6,24.73301971326165,5.749059139784947,45.5,20.2,64.4
2022-07-22,25.1,81.5,24.963095238095235,5.838888888888889,50.7,21.2,63.5
2022-07-23,24.8,83.6,25.20277777777778,5.720833333333334,26.6,21.2,51.3
2022-07-24,25.0,86.9,24.690277777777776,5.459722222222222,27.8,21.7,57.2
2022-07-25,27.5,75.0,26.30025252525252,6.129040404040404,27.8,21.1,56.3
2022-07-26,28.9,72.5,27.54742063492064,6.348611111111111,27.8,21.0,56.9
2022-07-27,29.3,66.3,27.745833333333334,6.409722222222221,26.7,23.5,64.7
2022-07-28,29.7,63.8,27.918055555555554,6.418055555555555,16.3,22.8,69.1
2022-07-29,30.7,68.1,28.683333333333334,6.25,11.100000000000001,24.5,70.4
2022-07-30,30.9,68.4,29.1304347826087,5.871014492753623,2.2,24.9,71.6
2022-07-31,27.2,85.8,27.387500000000003,4.570833333333334,48.2,24.9,74.7
2022-08-01,28.6,82.4,25.794957264957265,5.210313390313391,78.2,24.8,75.4
2022-08-02,26.8,90.0,25.81821789321789,4.774044011544012,111.7,25.0,63.8
2022-08-03,27.1,90.1,25.076851851851853,5.669444444444444,162.8,24.7,68.2
2022-08-04,28.9,79.3,26.19305555555556,5.240277777777778,162.8,24.7,62.5
2022-08-05,29.4,76.6,26.56926328502416,5.866908212560387,162.8,25.4,63.5
2022-08-06,28.7,85.3,26.48333333333333,6.058333333333334,175.4,25.5,69.1
2022-08-07,28.9,82.1,26.508333333333336,6.258333333333333,129.1,25.3,70.7
2022-08-08,26.8,91.6,25.63611111111111,5.7,228.7,-9.0,68.5
2022-08-09,25.1,96.0,23.931944444444444,7.654166666666668,318.3,21.4,69.1
2022-08-10,24.7,85.3,24.38452380952381,7.268877551020409,274.8,21.0,62.5
2022-08-11,25.0,87.9,24.837103174603172,6.883588435374151,313.59999999999997,22.8,57.2
2022-08-12,27.0,73.8,25.28968253968254,6.498299319727892,313.59999999999997,20.6,56.0
2022-08-13,25.8,82.8,25.742261904761904,6.113010204081633,304.0,21.8,56.9
2022-08-14,27.6,83.0,26.19484126984127,5.727721088435374,306.09999999999997,22.6,63.2
2022-08-15,28.1,83.0,26.64742063492064,5.342431972789116,177.40000000000003,25.2,59.4
2022-08-16,26.7,75.4,27.1,4.957142857142857,54.300000000000026,21.2,65.0
2022-08-17,26.0,76.6,25.937916666666663,5.378333333333333,46.700000000000024,19.8,66.6
2022-08-18,25.6,75.8,25.65625,6.2375,7.900000000000029,19.6,62.2
2022-08-19,26.0,86.1,24.866666666666667,6.172916666666667,74.00000000000003,19.8,60.0
2022-08-20,28.2,80.0,26.590277777777786,4.715277777777778,70.00000000000003,23.3,58.8
2022-08-21,28.1,75.3,26.67083333333333,5.379166666666666,67.00000000000003,21.9,60.0
2022-08-22,26.8,75.6,26.19419191919192,5.277020202020203,69.30000000000003,20.3,66.9
2022-08-23,25.4,75.0,25.95797101449276,5.689855072463768,71.50000000000003,18.9,66.6
2022-08-24,24.8,66.9,25.094444444444445,5.640277777777778,71.50000000000003,18.9,62.5
2022-08-25,22.2,78.0,23.968055555555555,5.709722222222222,73.10000000000002,18.3,58.1
2022-08-26,23.8,75.3,24.69783950617284,6.080246913580247,7.000000000000028,16.5,56.3
2022-08-27,21.5,63.1,24.636805555555554,5.805902777777778,24.60000000000003,14.3,48.1
2022-08-28,22.6,59.4,24.497222222222224,6.336111111111111,24.60000000000003,11.2,53.1
2022-08-29,21.0,74.0,23.54722222222222,5.780555555555556,23.60000000000003,17.4,0.0
2022-08-30,19.1,96.3,22.0375,5.0,57.200000000000024,17.2,49.4
2022-08-31,21.7,83.3,22.441666666666663,5.919444444444444,57.200000000000024,16.6,44.4
2022-09-01,24.0,70.8,24.14861111111111,6.304166666666667,55.60000000000002,14.3,38.4
2022-09-02,24.7,61.8,24.96081871345029,6.465935672514621,55.60000000000002,16.5,46.6
2022-09-03,24.2,63.0,24.5375,6.790277777777778,38.00000000000003,17.6,53.8
2022-09-04,22.3,88.6,23.538888888888888,5.977777777777778,71.80000000000003,18.2,56.0
2022-09-05,19.2,95.9,23.259259259259256,4.707407407407408,189.60000000000002,16.9,54.4
2022-09-06,21.0,78.0,21.254761904761907,5.790476190476191,179.10000000000002,14.8,48.4
2022-09-07,22.8,65.3,21.2125,5.434722222222223,179.10000000000002,11.2,38.7
2022-09-08,23.2,65.5,22.218055555555555,5.5184523809523816,179.10000000000002,11.2,44.4
2022-09-09,24.3,59.1,23.2125,5.486111111111112,179.10000000000002,13.6,50.0
2022-09-10,23.6,52.3,22.94305555555556,5.322222222222222,179.10000000000002,12.9,51.3
2022-09-11,23.3,68.6,22.76527777777778,5.051388888888889,145.40000000000003,16.6,54.7
2022-09-12,23.8,76.1,23.254166666666663,4.729166666666667,25.40000000000003,16.9,52.5
2022-09-13,24.3,73.0,23.293434343434345,5.604166666666667,0.10000000000002843,18.7,51.6
2022-09-14,24.6,56.9,23.30691311612364,6.486643692564745,0.10000000000002843,19.7,53.1
2022-09-15,25.2,66.9,23.33888888888889,6.8,0.20000000000002843,19.0,54.7
2022-09-16,25.7,78.6,24.33611111111111,6.408333333333334,14.800000000000027,21.0,55.6
2022-09-17,25.6,83.1,24.966666666666665,5.293055555555555,19.100000000000026,20.7,57.5
2022-09-18,27.1,75.3,25.29027777777777,5.963888888888889,19.000000000000025,20.5,59.1
2022-09-19,24.6,63.1,25.01098484848485,6.067550505050505,19.000000000000025,14.1,58.8
2022-09-20,19.9,57.0,23.159722222222225,6.538888888888889,19.000000000000025,9.3,63.5
2022-09-21,19.4,56.9,22.564477124183004,7.342712418300653,19.000000000000025,6.5,55.6
2022-09-22,19.8,60.1,22.39305555555556,7.606944444444444,18.900000000000027,9.4,40.9
2022-09-23,17.5,68.9,21.91111111111111,7.412499999999999,7.600000000000028,9.9,39.4
2022-09-24,18.5,64.6,21.641666666666666,7.418055555555555,3.3000000000000282,5.6,40.6
2022-09-25,19.6,63.3,22.33333333333333,7.545833333333333,3.3000000000000282,9.9,33.4
2022-09-26,20.0,58.5,22.49204545454545,7.565025252525253,3.3000000000000282,9.5,36.5
2022-09-27,20.9,59.0,22.679166666666664,7.484722222222222,3.3000000000000282,6.9,40.0
2022-09-28,20.4,71.0,22.39772727272727,7.405681818181819,3.3000000000000282,10.1,41.2
2022-09-29,20.4,73.5,22.73888888888889,7.522222222222222,3.3000000000000282,10.0,44.1
2022-09-30,20.7,68.0,22.95694444444445,7.530555555555555,0.0,7.1,42.5
2022-10-01,20.9,63.3,22.87361111111112,7.3875,0.0,6.9,42.5
2022-10-02,19.4,78.9,21.938888888888886,6.383333333333333,15.80000000000003,11.6,43.4
2022-10-03,21.4,98.5,21.2625,4.481944444444444,91.80000000000003,17.2,44.1
2022-10-04,17.9,83.8,21.69477011494253,6.4733908045977016,103.60000000000002,13.8,39.4
2022-10-05,16.6,74.8,20.78490143369176,6.565232974910394,103.70000000000003,13.1,45.6
2022-10-06,15.8,76.6,20.1125,6.386111111111112,103.70000000000003,10.0,34.7
2022-10-07,14.3,69.5,19.660732323232324,6.698484848484848,103.70000000000003,6.3,30.6
2022-10-08,15.8,64.6,19.93611111111111,7.19861111111111,103.70000000000003,6.9,28.1
2022-10-09,13.1,85.8,18.82638888888889,6.483333333333334,108.30000000000003,7.8,23.4
2022-10-10,9.9,72.9,17.269444444444446,6.518055555555556,32.300000000000026,5.8,28.1
2022-10-11,11.1,69.1,17.291955266955267,7.255248917748918,20.50000000000003,2.4,19.6
2022-10-12,13.5,68.1,18.369444444444444,7.225,20.400000000000027,0.3,9.6
2022-10-13,16.3,69.6,19.3375,7.331944444444445,20.400000000000027,4.2,13.4
2022-10-14,17.1,73.4,19.836111111111112,7.490277777777777,20.400000000000027,5.6,20.9
2022-10-15,18.2,68.5,20.54583333333333,7.531944444444445,20.400000000000027,6.0,29.7
2022-10-16,16.9,73.9,20.10694444444444,7.172222222222222,0.0,9.6,32.2
2022-10-17,11.2,50.3,18.39305555555556,7.484722222222222,0.0,-0.9,35.6
2022-10-18,9.4,52.1,16.975378787878785,7.887878787878788,0.0,-1.9,31.5
2022-10-19,10.5,57.8,16.8295,8.247388888888889,0.0,-3.3,13.7
2022-10-20,12.9,64.4,17.364682539682537,8.243650793650794,0.0,-1.6,8.1
2022-10-21,14.0,68.8,17.983611111111113,8.088055555555556,0.0,1.4,11.5
2022-10-22,15.1,76.3,18.397222222222226,8.084722222222222,0.0,3.4,19.0
2022-10-23,14.0,65.0,18.393055555555552,7.781944444444444,0.0,4.8,22.5
2022-10-24,10.6,52.6,16.919444444444448,8.094444444444443,0.0,-1.0,25.9
2022-10-25,11.3,56.5,16.597222222222225,8.269444444444444,0.0,-2.2,22.5
2022-10-26,12.9,58.3,17.104924242424243,8.048484848484849,0.0,2.3,11.8
2022-10-27,13.2,71.8,17.711111111111112,7.858333333333334,0.0,1.0,14.0
2022-10-28,13.6,70.1,17.99760101010101,8.011868686868686,0.0,1.1,19.0
2022-10-29,14.8,65.9,18.17638888888889,8.369444444444445,0.0,4.2,20.0
2022-10-30,14.9,64.5,18.2625,8.245833333333332,0.0,5.0,21.2
2022-10-31,14.9,69.8,18.360714285714284,8.22420634920635,0.0,7.3,25.0
2023-05-01,14.6,57.0,19.093055555555555,7.61388888888889,0.0,3.2,42.1
2023-05-02,16.7,40.5,19.44216666666667,8.049080808080808,0.0,2.7,11.0
2023-05-03,19.5,52.5,20.777417027417027,8.158459595959597,0.0,5.7,14.1
2023-05-04,21.4,65.5,21.6875,8.019444444444444,0.0,10.2,19.0
2023-05-05,18.4,95.3,20.54722222222222,5.934722222222223,30.200000000000028,15.3,23.6
2023-05-06,12.6,85.6,16.958166666666667,6.821333333333333,77.70000000000003,10.2,26.7
2023-05-07,14.4,47.1,16.816666666666666,10.365277777777775,77.70000000000003,3.5,23.1
2023-05-08,15.3,55.3,17.922843822843824,8.958158508158508,77.70000000000003,2.5,13.5
2023-05-09,17.0,55.4,19.29027777777777,8.1,77.70000000000003,4.0,16.5
2023-05-10,18.4,53.3,20.21,8.419611111111111,77.70000000000003,4.0,19.4
2023-05-11,19.5,50.1,21.039267676767675,8.215530303030304,77.70000000000003,6.9,22.2
2023-05-12,18.4,50.9,20.8,8.481944444444444,47.50000000000003,5.8,24.5
2023-05-13,17.8,62.0,21.17361111111111,8.508333333333333,0.0,5.5,27.7
2023-05-14,18.1,56.5,21.55555555555556,8.448611111111111,0.0,5.7,25.9
2023-05-15,20.6,54.6,22.0625,8.281944444444443,0.0,6.4,24.9
2023-05-16,24.0,51.9,23.497222222222224,7.744444444444444,0.0,11.6,26.7
2023-05-17,23.5,63.6,24.01388888888889,7.618055555555556,0.0,12.0,30.9
2023-05-18,21.2,74.8,23.223863636363635,7.394065656565655,1.3000000000000285,14.0,36.5
2023-05-19,22.3,61.4,23.333207070707072,7.578787878787878,1.3000000000000285,12.5,35.7
2023-05-20,21.2,66.9,23.91388888888889,7.704166666666666,1.3000000000000285,12.5,33.3
2023-05-21,17.8,74.0,22.594444444444445,8.123611111111112,1.5000000000000284,14.3,35.1
2023-05-22,20.3,61.3,22.75555555555556,8.16388888888889,1.5000000000000284,13.1,33.3
2023-05-23,20.5,48.0,23.246,7.512944444444444,1.5000000000000284,6.6,27.6
2023-05-24,20.6,49.8,22.6625,8.465277777777779,1.5000000000000284,7.3,33.1
2023-05-25,21.2,46.6,23.155555555555555,8.698611111111111,0.20000000000002843,8.4,33.5
2023-05-26,21.4,57.4,23.80555555555556,8.522222222222224,0.7000000000000284,11.5,33.6
2023-05-27,19.3,87.4,22.271833333333333,6.6129444444444445,32.50000000000003,13.6,34.6
2023-05-28,19.2,98.9,20.9235,4.114333333333334,74.10000000000002,18.0,36.3
2023-05-29,23.2,83.4,22.441666666666663,5.761111111111112,76.40000000000002,18.3,32.8
2023-05-30,24.0,69.5,23.4270202020202,5.126262626262626,76.40000000000002,15.7,32.7
2023-05-31,22.8,60.8,24.025,4.898611111111111,76.40000000000002,14.8,39.3
2023-06-01,22.8,66.9,24.120833333333334,6.0625,76.40000000000002,17.1,40.6
2023-06-02,20.4,77.4,23.315384615384616,7.78568376068376,75.90000000000002,13.9,47.8
2023-06-03,22.0,60.1,24.27507309941521,7.855994152046783,44.10000000000002,10.9,54.1
2023-06-04,22.1,61.0,24.33194444444445,8.113888888888889,2.3000000000000282,11.5,37.2
2023-06-05,21.5,66.9,24.43805555555556,8.34388888888889,0.0,11.8,34.5
2023-06-06,20.3,72.9,24.246376811594203,8.32608695652174,0.0,12.9,36.5
2023-06-07,21.4,75.3,23.240445665445662,8.362637362637363,0.0,16.8,35.2
2023-06-08,20.4,80.5,23.01777777777778,8.491388888888888,1.9000000000000283,14.4,34.1
2023-06-09,23.3,64.0,23.729166666666668,6.572222222222223,3.100000000000028,15.2,48.5
2023-06-10,23.2,70.0,24.184722222222224,6.488888888888888,3.9000000000000283,14.8,38.5
2023-06-11,22.1,76.1,23.506944444444443,5.163888888888889,36.10000000000003,16.0,50.6
2023-06-12,22.2,70.5,24.143267676767675,5.588651515151515,36.10000000000003,14.1,49.2
2023-06-13,22.0,70.0,25.04583333333333,5.976388888888889,36.10000000000003,14.1,48.7
2023-06-14,20.6,80.3,24.262500000000003,6.033333333333334,66.70000000000003,13.6,43.9
2023-06-15,22.7,70.8,24.941666666666663,6.65189393939394,64.80000000000003,14.4,43.2
2023-06-16,23.7,64.4,26.096696969696968,7.114560606060606,63.60000000000003,15.1,37.0
2023-06-17,24.2,57.1,26.31111111111112,7.343055555555555,62.80000000000003,13.3,46.4
2023-06-18,25.9,60.5,26.96388888888889,7.5569444444444445,30.60000000000003,17.6,51.7
2023-06-19,28.5,57.8,27.696,7.299944444444445,30.60000000000003,18.6,48.5
2023-06-20,24.7,64.5,25.634722222222223,6.938888888888889,37.00000000000003,19.0,66.0
2023-06-21,20.5,92.6,23.552777777777777,5.406944444444445,31.300000000000026,17.9,77.6
2023-06-22,22.5,77.1,24.45833333333333,6.51111111111111,31.300000000000026,17.8,65.7
2023-06-23,24.4,76.6,26.172465886939573,6.552631578947367,31.300000000000026,17.6,48.4
2023-06-24,26.4,70.5,27.20555555555556,6.5625,31.300000000000026,19.3,54.9
2023-06-25,28.2,64.9,28.040888888888887,6.575666666666667,31.300000000000026,19.7,60.9
2023-06-26,24.2,88.6,25.38270202020202,4.271085858585859,61.60000000000002,20.9,72.3
2023-06-27,25.3,73.1,26.1125,5.38611111111111,57.70000000000003,20.6,79.5
2023-06-28,26.5,77.4,26.9875,5.245833333333334,32.800000000000026,23.3,69.1
2023-06-29,24.2,95.4,26.34265151515152,4.311136363636364,96.60000000000002,22.8,72.1
2023-06-30,25.3,89.8,25.302356902356905,5.711531986531987,97.60000000000002,22.2,83.5
2023-07-01,27.7,76.9,26.80261111111112,5.36161111111111,97.60000000000002,20.3,74.3
2023-07-02,26.7,79.5,27.07183333333333,5.491611111111111,97.60000000000002,20.3,57.5
2023-07-03,29.1,72.0,28.00656565656565,6.478156565656565,67.30000000000003,20.6,29.6
2023-07-04,26.1,86.8,26.781944444444445,5.865277777777778,126.60000000000002,22.6,46.4
2023-07-05,24.5,82.6,24.773358585858585,5.648358585858586,141.90000000000003,20.4,66.2
2023-07-06,27.3,70.9,25.56527777777778,6.672222222222222,78.10000000000002,19.7,80.3
2023-07-07,26.7,64.9,27.48148148148148,6.811111111111111,77.10000000000002,19.7,58.7
2023-07-08,25.6,76.5,25.65383333333333,6.720277777777778,77.10000000000002,19.1,51.0
2023-07-09,24.7,86.4,24.98514957264957,5.14508547008547,124.60000000000002,20.4,66.3
2023-07-10,26.3,80.4,25.77540404040404,4.446035353535353,136.10000000000002,21.1,64.1
2023-07-11,23.5,92.4,24.8106507936508,4.547293650793651,132.60000000000002,20.7,55.6
2023-07-12,25.8,86.4,21.87346153846153,6.66,118.00000000000003,22.0,62.5
2023-07-13,25.2,95.0,22.067860139860134,6.542335664335664,209.60000000000002,24.1,68.9
2023-07-14,24.6,99.1,22.262258741258737,6.424671328671328,282.3,23.4,47.7
2023-07-15,24.5,93.5,22.456657342657337,6.307006993006993,284.6,22.6,56.4
2023-07-16,24.6,89.5,22.65105594405594,6.1893426573426575,246.8,22.5,55.5
2023-07-17,25.5,86.1,22.845454545454544,6.071678321678322,236.70000000000002,22.6,69.5
2023-07-18,25.2,87.9,22.53522727272728,5.811136363636364,180.70000000000005,21.2,63.5
2023-07-19,27.2,78.8,24.525,6.5200000000000005,180.00000000000003,19.3,48.0
2023-07-20,27.9,74.0,25.82,6.82,88.40000000000003,20.3,53.8
2023-07-21,29.5,69.6,24.966666666666665,7.311111111111111,15.700000000000028,21.4,38.5
2023-07-22,27.7,73.9,24.387179487179488,7.109401709401709,25.700000000000028,22.8,52.1
2023-07-23,25.2,94.3,23.807692307692307,6.907692307692307,56.20000000000003,23.8,58.2
2023-07-24,26.9,83.1,25.03801587301588,6.716111111111111,55.20000000000003,23.7,79.0
2023-07-25,27.8,80.5,25.489473684210527,6.294736842105263,58.50000000000003,23.7,58.1
2023-07-26,27.6,80.9,26.22666666666667,5.275,59.50000000000003,24.0,53.5
2023-07-27,28.4,78.1,26.69861111111111,5.983333333333334,59.50000000000003,23.0,55.6
2023-07-28,29.5,72.4,27.551722222222224,6.568611111111111,59.50000000000003,22.5,51.1
2023-07-29,29.1,72.1,28.008333333333336,7.154166666666666,47.20000000000003,22.6,56.7
2023-07-30,28.8,72.5,27.947222222222223,7.020833333333333,32.00000000000003,21.4,56.2
2023-07-31,28.7,76.3,28.103502415458937,6.761260869565217,31.90000000000003,23.7,68.2
2023-08-01,29.9,71.6,28.60833333333333,8.27361111111111,26.30000000000003,23.0,62.3
2023-08-02,29.7,67.8,28.96180555555556,8.636111111111111,25.30000000000003,22.8,57.8
2023-08-03,29.5,67.0,29.11625,8.097083333333334,25.30000000000003,22.3,52.8
2023-08-04,30.0,67.6,29.58464912280702,7.460175438596491,25.30000000000003,23.0,57.7
2023-08-05,30.3,69.0,29.791666666666668,6.856944444444444,25.30000000000003,22.6,54.0
2023-08-06,29.8,76.5,29.35,6.159722222222221,5.200000000000029,24.1,53.9
2023-08-07,30.4,68.4,29.132539682539683,5.191468253968254,4.900000000000029,24.9,57.9
2023-08-08,30.9,60.5,29.68510101010101,6.633080808080808,4.900000000000029,23.2,71.4
2023-08-09,28.3,67.6,28.438888888888886,7.469444444444444,5.100000000000029,23.0,56.8
2023-08-10,22.2,91.9,25.118627450980387,6.102941176470588,91.20000000000002,20.6,51.8
2023-08-11,23.5,93.1,23.52657930107527,5.715120967741935,137.90000000000003,21.7,59.4
2023-08-12,23.3,91.0,23.59090909090909,5.993181818181818,139.40000000000003,20.9,47.0
2023-08-13,27.0,76.9,25.723669467787115,6.144187675070029,134.5,21.8,40.8
2023-08-14,28.1,75.4,26.970454545454544,6.038636363636364,134.5,21.9,39.3
2023-08-15,28.6,71.4,27.547727272727272,6.773484848484848,134.5,22.1,54.3
2023-08-16,27.3,72.0,27.72015151515152,7.718939393939394,134.60000000000002,21.9,58.0
2023-08-17,28.2,73.0,28.031060606060606,8.421212121212122,48.50000000000003,21.2,59.2
2023-08-18,29.1,72.1,28.433333333333334,8.59621212121212,1.9000000000000283,22.9,54.3
2023-08-19,29.1,68.9,29.06969696969697,8.586363636363636,0.40000000000002844,23.0,53.9
2023-08-20,28.3,71.8,28.4310606060606,8.671969696969697,0.40000000000002844,22.3,55.2
2023-08-21,29.5,69.8,28.087777777777777,7.871111111111111,0.40000000000002844,22.8,55.4
2023-08-22,27.6,80.3,27.729166666666668,7.269444444444445,43.00000000000003,24.2,49.8
2023-08-23,24.8,91.3,26.19027777777778,4.855104617604618,84.50000000000003,23.0,59.2
2023-08-24,25.1,84.8,25.38888888888889,5.580555555555556,89.70000000000003,22.3,61.1
2023-08-25,26.5,77.9,26.67638888888889,5.423611111111111,89.60000000000002,21.3,39.1
2023-08-26,26.4,72.3,27.022611111111114,6.347333333333334,89.60000000000002,19.5,56.5
2023-08-27,26.1,75.0,26.47361111111111,6.365277777777778,89.60000000000002,19.4,62.3
2023-08-28,22.7,87.5,24.976262626262628,6.147095959595959,100.00000000000003,20.8,56.8
2023-08-29,23.9,89.6,24.641666666666666,6.19861111111111,112.20000000000002,21.6,45.5
2023-08-30,22.8,88.0,24.11875901875901,6.591053391053392,73.90000000000003,20.6,34.7
2023-08-31,23.9,76.9,24.865277777777777,7.741666666666666,68.70000000000002,17.6,37.2
2023-09-01,24.5,70.6,25.58888888888889,8.220833333333333,68.70000000000002,15.2,41.1
2023-09-02,25.4,63.9,26.00555555555556,8.238888888888889,68.70000000000002,14.3,45.6
2023-09-03,25.8,77.8,25.898611111111112,8.159722222222223,68.80000000000003,20.3,46.1
2023-09-04,27.0,79.9,26.21837373737374,8.525868686868685,58.700000000000024,22.5,46.1
2023-09-05,28.5,69.5,27.41320441254652,8.124833864965444,3.9000000000000283,22.4,45.0
2023-09-06,27.9,65.1,27.683333333333337,8.054166666666667,0.40000000000002844,20.0,45.6
2023-09-07,26.3,54.8,26.902936507936506,8.291055555555555,0.40000000000002844,14.9,46.7
2023-09-08,25.3,60.3,26.461111111111112,8.36111111111111,0.40000000000002844,12.8,48.2
2023-09-09,25.8,66.3,26.791666666666668,8.011111111111111,0.40000000000002844,15.1,48.2
2023-09-10,25.7,68.1,26.673,7.700777777777778,0.30000000000002847,16.7,48.5
2023-09-11,25.5,67.3,26.665944444444445,8.599761904761904,0.0,18.9,47.3
2023-09-12,25.7,69.8,26.65,9.433333333333334,0.0,15.3,45.3
2023-09-13,22.1,84.5,25.311044973544977,7.769246031746031,15.900000000000029,18.7,46.4
2023-09-14,23.4,72.4,24.52463768115942,8.32608695652174,15.900000000000029,16.1,45.3
2023-09-15,22.3,82.3,24.442929292929293,8.89760101010101,18.00000000000003,18.9,47.6
2023-09-16,23.9,87.8,24.854166666666668,8.755555555555555,56.70000000000003,21.1,47.3
2023-09-17,24.7,84.8,25.35138888888889,6.130555555555556,59.70000000000003,20.0,35.3
2023-09-18,24.7,79.1,26.018055555555552,7.177777777777777,59.70000000000003,18.0,42.9
2023-09-19,24.1,81.1,25.58194444444445,8.52361111111111,59.70000000000003,16.3,45.0
2023-09-20,20.6,90.4,24.1125,7.3,79.60000000000002,17.2,50.0
2023-09-21,20.1,70.9,22.79082125603865,8.751086956521739,79.60000000000002,10.9,45.8
2023-09-22,20.5,68.4,23.42638888888889,9.829166666666666,77.50000000000003,9.9,50.3
2023-09-23,21.8,63.9,23.794444444444448,9.938888888888888,38.800000000000026,12.0,50.5
2023-09-24,21.8,56.4,23.76261111111112,10.142833333333334,35.800000000000026,13.9,45.0
2023-09-25,21.6,66.4,23.695833333333336,10.120833333333332,37.700000000000024,15.6,48.8
2023-09-26,19.9,95.8,22.98471673254282,7.924262187088274,65.50000000000003,18.3,49.1
2023-09-27,21.5,90.1,22.90652173913044,7.72493961352657,34.10000000000003,18.4,45.3
2023-09-28,22.7,78.3,23.67222222222222,9.358333333333334,34.10000000000003,15.9,45.6
2023-09-29,21.1,61.5,23.70138888888889,9.741666666666667,34.10000000000003,14.4,44.4
2023-09-30,19.7,77.0,22.536111111111108,10.083333333333334,38.60000000000003,10.8,46.1
2023-10-01,18.4,59.5,21.927777777777777,10.72638888888889,38.60000000000003,8.5,46.7
2023-10-02,18.2,53.8,21.677777777777777,10.870833333333335,36.70000000000003,6.9,37.1
2023-10-03,17.5,66.3,20.87361111111112,10.9,8.900000000000029,8.6,33.0
2023-10-04,17.3,75.5,20.704166666666666,8.122222222222222,19.200000000000028,9.1,32.6
2023-10-05,14.2,46.1,19.516666666666666,6.08125,19.200000000000028,2.9,29.8
2023-10-06,15.5,55.3,19.75208333333333,9.464583333333334,19.200000000000028,3.3,29.4
2023-10-07,16.8,62.6,20.0625,10.0,14.700000000000028,6.4,22.2
2023-10-08,17.1,67.1,19.90625,10.05625,14.700000000000028,12.3,24.1
2023-10-09,17.4,68.1,20.55625,10.216666666666669,15.900000000000027,8.5,27.1
2023-10-10,17.1,67.1,20.98333333333333,10.20625,15.900000000000027,6.6,27.8
2023-10-11,17.6,57.5,20.39375,9.408630952380951,1.2000000000000284,8.1,27.4
2023-10-12,17.5,62.4,21.21382575757576,10.585416666666664,1.2000000000000284,6.5,26.7
2023-10-13,17.5,69.6,21.16527777777777,10.322222222222225,1.2000000000000284,8.4,26.7
2023-10-14,14.7,84.9,20.054166666666667,9.709722222222222,7.000000000000028,6.7,26.5
2023-10-15,16.1,80.0,19.97777777777777,10.126388888888888,7.000000000000028,5.2,26.5
2023-10-16,14.7,57.0,20.28611111111111,9.995833333333334,5.800000000000028,3.2,18.9
2023-10-17,13.8,55.6,19.597222222222225,10.872222222222222,5.800000000000028,0.2,22.2
2023-10-18,15.7,67.0,19.163888888888888,10.779166666666669,5.800000000000028,3.0,17.8
2023-10-19,17.0,82.5,19.33055555555556,8.169444444444444,14.000000000000028,13.0,15.7
2023-10-20,11.6,46.9,18.10972222222222,10.022222222222222,14.000000000000028,0.9,20.1
2023-10-21,10.4,54.8,17.11388888888889,11.225,9.300000000000027,-1.4,22.0
2023-10-22,12.5,67.3,17.293055555555554,11.41388888888889,9.30000000000003,-0.6,9.6
2023-10-23,15.2,73.8,18.591161616161617,10.966666666666669,9.30000000000003,5.7,6.8
2023-10-24,15.6,78.5,18.822256728778463,10.745609040717737,9.30000000000003,5.5,10.5
2023-10-25,16.6,78.6,19.427777777777777,10.629166666666666,9.30000000000003,6.5,16.8
2023-10-26,17.2,79.4,19.780555555555555,10.376388888888888,1.1000000000000303,12.2,16.6
2023-10-27,15.7,71.1,19.280555555555555,9.620833333333332,1.1000000000000303,6.0,18.9
2023-10-28,14.2,62.9,19.06527777777778,10.227777777777778,0.0,3.0,20.3
2023-10-29,14.9,61.6,18.84166666666667,10.85,0.0,3.9,15.7
2023-10-30,15.1,72.0,18.825,10.738888888888887,0.0,3.5,12.2
2023-10-31,16.5,76.0,19.038888888888888,10.406944444444443,0.0,6.3,13.8
2024-05-01,18.5,46.0,21.07757936507937,7.049801587301587,0.0,10.0,72.8
2024-05-02,18.1,48.4,21.591487455197136,7.153584229390681,0.0,7.8,22.1
2024-05-03,19.7,46.9,21.88611111111111,7.123055555555555,0.0,6.0,20.0
2024-05-04,21.4,44.8,22.566666666666663,6.910277777777778,0.0,8.6,18.7
2024-05-05,17.8,87.4,20.734632616487456,4.633109318996416,48.300000000000026,15.2,19.1
2024-05-06,13.9,92.9,18.22256944444444,6.554861111111111,60.60000000000002,12.8,23.8
2024-05-07,13.3,77.3,17.1969696969697,6.964002089864159,63.00000000000003,11.2,19.2
2024-05-08,14.7,58.8,18.640396825396824,7.848015873015872,63.00000000000003,6.2,12.7
2024-05-09,16.1,63.6,20.189339339339337,7.806648314981648,63.00000000000003,6.1,15.3
2024-05-10,17.9,55.6,20.657703886152163,7.275075259989053,63.00000000000003,9.0,24.0
2024-05-11,17.0,80.0,19.49952107279693,6.933860153256705,94.70000000000002,12.0,22.5
2024-05-12,16.6,65.0,19.80178571428572,6.469047619047619,46.40000000000003,9.4,26.9
2024-05-13,18.3,51.9,20.57074000878349,7.209008563899868,34.10000000000002,7.0,25.1
2024-05-14,18.8,43.3,21.3395202020202,7.23459595959596,31.700000000000028,7.8,29.6
2024-05-15,12.6,74.3,19.14027777777778,6.969444444444444,52.300000000000026,6.5,28.1
2024-05-16,13.7,61.3,18.17222222222222,6.915277777777778,52.40000000000003,5.9,29.1
2024-05-17,18.3,63.6,19.9375,7.605555555555555,52.40000000000003,7.2,16.9
2024-05-18,20.7,65.3,21.854166666666668,7.554166666666666,20.70000000000003,12.4,25.7
2024-05-19,21.5,63.1,23.33333333333333,7.170833333333333,20.70000000000003,12.1,32.8
2024-05-20,19.4,75.0,22.26527777777778,6.695833333333333,20.70000000000003,13.6,36.9
2024-05-21,21.7,68.1,23.1125,6.554166666666667,20.70000000000003,13.5,36.6
2024-05-22,20.5,68.9,23.87777777777778,6.183333333333334,0.10000000000002843,14.7,32.8
2024-05-23,20.2,67.9,24.19861111111111,6.1375,0.0,13.7,37.5
2024-05-24,20.1,75.1,23.25555555555556,6.829166666666667,0.0,14.1,37.7
2024-05-25,21.4,62.8,22.81111111111112,8.158333333333333,0.0,14.9,34.1
2024-05-26,19.9,74.3,22.17638888888889,7.765277777777778,8.700000000000028,15.4,34.5
2024-05-27,18.5,63.4,22.12361111111112,6.998611111111111,8.700000000000028,12.4,35.5
2024-05-28,20.4,54.8,22.605555555555554,7.622222222222223,8.700000000000028,9.8,31.3
2024-05-29,21.2,51.6,23.32777777777778,7.644444444444445,8.700000000000028,10.1,37.3
2024-05-30,20.7,49.1,22.43611111111112,7.375,8.700000000000028,11.4,36.2
2024-05-31,20.4,60.0,23.3625,7.359722222222222,9.700000000000028,11.6,32.4
2024-06-01,20.7,61.3,24.023611111111112,7.034722222222221,9.700000000000028,15.2,33.0
2024-06-02,20.4,51.9,23.851388888888888,6.868055555555556,1.0000000000000284,11.2,21.2
2024-06-03,22.2,47.4,23.88095238095238,6.901785714285714,1.0000000000000284,11.4,27.7
2024-06-04,22.8,42.1,24.29805555555556,7.397222222222222,1.0000000000000284,10.5,28.3
2024-06-05,23.6,53.9,24.78611111111111,7.531944444444444,1.0000000000000284,12.5,42.8
2024-06-06,24.1,54.3,25.30555555555556,7.35,1.0000000000000284,15.6,40.4
2024-06-07,23.1,54.3,24.7084595959596,7.219823232323232,0.8000000000000285,13.6,50.2
2024-06-08,20.3,79.5,22.79027777777777,6.2375,17.700000000000028,15.9,59.3
2024-06-09,22.9,68.9,24.20694444444445,6.8,17.700000000000028,13.7,43.2
2024-06-10,24.7,66.3,25.652777777777786,6.82361111111111,17.700000000000028,15.4,39.6
2024-06-11,25.4,62.4,26.46111111111111,6.630555555555556,17.700000000000028,16.4,48.8
2024-06-12,24.8,60.8,26.25,6.451388888888888,17.700000000000028,13.6,57.9
2024-06-13,26.4,51.4,26.575829725829724,6.849693362193361,17.700000000000028,15.7,50.4
2024-06-14,26.3,56.0,26.6875,7.216666666666666,16.900000000000027,16.0,55.6
2024-06-15,24.2,72.3,25.9,6.968055555555555,6.100000000000028,19.3,61.5
2024-06-16,24.3,58.4,26.038888888888888,7.066666666666666,6.100000000000028,17.6,65.7
2024-06-17,24.8,48.4,25.46539920948617,6.974334650856389,6.100000000000028,12.7,51.1
2024-06-18,26.0,59.5,26.1875,7.606944444444444,6.100000000000028,15.7,57.1
2024-06-19,28.8,54.3,27.383333333333336,7.418055555555555,6.100000000000028,16.3,53.4
2024-06-20,29.4,45.1,27.83333333333333,7.218055555555555,6.100000000000028,18.0,67.3
2024-06-21,28.1,49.8,27.181944444444444,7.218055555555556,6.100000000000028,17.6,79.0
2024-06-22,24.2,80.6,25.2125,5.916666666666667,16.50000000000003,21.9,73.0
2024-06-23,25.1,79.5,25.508333333333336,6.723611111111111,21.60000000000003,21.4,67.2
2024-06-24,24.3,70.4,26.40138888888889,6.470833333333334,21.60000000000003,17.5,47.7
2024-06-25,22.9,61.9,25.369444444444444,6.495833333333334,21.60000000000003,15.5,61.6
2024-06-26,24.9,61.0,26.032449494949493,7.3239898989898995,21.60000000000003,13.8,46.5
2024-06-27,26.3,55.0,26.56161616161616,7.783080808080808,21.60000000000003,15.7,45.6
2024-06-28,26.6,54.6,27.063888888888886,7.684722222222223,21.60000000000003,15.4,63.4
2024-06-29,26.7,65.1,26.83194444444445,7.293055555555555,43.40000000000003,16.8,61.7
2024-06-30,23.5,88.5,23.751388888888886,7.394444444444443,70.50000000000003,20.9,60.5
2024-07-01,26.3,69.1,23.43722222222222,8.403888888888888,70.50000000000003,20.2,57.7
2024-07-02,23.2,90.0,24.05289072039072,8.073739316239315,135.60000000000002,21.3,68.9
2024-07-03,24.7,80.3,24.66855921855922,7.743589743589744,136.40000000000003,22.3,57.4
2024-07-04,26.8,74.8,25.641666666666666,7.6375,140.00000000000003,22.2,65.2
2024-07-05,23.4,80.5,25.47512626262626,6.913636363636364,144.10000000000002,20.6,73.7
2024-07-06,25.1,84.1,25.048611111111114,6.668055555555555,108.60000000000002,20.4,61.8
2024-07-07,24.4,85.1,24.99305555555556,7.331944444444445,105.10000000000002,19.3,73.4
2024-07-08,23.8,93.4,24.468055555555555,5.86388888888889,126.20000000000002,22.8,58.5
2024-07-09,24.5,86.9,24.063888888888886,6.875,61.40000000000003,21.4,51.9
2024-07-10,26.6,77.1,25.334722222222226,6.961111111111111,62.000000000000036,21.2,63.7
2024-07-11,25.7,79.6,26.258333333333336,7.576388888888889,58.400000000000034,20.7,64.6
2024-07-12,25.6,79.5,25.9314393939394,7.496590909090909,54.30000000000003,19.3,44.6
2024-07-13,28.1,70.0,27.09861111111111,7.723611111111111,51.500000000000036,20.6,40.9
2024-07-14,28.4,65.9,27.98888888888889,7.752777777777777,23.20000000000003,22.6,53.4
2024-07-15,28.4,64.6,27.93055555555556,7.675,2.1000000000000285,21.2,46.9
2024-07-16,27.0,78.4,27.41388888888889,7.265277777777778,18.80000000000003,22.8,58.8
2024-07-17,25.4,91.6,25.518589743589743,5.662393162393163,116.20000000000003,23.7,61.9
2024-07-18,24.3,95.3,24.635336538461537,5.851923076923077,245.00000000000006,22.8,59.8
2024-07-19,27.0,80.1,24.63366586538461,6.029695512820513,245.10000000000005,23.2,57.6
2024-07-20,27.2,80.4,24.63199519230769,6.207467948717949,260.00000000000006,23.4,58.1
2024-07-21,26.5,83.6,24.63032451923077,6.3852403846153845,268.1000000000001,22.0,52.7
2024-07-22,26.6,89.0,24.62865384615385,6.563012820512821,348.0000000000001,23.3,59.1
2024-07-23,26.4,87.9,23.95277777777777,7.593055555555556,333.0000000000001,24.8,53.6
2024-07-24,28.1,85.0,24.350000000000005,7.420833333333333,248.90000000000006,25.4,56.5
2024-07-25,28.8,79.8,25.156944444444445,7.425,145.40000000000006,24.3,69.6
2024-07-26,28.7,81.9,25.865277777777777,6.9625,150.80000000000007,24.4,52.7
2024-07-27,28.9,83.6,25.969444444444445,6.968055555555556,169.40000000000006,26.7,57.8
2024-07-28,29.2,76.0,26.191666666666663,7.455555555555556,160.90000000000006,26.0,100.0
2024-07-29,27.4,84.0,25.18825757575757,7.302525252525252,81.00000000000006,26.0,67.0
2024-07-30,28.6,78.8,26.100252525252525,8.020454545454546,79.00000000000006,25.6,63.4
2024-07-31,29.4,74.5,27.245833333333334,8.36111111111111,64.30000000000005,25.7,80.0
2024-08-01,29.9,75.5,27.45694444444445,8.33611111111111,39.300000000000054,25.8,66.9
2024-08-02,29.6,79.4,27.68611111111112,8.281944444444443,33.800000000000054,26.4,54.7
2024-08-03,30.2,75.0,28.575,8.256944444444445,0.30000000000005683,25.0,51.8
2024-08-04,31.8,69.3,29.3,8.13888888888889,0.30000000000005683,24.0,58.2
2024-08-05,30.0,75.5,29.25252525252525,7.675,1.600000000000057,25.2,47.9
2024-08-06,29.5,74.8,28.372063492063493,7.311825396825397,1.600000000000057,24.0,40.9
2024-08-07,29.6,72.0,28.65138888888889,7.020833333333333,5.000000000000057,24.4,50.7
2024-08-08,28.5,77.5,28.0875,7.393055555555556,4.700000000000057,23.6,48.7
2024-08-09,29.3,74.1,28.4375,7.683333333333334,4.700000000000057,22.7,46.4
2024-08-10,30.0,70.8,29.056944444444444,7.723611111111111,4.700000000000057,23.6,52.1
2024-08-11,30.8,67.8,29.24722222222222,7.654166666666666,4.700000000000057,24.2,50.9
2024-08-12,31.1,70.5,29.572222222222223,7.543055555555555,3.4000000000000568,25.3,48.6
2024-08-13,31.3,70.0,29.820289855072463,7.250724637681159,3.4000000000000568,24.8,46.9
2024-08-14,30.0,73.0,30.1536231884058,6.986956521739131,3.000000000000057,24.8,49.7
2024-08-15,29.2,74.6,29.995454545454542,7.098484848484849,9.400000000000057,24.8,46.9
2024-08-16,29.8,69.4,29.58005521048999,7.606832298136645,9.400000000000057,24.3,56.6
2024-08-17,29.8,71.0,29.87971014492754,7.911594202898551,20.400000000000055,24.4,55.7
2024-08-18,29.5,73.8,29.827536231884057,7.650724637681159,20.400000000000055,25.3,52.5
2024-08-19,29.7,72.3,30.34578111946533,7.768421052631578,22.700000000000056,24.4,52.1
2024-08-20,31.4,68.3,30.320289855072463,7.634782608695652,22.700000000000056,24.8,53.8
2024-08-21,28.4,85.9,28.362318840579707,6.156521739130434,61.90000000000006,26.3,53.7
2024-08-22,28.6,79.9,27.84246031746032,6.997023809523809,56.100000000000065,25.4,46.4
2024-08-23,28.4,73.5,28.397222222222226,7.3539682539682545,56.100000000000065,24.0,47.7
2024-08-24,27.6,78.8,28.5875,7.452777777777778,47.100000000000065,22.9,50.8
2024-08-25,28.5,76.6,28.625,7.288888888888889,47.100000000000065,23.1,50.6
2024-08-26,28.1,77.8,28.083964646464647,6.786489898989899,44.80000000000006,23.4,50.4
2024-08-27,26.5,69.8,27.22361111111111,7.297222222222222,45.10000000000006,21.2,53.2
2024-08-28,28.2,62.1,27.905555555555555,7.966666666666666,2.9000000000000568,19.7,54.7
2024-08-29,28.4,61.0,28.52916666666667,8.051388888888889,2.3000000000000567,19.7,49.9
2024-08-30,28.0,64.0,28.615277777777777,8.15,2.3000000000000567,19.9,41.9
2024-08-31,27.6,65.6,28.677777777777777,8.261111111111111,0.30000000000005683,18.5,41.1
2024-09-01,27.1,64.9,28.51527777777778,8.259722222222223,0.30000000000005683,20.0,42.0
2024-09-02,24.5,73.6,26.71198830409357,7.872149122807017,3.000000000000057,20.0,50.4
2024-09-03,27.0,54.5,26.94579196217494,8.039113475177304,2.700000000000057,20.2,47.7
2024-09-04,27.9,61.4,28.0681146572104,8.115011820330968,2.700000000000057,19.5,47.5
2024-09-05,26.3,79.1,27.4843085106383,7.308806146572103,9.600000000000058,21.6,53.5
2024-09-06,24.0,79.3,26.15348699763593,6.533037825059101,10.300000000000058,22.1,51.5
2024-09-07,26.5,68.9,26.95723995271868,7.491459810874704,10.300000000000058,21.0,41.6
2024-09-08,27.2,69.6,27.94010047281324,7.8072695035461,10.300000000000058,19.1,42.2
2024-09-09,28.5,69.0,28.2475,7.776388888888889,7.600000000000057,20.4,50.8
2024-09-10,29.4,67.3,28.85505952380953,7.192559523809523,7.600000000000057,22.3,50.1
2024-09-11,29.0,71.5,28.965705128205126,7.583730158730159,8.000000000000057,21.3,50.9
2024-09-12,25.4,91.5,26.94701536643026,5.73153073286052,33.80000000000006,24.4,48.3
2024-09-13,25.9,91.4,26.52422910884984,6.666896649193134,40.70000000000006,24.0,48.8
2024-09-14,28.0,80.3,27.663918439716312,6.352777777777777,40.70000000000006,24.0,35.3
2024-09-15,27.5,73.6,28.183274231678485,7.129550827423169,40.70000000000006,21.8,36.3
2024-09-16,26.8,74.0,27.63354018912529,7.092730496453901,50.20000000000006,20.5,46.9
2024-09-17,28.6,77.0,28.541134751773047,7.250325059101655,50.20000000000006,24.0,46.7
2024-09-18,29.4,76.8,29.015602836879435,7.530378250591017,50.50000000000006,24.5,50.8
2024-09-19,29.1,77.4,28.814076939608857,7.417623038899634,17.800000000000058,25.0,47.0
2024-09-20,25.0,89.8,27.39736997635934,5.906796690307329,64.70000000000006,17.9,44.2
2024-09-21,19.3,82.3,22.924556737588656,7.024320330969267,91.70000000000006,15.9,47.7
2024-09-22,21.0,67.4,22.86137706855792,7.616312056737589,91.70000000000006,14.7,45.2
2024-09-23,20.8,58.3,23.249674940898345,7.384224079702803,82.20000000000006,13.3,42.0
2024-09-24,21.0,57.9,23.796438250096788,7.706968641114983,82.20000000000006,12.0,50.2
2024-09-25,23.3,65.6,23.97895981087471,7.807476359338061,81.50000000000006,14.3,48.9
2024-09-26,23.6,75.1,25.049527186761228,8.003043735224587,82.70000000000006,16.8,51.1
2024-09-27,22.7,72.8,25.02952718676123,8.10291962174941,28.200000000000056,15.8,46.2
2024-09-28,23.2,59.3,24.396867612293143,8.114982269503546,1.2000000000000568,15.8,41.0
2024-09-29,23.5,61.5,24.71131796690307,8.220862884160756,1.2000000000000568,15.6,46.3
2024-09-30,23.0,63.0,24.85648953301127,8.110756843800322,1.2000000000000568,14.0,47.4
2024-10-01,18.3,67.5,23.07414302600473,7.7442375886524815,3.700000000000057,7.6,48.5
2024-10-02,14.9,48.8,20.67047872340425,7.925472813238771,3.700000000000057,5.7,47.5
2024-10-03,16.4,59.0,20.454521276595745,8.16651891252955,2.500000000000057,5.4,31.7
2024-10-04,17.6,60.0,21.32739361702128,8.406176122931443,2.500000000000057,6.2,32.6
2024-10-05,17.5,60.4,21.395803782505908,8.470183215130023,2.500000000000057,5.6,31.3
2024-10-06,15.4,73.5,20.12071513002364,8.199527186761228,2.500000000000057,6.4,25.4
2024-10-07,16.9,73.9,20.44021598968408,8.18177251235762,2.500000000000057,9.9,23.4
2024-10-08,17.7,73.9,21.194267139479905,8.249793144208036,0.0,7.3,20.4
2024-10-09,18.8,64.1,21.58897754137116,8.386436170212766,0.0,9.2,24.9
2024-10-10,18.8,66.3,21.47534391534392,8.324338624338624,0.0,11.0,18.2
2024-10-11,18.6,68.8,22.084375000000005,8.710416666666667,0.0,8.4,30.1
2024-10-12,18.3,60.6,21.54606973995272,8.47491134751773,0.0,7.0,24.6
2024-10-13,18.3,67.0,20.85103427895981,8.432239952718676,0.0,6.1,23.8
2024-10-14,19.3,70.3,20.78417103504985,8.27507451947785,0.0,14.5,24.8
2024-10-15,19.2,85.0,21.19775641025641,8.200534188034188,0.5000000000000568,12.9,21.1
2024-10-16,18.2,76.9,21.63893719806764,8.332962962962963,0.5000000000000568,7.9,28.7
2024-10-17,19.0,70.4,21.592109929078017,8.378427895981087,0.5000000000000568,8.7,25.9
2024-10-18,17.4,86.1,20.241209406494963,7.70177304964539,47.60000000000006,13.5,20.3
2024-10-19,16.6,75.0,19.34420803782506,7.940366430260048,48.60000000000006,10.1,24.1
2024-10-20,13.4,56.0,18.31258865248227,8.167494089834515,48.60000000000006,7.4,21.1
2024-10-21,14.8,66.4,18.21716903073286,8.188002364066195,48.60000000000006,5.9,19.9
2024-10-22,15.5,90.8,19.343882978723403,7.872399527186761,68.70000000000006,13.6,21.5
2024-10-23,12.7,75.3,19.028695652173912,7.332528180354267,71.00000000000006,4.3,16.1
2024-10-24,12.5,71.4,18.12715721040189,8.14086879432624,71.00000000000006,1.2,15.5
2024-10-25,14.9,64.1,18.576802600472814,8.222724586288416,23.90000000000006,3.2,5.1
2024-10-26,17.0,68.3,19.490041371158394,8.338593380614657,22.90000000000006,5.3,8.7
2024-10-27,16.0,79.4,19.612795508274232,8.177777777777779,22.90000000000006,8.4,18.6
2024-10-28,15.7,75.9,19.451710594315244,8.21360321561872,22.90000000000006,6.9,21.2
2024-10-29,15.0,64.6,19.14568557919621,8.205880614657211,2.3000000000000567,8.0,14.8
2024-10-30,15.7,71.3,19.31911938534279,8.43693853427896,0.0,5.5,14.0
2024-10-31,15.9,67.8,19.38986406619385,8.496069739952718,0.0,5.1,14.4
2025-05-01,14.7,69.6,17.940647163120566,7.896498226950355,21.10000000000006,6.4,16.4
2025-05-02,13.4,59.3,17.457978723404256,8.195833333333333,21.10000000000006,3.5,13.4
2025-05-03,11.2,80.5,16.94188829787234,8.197695035460994,28.40000000000006,5.4,16.5
2025-05-04,13.7,60.9,17.207313829787232,8.311258865248227,28.40000000000006,2.2,8.1
2025-05-05,12.1,64.5,17.117149758454108,8.263236714975845,28.40000000000006,3.2,17.0
2025-05-06,14.4,57.5,16.915913120567375,8.42650709219858,28.40000000000006,2.7,13.4
2025-05-07,14.9,61.5,20.21980174081238,7.892351708575113,28.40000000000006,4.0,18.5
2025-05-08,17.4,53.5,20.26362293144208,7.624704491725768,7.300000000000057,4.5,17.5
2025-05-09,15.1,81.8,19.114804964539008,7.244710401891253,24.90000000000006,13.1,21.9
2025-05-10,12.3,95.5,17.313091016548466,7.171838061465722,31.70000000000006,11.2,19.5
2025-05-11,14.7,76.9,17.698817966903075,7.779225768321513,31.70000000000006,7.5,15.2
2025-05-12,17.0,62.6,19.545174221399936,7.364168979340117,31.70000000000006,5.6,24.3
2025-05-13,19.9,47.4,20.61716903073286,7.181294326241134,31.70000000000006,8.0,23.7
2025-05-14,21.0,52.8,21.07057057057057,7.137987987987988,31.70000000000006,7.4,27.3
2025-05-15,19.5,80.9,21.07068557919622,6.9907210401891255,32.80000000000006,14.0,27.7
2025-05-16,19.4,92.6,20.32932816537468,6.684237726098192,66.50000000000006,16.2,25.9
2025-05-17,18.3,86.4,20.235283687943262,7.2709810874704495,54.60000000000006,12.5,21.1
2025-05-18,15.6,59.3,20.303752955082743,7.150265957446808,54.60000000000006,7.5,9.3
2025-05-19,16.1,70.4,19.027098108747044,7.207476359338062,56.20000000000005,6.1,23.7
2025-05-20,22.2,85.5,20.74104609929078,6.908953900709219,57.20000000000005,17.4,20.4
2025-05-21,25.5,75.5,23.70682624113476,6.482949172576832,57.20000000000005,18.8,33.1
2025-05-22,23.9,68.0,24.191873522458632,6.374231678486997,56.900000000000055,18.1,41.8
2025-05-23,19.4,53.8,21.67943262411348,6.541459810874705,6.8000000000000576,14.3,39.1
2025-05-24,15.6,69.1,19.66513002364066,6.861968085106383,8.900000000000055,9.3,30.8
2025-05-25,17.4,61.0,20.696483451536643,6.66622340425532,8.900000000000055,7.6,20.8
2025-05-26,19.7,59.4,22.07609338061465,6.298167848699763,7.300000000000057,9.2,28.5
2025-05-27,20.8,57.0,22.693620071684588,6.16141935483871,6.300000000000056,9.6,30.4
2025-05-28,20.8,62.0,23.32500966183575,6.840314009661835,6.300000000000056,11.1,30.4
2025-05-29,21.2,58.4,23.27858747044917,7.774917257683215,5.500000000000056,9.9,29.6
2025-05-30,22.2,55.0,23.59710401891253,7.997281323877068,4.300000000000056,10.5,31.5
2025-05-31,21.5,55.0,23.42160165484633,8.12807328605201,0.0,10.4,31.3
2025-06-01,22.6,57.8,24.078339243498817,8.04134160756501,0.0,11.1,27.7
2025-06-02,21.0,64.3,22.60995862884161,7.940514184397163,0.0,14.7,35.7
2025-06-03,20.9,56.9,23.39264184397163,8.007239952718676,0.0,10.3,17.3
2025-06-04,20.5,55.3,23.16761229314421,8.189923167848699,0.0,8.8,8.4
2025-06-05,21.7,49.8,23.525768321513,8.47071513002364,0.0,8.0,8.7
2025-06-06,24.1,42.6,24.27402482269504,8.239627659574468,0.0,11.4,13.7
2025-06-07,23.7,61.4,24.120005910165485,8.04151891252955,0.10000000000005685,12.6,28.9
2025-06-08,25.1,69.3,25.620005910165485,7.7064125295508275,0.7000000000000568,17.6,26.7
2025-06-09,24.2,66.6,26.26717440361057,7.619758757790673,0.7000000000000568,16.4,47.7
2025-06-10,21.7,71.6,25.068669250646,7.845025839793283,0.7000000000000568,11.7,47.0
2025-06-11,22.7,54.6,24.85948581560284,7.764302600472813,0.7000000000000568,9.1,23.8
2025-06-12,25.5,50.4,25.70871749408984,7.744148936170212,0.7000000000000568,11.7,28.0
2025-06-13,24.0,60.9,25.314775413711583,7.757180851063829,2.200000000000057,14.8,50.4
2025-06-14,25.6,66.3,25.67080378250591,7.574231678486998,2.1000000000000565,17.7,40.9
2025-06-15,26.3,69.6,26.73374704491725,7.253723404255319,13.300000000000058,16.7,63.8
2025-06-16,23.0,87.8,24.86678486997636,6.288482886216467,33.300000000000054,20.3,58.5
2025-06-17,24.8,73.3,25.228995271867607,7.642807328605201,33.300000000000054,18.2,35.8
2025-06-18,25.5,65.3,26.946838061465723,7.760874704491727,33.300000000000054,17.9,48.1
2025-06-19,28.1,57.9,27.099290780141843,7.985933806146572,34.10000000000006,16.2,50.3
2025-06-20,24.1,93.4,24.84442774180286,6.9704671600370025,83.70000000000006,21.6,60.1
2025-06-21,22.0,88.1,23.242405437352247,8.110874704491726,83.90000000000006,18.3,44.4
2025-06-22,23.3,68.6,24.81031323877069,8.232358156028369,72.10000000000007,14.3,31.8
2025-06-23,26.1,64.8,26.27680260047281,7.925472813238771,52.100000000000065,16.2,37.1
2025-06-24,25.0,63.4,25.58351063829787,8.103221040189126,54.40000000000006,19.4,52.8
2025-06-25,20.9,88.9,23.58974586288416,8.177186761229313,62.40000000000006,18.7,49.1
2025-06-26,22.2,85.3,23.54190307328605,7.835815602836878,62.70000000000006,18.9,18.4
2025-06-27,25.0,78.1,24.91418439716312,8.347901891252954,11.600000000000056,19.0,39.0
2025-06-28,26.2,85.0,25.81578014184397,8.640898345153664,12.000000000000057,22.5,58.4
2025-06-29,27.1,77.1,26.30641252955083,8.429462174940898,12.000000000000057,21.4,47.2
2025-06-30,28.2,74.6,27.22033096926714,8.18741134751773,12.000000000000057,21.5,50.4
2025-07-01,28.6,78.6,28.008074935400515,8.145865633074935,10.600000000000056,25.2,19.0
2025-07-02,28.6,76.3,28.24615839243499,8.191666666666666,2.600000000000057,25.2,39.4
2025-07-03,28.3,75.5,28.05246346443155,8.302404362776704,1.5000000000000568,23.9,46.5
2025-07-04,27.2,77.0,26.839243498817968,8.588031914893618,1.5000000000000568,23.4,48.1
2025-07-05,28.4,72.9,27.53516548463357,8.405939716312057,0.9000000000000569,24.4,55.1
2025-07-06,29.1,74.3,28.049852245862883,8.309751773049646,0.9000000000000569,23.8,58.0
2025-07-07,29.1,79.0,28.33102030947776,8.13846980442725,0.9000000000000569,25.1,40.7
2025-07-08,31.3,72.5,29.947281323877068,7.677836879432623,11.800000000000058,23.9,49.7
2025-07-09,31.9,61.1,30.61167257683215,7.594917257683215,11.800000000000058,24.5,31.7
2025-07-10,31.4,46.6,30.39991134751773,8.171247044917257,11.800000000000058,23.0,37.5
2025-07-11,30.2,47.1,29.15505319148936,8.420212765957446,11.800000000000058,20.0,56.8
2025-07-12,30.3,47.5,29.36409574468085,8.343823877068559,11.800000000000058,18.4,55.6
2025-07-13,27.7,66.8,28.131176122931446,8.290277777777776,11.800000000000058,20.9,48.2
2025-07-14,24.2,78.3,26.605378250591016,8.01119976359338,25.400000000000055,19.8,43.9
2025-07-15,23.6,84.1,25.78076241134752,7.03983451536643,17.60000000000006,20.1,50.9
2025-07-16,23.3,90.1,25.07236997635934,7.141784869976359,90.70000000000005,21.3,42.6
2025-07-17,23.3,94.3,23.23763888888889,7.450416666666666,166.20000000000005,21.2,46.2
2025-07-18,24.7,89.5,24.009871678743963,7.551685285829307,182.30000000000004,22.2,34.1
2025-07-19,23.9,95.4,24.782104468599037,7.652953904991948,266.30000000000007,20.6,40.7
2025-07-20,27.7,82.8,25.554337258454105,7.754222524154589,281.1,23.5,29.7
2025-07-21,28.5,77.4,26.32657004830918,7.855491143317231,267.5,20.1,34.7
2025-07-22,28.8,75.6,26.65939716312057,7.871956264775414,263.6,23.7,0.0
2025-07-23,28.9,70.4,27.117819148936167,7.921601654846335,190.50000000000006,22.9,28.8
2025-07-24,29.8,68.0,27.83481087470449,8.329255319148936,115.00000000000006,22.9,36.6
2025-07-25,31.1,64.6,28.53732269503546,8.259160756501181,98.90000000000006,21.7,29.5
2025-07-26,32.3,61.9,29.481205673758865,7.9511229314420815,14.900000000000057,24.3,23.9
2025-07-27,32.8,62.4,29.860992907801418,7.834722222222223,0.10000000000005685,24.4,37.7
2025-07-28,32.2,67.3,30.288240740740736,8.129444444444445,0.10000000000005685,25.2,36.2
2025-07-29,32.0,64.0,30.414598108747043,8.325768321513003,0.0,24.0,36.3
2025-07-30,32.1,62.9,30.18108747044917,8.160756501182034,0.0,24.3,44.9
2025-07-31,30.9,62.3,29.194591072010425,7.3912349299446065,0.0,25.3,47.2
2025-08-01,31.0,66.9,29.53803191489362,8.479846335697399,0.0,24.7,43.8
2025-08-02,31.2,62.1,29.84601063829788,8.26436170212766,0.0,23.9,41.8
2025-08-03,28.8,69.0,28.69305555555556,8.331737588652482,1.3000000000000569,22.7,41.7
2025-08-04,28.1,75.5,28.170865633074936,8.216731266149871,3.200000000000057,22.7,40.8
2025-08-05,29.1,67.4,29.2738475177305,7.875413711583924,3.200000000000057,21.8,42.4
2025-08-06,27.1,89.0,27.88108747044917,6.639716312056738,25.200000000000056,24.0,36.8
2025-08-07,28.2,70.8,27.91960908276698,6.855181497286761,25.200000000000056,22.9,37.0
2025-08-08,26.6,74.8,28.56151761517616,7.667440960123887,31.500000000000057,20.8,29.9
2025-08-09,24.9,82.1,27.083275261324044,7.679248935346496,35.00000000000006,20.0,44.2
2025-08-10,27.3,70.0,27.879281183932346,7.918675123326285,33.70000000000006,18.2,37.8
2025-08-11,27.0,73.9,27.72383252818036,7.841545893719807,31.800000000000058,21.7,29.7
2025-08-12,28.6,62.9,28.15462962962963,7.718518518518519,31.800000000000058,20.1,40.5
2025-08-13,25.1,91.8,26.28205128205128,5.564615384615384,136.50000000000006,21.1,29.0
2025-08-14,25.5,91.1,24.67467948717949,5.501777389277389,184.30000000000007,23.3,33.3
2025-08-15,27.1,84.3,25.96155103066868,6.493341788930024,178.00000000000006,22.3,32.3
2025-08-16,28.2,76.0,27.248422574157868,7.484906188582659,174.50000000000006,22.4,38.5
2025-08-17,28.4,76.3,28.53529411764706,8.476470588235294,174.50000000000006,23.5,34.4
2025-08-18,28.9,75.6,28.64213784183297,7.889892830746489,176.70000000000005,24.9,36.7
2025-08-19,29.1,75.3,28.063608207510644,7.580216802168022,176.70000000000005,24.9,28.3
2025-08-20,29.4,74.5,27.855942702284167,7.813550135501355,50.00000000000006,24.7,33.2
2025-08-21,29.8,70.6,28.884249471458773,7.760324171952079,2.200000000000057,24.2,34.4
2025-08-22,29.4,71.5,28.86936507936508,7.442486772486773,2.200000000000057,22.9,34.4
2025-08-23,29.3,74.9,28.39353464963221,7.11068524970964,2.200000000000057,24.6,32.0
2025-08-24,30.2,69.4,29.303376068376068,7.105769230769231,2.200000000000057,23.7,40.6
2025-08-25,28.7,80.6,28.53127214170692,6.916296296296296,17.10000000000006,23.8,37.0
2025-08-26,27.6,81.8,27.97742127153892,6.501782531194295,22.500000000000057,22.8,34.9
2025-08-27,26.7,73.8,27.865079365079367,7.504800619434765,22.500000000000057,21.2,32.4
2025-08-28,28.3,72.9,27.99857752489332,7.667662399241347,22.500000000000057,22.2,45.3
2025-08-29,29.0,82.0,28.44343786295006,7.695741385985289,54.70000000000006,25.3,32.3
2025-08-30,28.4,81.1,27.48933977455717,6.861771336553946,78.60000000000005,23.8,30.0
2025-08-31,28.5,75.3,27.567760047281325,7.421956264775414,78.60000000000005,22.9,27.1
2025-09-01,26.1,87.3,26.44042929292929,6.92359668109668,81.90000000000006,22.4,46.5
2025-09-02,26.0,74.6,26.473721340388007,7.27610229276896,76.50000000000006,19.5,39.0
2025-09-03,27.6,67.5,27.071282593375617,7.222868217054263,76.50000000000006,19.8,47.8
2025-09-04,25.8,82.1,26.378242353852112,6.367324816105303,120.70000000000005,22.0,50.1
2025-09-05,27.9,68.5,26.75232558139535,6.971317829457365,88.50000000000006,20.8,42.5
2025-09-06,26.8,86.6,26.596507936507937,5.790529100529102,100.70000000000006,23.4,47.7
2025-09-07,25.3,77.5,26.4484126984127,5.727777777777778,100.90000000000006,17.8,39.3
2025-09-08,24.4,73.0,25.64774489076815,6.671564482029599,80.50000000000006,17.5,41.3
2025-09-09,23.7,71.9,25.36420104314841,8.170033191085823,80.50000000000006,16.6,43.4
2025-09-10,24.8,61.1,25.63492063492064,7.995625241966706,80.50000000000006,14.0,41.4
2025-09-11,25.8,57.6,25.79421526789948,7.445993361782835,36.30000000000006,14.8,51.0
2025-09-12,23.9,68.8,24.97345785440613,7.603764367816091,43.10000000000006,19.0,50.4
2025-09-13,23.3,81.0,23.139594356261025,8.10952380952381,70.70000000000006,19.3,42.9
2025-09-14,24.8,72.0,23.98624940730204,7.709577999051684,70.50000000000006,18.4,42.8
2025-09-15,25.7,71.6,24.90116144018583,7.609756097560976,70.50000000000006,16.5,44.6
2025-09-16,23.7,86.8,24.3655439411537,7.146535036778939,88.00000000000006,18.3,44.6
2025-09-17,22.7,92.0,23.38428470754052,6.803171247357294,140.70000000000005,18.1,37.9
2025-09-18,22.1,74.4,22.82025974025974,7.924805194805195,140.70000000000005,16.9,32.3
2025-09-19,19.4,82.0,22.01651515151515,7.9362121212121215,147.70000000000005,16.7,41.1
2025-09-20,20.0,85.4,21.61711711711712,6.772878141299192,119.30000000000005,16.8,33.9
2025-09-21,21.6,67.0,21.9572463768116,7.881159420289855,119.30000000000005,14.0,37.3
2025-09-22,21.3,59.8,21.97185185185185,7.597314814814815,119.30000000000005,14.3,44.7
2025-09-23,22.7,56.5,22.647575276844595,8.029931877566256,101.80000000000005,16.2,46.3
2025-09-24,22.0,81.8,22.182125603864733,7.102254428341385,84.30000000000005,16.2,42.4
2025-09-25,22.5,80.0,22.986119162640904,6.847085346215781,84.60000000000005,15.4,33.3
2025-09-26,21.7,78.1,22.95120910384068,7.799525841631104,70.80000000000005,12.4,37.0
2025-09-27,22.5,71.1,24.048484848484847,8.36969696969697,35.50000000000006,13.8,39.2
2025-09-28,20.0,85.6,21.85607085346216,7.820579710144927,80.00000000000006,16.7,42.7
2025-09-29,19.6,77.8,21.579238287832823,8.174014155712841,80.00000000000006,13.5,31.7
2025-09-30,19.8,81.3,21.447222222222223,7.940024668516806,80.00000000000006,13.0,38.9
2025-10-01,20.5,78.1,21.978989361702123,7.999852245862884,44.800000000000054,12.3,35.8
2025-10-02,21.4,74.5,22.34119658119658,8.358119658119657,44.50000000000006,13.8,38.8
2025-10-03,21.2,75.5,22.233185579196213,8.695035460992907,45.300000000000054,18.0,43.5
2025-10-04,22.5,74.6,22.47136066547831,8.892751039809864,45.300000000000054,18.4,39.5
2025-10-05,21.4,89.6,22.504521276595742,7.641223404255318,18.90000000000006,18.7,43.3
2025-10-06,17.6,93.8,21.372695035461,7.8827127659574465,55.70000000000006,14.7,36.3
2025-10-07,18.2,94.9,19.50189125295508,8.674468085106383,62.80000000000006,15.0,24.3
2025-10-08,21.9,72.8,21.136613475177302,8.430851063829786,62.80000000000006,14.5,27.9
2025-10-09,20.0,69.6,21.12258632840028,8.132875264270613,62.80000000000006,15.9,45.3
2025-10-10,17.0,98.1,20.19731087470449,7.693764775413712,111.30000000000007,15.6,35.9
2025-10-11,20.3,93.1,20.227098108747047,7.719917257683215,133.80000000000007,16.8,20.4
2025-10-12,19.0,84.6,20.630756843800324,7.559033816425121,115.80000000000005,16.8,32.3
2025-10-13,15.7,94.4,19.58575650118204,7.323020094562647,104.10000000000005,13.5,29.1
2025-10-14,17.9,80.3,19.22924315619968,8.216747181964573,97.60000000000007,13.8,16.1
2025-10-15,20.2,74.8,20.33626409017713,8.109694041867956,99.10000000000007,12.7,27.7
2025-10-16,20.2,75.3,20.98286052009456,7.7256796690307326,100.40000000000006,14.0,36.3
2025-10-17,19.9,74.8,20.784574468085108,8.146867612293144,62.40000000000006,11.8,34.0
2025-10-18,15.8,87.8,19.998374704491724,7.714036643026006,51.10000000000006,12.5,0.0
2025-10-19,14.5,71.5,19.275523349436394,9.388792270531402,51.00000000000006,6.5,12.2
2025-10-20,10.0,65.9,17.51338017859757,9.359436392914654,25.900000000000055,2.9,13.8
2025-10-21,9.2,68.3,16.7156330749354,9.199967700258398,25.300000000000054,1.8,4.8
2025-10-22,13.1,72.1,17.342907801418438,9.378605200945628,23.800000000000054,2.2,0.0
2025-10-23,14.9,70.3,18.643703703703704,8.86814814814815,22.500000000000057,7.8,11.5
2025-10-24,15.8,66.5,18.54182076813656,8.579800853485064,11.200000000000056,6.9,19.4
2025-10-25,14.4,66.9,18.938447971781304,8.506613756613758,0.0,8.6,21.1
2025-10-26,12.2,70.1,17.95,8.683333333333332,0.5000000000000568,6.2,0.0
2025-10-27,8.1,45.0,16.135897435897437,9.11923076923077,0.5000000000000568,-1.2,2.6
2025-10-28,8.5,52.4,15.853846153846154,9.40128205128205,0.5000000000000568,-4.8,3.3
2025-10-29,11.4,65.0,17.299999999999997,9.633333333333333,0.5000000000000568,0.7,0.5
2025-10-30,12.8,70.3,16.76578947368421,9.262280701754388,0.5000000000000568,2.3,5.7
2025-10-31,15.1,69.9,17.931317204301077,9.084274193548389,0.6000000000000568,7.3,6.1
