"		지점번호",지점명,일시,평균풍속(m/s),최대풍속(m/s),최대풍속풍향(deg),"	최대풍속시각",최대순간풍속(m/s),최대순간풍속풍향(deg),"	최대순간풍속시각"
"		108",서울,2016-05-01,2.2,5.2,290,16:29,9.8,230,16:52
"		108",서울,2016-05-02,2.2,4.6,200,12:17,8.2,140,23:44
"		108",서울,2016-05-03,4.9,8.7,270,22:35,17.5,270,22:40
"		108",서울,2016-05-04,5.1,8.5,320,15:08,18,290,14:59
"		108",서울,2016-05-05,1.7,4,250,16:30,6.6,200,15:36
"		108",서울,2016-05-06,2,4.7,290,15:00,8.2,320,15:03
"		108",서울,2016-05-07,2.6,5.7,340,13:23,9.9,360,12:12
"		108",서울,2016-05-08,2.1,5.4,270,17:32,8.9,270,18:14
"		108",서울,2016-05-09,2,5.2,320,18:11,8.7,320,18:08
"		108",서울,2016-05-10,2.3,5,50,14:23,8.5,50,14:48
"		108",서울,2016-05-11,2,5.3,290,19:26,8.5,290,19:12
"		108",서울,2016-05-12,2.7,5.6,250,14:39,10.3,250,22:50
"		108",서울,2016-05-13,2.1,4.8,230,1:29,8.1,180,1:22
"		108",서울,2016-05-14,2.3,5.6,270,18:05,8.3,290,18:25
"		108",서울,2016-05-15,2.7,6.2,230,17:50,12.4,250,18:12
"		108",서울,2016-05-16,3.2,6.1,250,12:49,11.4,270,14:54
"		108",서울,2016-05-17,1.9,3.9,270,15:18,6.7,250,14:22
"		108",서울,2016-05-18,1.9,4.6,290,15:56,7.8,290,15:33
"		108",서울,2016-05-19,1.6,4.5,270,18:00,8.8,320,18:22
"		108",서울,2016-05-20,1.8,4.3,270,17:23,6.9,250,17:03
"		108",서울,2016-05-21,2,3.5,110,10:40,6.9,160,13:08
"		108",서울,2016-05-22,1.9,3.6,290,18:00,5.8,110,12:31
"		108",서울,2016-05-23,2.1,4.8,250,18:54,9.8,320,20:14
"		108",서울,2016-05-24,2.6,6,200,1:07,11.9,200,0:58
"		108",서울,2016-05-25,2.7,4.7,200,15:08,8.4,230,15:15
"		108",서울,2016-05-26,1.8,4.3,230,11:09,7.5,320,14:14
"		108",서울,2016-05-27,1.7,3.8,270,17:23,5.7,270,17:20
"		108",서울,2016-05-28,2.1,4.5,270,17:06,7.5,250,17:01
"		108",서울,2016-05-29,2.3,5.2,270,19:38,7.5,270,18:47
"		108",서울,2016-05-30,2.4,6,270,16:58,9,270,16:54
"		108",서울,2016-05-31,2.5,5.3,270,15:22,9.2,270,15:06
"		108",서울,2016-06-01,2.1,4.6,90,9:33,8,70,8:05
"		108",서울,2016-06-02,2.4,4.6,270,14:29,8.3,270,15:25
"		108",서울,2016-06-03,2.2,4.8,290,17:26,8.2,290,16:42
"		108",서울,2016-06-04,1.6,4,200,17:54,7.4,270,20:10
"		108",서울,2016-06-05,1.7,4.4,270,18:12,6.3,250,17:48
"		108",서울,2016-06-06,2.3,3.8,160,1:58,7,110,13:03
"		108",서울,2016-06-07,1.7,4.6,270,18:06,8.9,250,17:57
"		108",서울,2016-06-08,2.3,4.7,270,17:47,7.8,270,16:01
"		108",서울,2016-06-09,2,4.8,250,17:12,7.6,250,16:30
"		108",서울,2016-06-10,2.2,5.5,290,17:44,8,270,17:52
"		108",서울,2016-06-11,1.7,3.9,250,23:53,6.2,270,23:46
"		108",서울,2016-06-12,2.1,4,270,16:35,6,270,16:26
"		108",서울,2016-06-13,2.4,5,270,18:43,7.8,270,17:40
"		108",서울,2016-06-14,2.1,5.2,270,16:56,8.4,270,16:33
"		108",서울,2016-06-15,2.7,5.3,200,18:05,10,200,17:56
"		108",서울,2016-06-16,2.8,5.5,270,16:15,8.4,250,15:25
"		108",서울,2016-06-17,2.5,5.1,270,15:58,8.3,180,13:42
"		108",서울,2016-06-18,1.8,6,290,16:57,8.6,290,16:48
"		108",서울,2016-06-19,1.9,5.3,290,18:02,8.4,320,17:14
"		108",서울,2016-06-20,1.7,3.6,290,17:06,5.7,270,2:25
"		108",서울,2016-06-21,1.7,4.3,290,16:09,7.3,250,15:21
"		108",서울,2016-06-22,2,6.8,340,14:06,9.5,320,14:05
"		108",서울,2016-06-23,2.1,6.3,290,17:03,9.4,290,16:59
"		108",서울,2016-06-24,2,5.3,270,16:17,8.8,230,16:16
"		108",서울,2016-06-25,2.8,5.9,270,11:34,10.5,250,15:37
"		108",서울,2016-06-26,2.7,5.2,270,17:27,8.6,270,17:10
"		108",서울,2016-06-27,1.6,4.3,270,17:17,6.7,270,15:18
"		108",서울,2016-06-28,1.8,4.4,270,16:39,6.7,270,16:39
"		108",서울,2016-06-29,2.2,4.7,160,13:15,7.4,70,8:09
"		108",서울,2016-06-30,2.8,5,200,21:55,8.4,200,12:37
"		108",서울,2016-07-01,2.3,4.8,200,1:22,10.6,230,15:26
"		108",서울,2016-07-02,2.4,4.1,290,20:11,6.4,200,12:45
"		108",서울,2016-07-03,1.6,3.3,160,15:10,5.8,160,15:03
"		108",서울,2016-07-04,3,5.8,70,22:40,11.1,90,10:31
"		108",서울,2016-07-05,2.8,5.6,50,0:39,11.2,290,8:34
"		108",서울,2016-07-06,1.9,3.7,180,13:45,6,270,17:29
"		108",서울,2016-07-07,1.3,3.5,200,10:57,5.9,290,14:33
"		108",서울,2016-07-08,1.8,4.1,320,16:14,7.6,20,15:39
"		108",서울,2016-07-09,2,4.8,270,16:40,7.4,250,17:23
"		108",서울,2016-07-10,1.8,3.8,250,14:20,6.6,230,16:53
"		108",서울,2016-07-11,1.7,4.4,320,17:14,7.3,290,17:14
"		108",서울,2016-07-12,2.1,4.6,270,15:09,8.2,250,17:37
"		108",서울,2016-07-13,2.1,4.2,290,15:08,6.5,320,15:45
"		108",서울,2016-07-14,2.1,3.8,50,14:06,6.8,50,13:59
"		108",서울,2016-07-15,2.6,4.7,50,9:25,8.5,90,10:00
"		108",서울,2016-07-16,3.5,5.7,70,7:28,10.8,70,12:13
"		108",서울,2016-07-17,2.6,5.7,200,1:31,10.3,200,1:26
"		108",서울,2016-07-18,1.5,3.7,270,16:25,6.7,290,16:16
"		108",서울,2016-07-19,1.5,3.3,250,18:45,7,20,11:22
"		108",서울,2016-07-20,1.9,3.5,50,9:13,7.3,110,23:47
"		108",서울,2016-07-21,2.2,3.6,90,1:15,7.1,50,9:01
"		108",서울,2016-07-22,2.2,4,140,12:38,6.5,110,12:37
"		108",서울,2016-07-23,1.9,4,180,13:04,7.1,230,13:17
"		108",서울,2016-07-24,2,3.4,200,6:11,6.5,200,7:46
"		108",서울,2016-07-25,1.9,4.2,250,18:03,6.8,250,18:00
"		108",서울,2016-07-26,2.6,5.2,200,11:48,8.3,200,13:49
"		108",서울,2016-07-27,3.2,6.1,200,12:42,9.7,160,11:43
"		108",서울,2016-07-28,2.8,5.1,250,14:20,8.9,250,13:06
"		108",서울,2016-07-29,1.6,3.6,160,14:24,6,20,6:51
"		108",서울,2016-07-30,2.1,3.8,290,17:11,5.6,180,1:18
"		108",서울,2016-07-31,1.6,6,290,16:01,9.7,270,15:52
"		108",서울,2016-08-01,1.6,4.7,270,16:26,7,270,16:09
"		108",서울,2016-08-02,1.2,6.3,200,17:56,10.1,180,17:48
"		108",서울,2016-08-03,1.6,3.2,270,17:19,6.7,320,14:30
"		108",서울,2016-08-04,1.6,3.4,290,0:50,6,320,0:43
"		108",서울,2016-08-05,1.8,3.8,290,22:03,5.9,290,22:19
"		108",서울,2016-08-06,1.7,4.3,320,15:41,7.1,320,15:09
"		108",서울,2016-08-07,1.9,3.9,250,14:47,6.6,270,13:43
"		108",서울,2016-08-08,1.8,4.3,340,18:37,7.3,340,16:11
"		108",서울,2016-08-09,1.9,5,270,19:57,8.4,290,19:51
"		108",서울,2016-08-10,1.9,4,200,15:39,6.3,250,17:13
"		108",서울,2016-08-11,2,4.4,290,18:23,6.7,270,18:23
"		108",서울,2016-08-12,2,4.1,270,17:47,6.7,250,17:07
"		108",서울,2016-08-13,2.4,4.6,270,14:59,7.6,290,15:18
"		108",서울,2016-08-14,1.9,4.9,320,14:07,8.2,340,14:10
"		108",서울,2016-08-15,1.9,4.5,290,16:21,7.6,270,16:08
"		108",서울,2016-08-16,1.6,5.5,290,15:27,9,250,15:25
"		108",서울,2016-08-17,1.9,4.3,290,14:20,8,340,14:15
"		108",서울,2016-08-18,1.6,3.3,320,19:26,6.3,320,19:25
"		108",서울,2016-08-19,1.4,3.5,50,17:09,8.8,70,16:51
"		108",서울,2016-08-20,1.7,3.6,290,19:35,5.9,320,19:28
"		108",서울,2016-08-21,2.1,4.2,340,19:17,6.5,320,20:01
"		108",서울,2016-08-22,2.1,4.5,320,21:41,8,20,16:07
"		108",서울,2016-08-23,2.1,4.5,270,14:51,7.1,320,14:48
"		108",서울,2016-08-24,1.8,3.5,270,18:28,5.6,290,18:10
"		108",서울,2016-08-25,1.9,5.3,290,17:50,9.6,290,19:26
"		108",서울,2016-08-26,3.6,7.3,70,7:09,13.6,70,10:07
"		108",서울,2016-08-27,3.1,5.8,70,10:22,10.9,90,10:23
"		108",서울,2016-08-28,2.6,5.7,20,15:23,11.2,360,15:29
"		108",서울,2016-08-29,2,4.6,290,8:21,7.9,320,12:40
"		108",서울,2016-08-30,3.3,5.8,270,17:20,11.2,270,18:48
"		108",서울,2016-08-31,3.8,6.9,270,16:16,12.5,250,16:07
"		108",서울,2016-09-01,3.1,8.1,200,14:01,15.7,180,13:43
"		108",서울,2016-09-02,2.7,4.7,90,16:19,9.4,110,16:18
"		108",서울,2016-09-03,1.8,3.8,70,1:58,7.4,50,0:21
"		108",서울,2016-09-04,1.5,2.6,70,21:46,5.2,20,18:40
"		108",서울,2016-09-05,1.7,4.4,250,14:54,7.2,320,15:30
"		108",서울,2016-09-06,1.8,4.4,270,15:33,7.6,250,14:13
"		108",서울,2016-09-07,1.8,3.8,270,17:28,6.9,270,17:19
"		108",서울,2016-09-08,1.3,4.5,230,12:18,7,230,12:10
"		108",서울,2016-09-09,1.8,4.6,290,20:19,7,270,16:53
"		108",서울,2016-09-10,1.6,3.3,50,15:21,5.7,70,10:05
"		108",서울,2016-09-11,1.7,3.1,290,16:14,5.5,50,0:31
"		108",서울,2016-09-12,1.9,4.8,290,13:54,9,290,13:49
"		108",서울,2016-09-13,1.8,4,270,17:56,6.1,290,23:08
"		108",서울,2016-09-14,1.8,4.2,290,17:31,6.3,180,14:57
"		108",서울,2016-09-15,1.3,3.5,290,16:53,6,270,16:52
"		108",서울,2016-09-16,1.5,3.4,270,15:49,5,250,15:56
"		108",서울,2016-09-17,2.9,5.4,90,15:02,10.3,70,8:20
"		108",서울,2016-09-18,3.1,4.8,70,11:18,8.7,70,9:57
"		108",서울,2016-09-19,3.5,5.9,50,17:54,11.3,50,17:38
"		108",서울,2016-09-20,3.1,5.6,50,10:18,11,360,9:42
"		108",서울,2016-09-21,2,3.7,90,10:03,6.7,50,10:15
"		108",서울,2016-09-22,1.8,3.6,50,0:10,6.4,70,0:20
"		108",서울,2016-09-23,1.6,3.4,290,17:59,5.6,200,13:17
"		108",서울,2016-09-24,1.6,3.7,290,17:18,6.2,290,17:10
"		108",서울,2016-09-25,1.2,3.6,250,19:03,5.5,320,13:04
"		108",서울,2016-09-26,1.8,4.6,90,13:18,7.8,50,13:16
"		108",서울,2016-09-27,1.3,3.7,290,11:12,5.4,320,11:09
"		108",서울,2016-09-28,1.3,3.8,320,17:09,6.1,320,17:03
"		108",서울,2016-09-29,3,4.8,70,9:57,10,360,10:56
"		108",서울,2016-09-30,1.6,3.7,90,0:29,5.7,90,0:24
"		108",서울,2016-10-01,1.2,2.4,50,12:51,4.9,50,12:47
"		108",서울,2016-10-02,2.7,5.9,70,14:48,9.4,50,14:47
"		108",서울,2016-10-03,2.7,6.1,200,1:47,11,200,3:26
"		108",서울,2016-10-04,2.4,4.5,50,13:35,9.2,70,12:07
"		108",서울,2016-10-05,3,4.7,50,5:03,8,50,5:01
"		108",서울,2016-10-06,2.6,5.6,320,0:36,8.1,360,0:30
"		108",서울,2016-10-07,2.6,4.4,140,11:07,8.3,200,10:51
"		108",서울,2016-10-08,2.9,6.2,290,22:58,11.3,250,14:17
"		108",서울,2016-10-09,2.9,5.2,320,21:05,10.1,290,0:46
"		108",서울,2016-10-10,1.6,3.8,320,1:17,6,320,1:17
"		108",서울,2016-10-11,1.8,3.9,270,13:54,5.9,290,13:39
"		108",서울,2016-10-12,2,4.1,270,17:08,6.4,270,17:08
"		108",서울,2016-10-13,1.4,3.5,290,15:29,6,290,14:36
"		108",서울,2016-10-14,1.3,2.7,290,19:32,5,320,14:40
"		108",서울,2016-10-15,1.3,2.6,270,16:30,5.2,110,12:36
"		108",서울,2016-10-16,1.5,2.9,110,11:07,5,90,8:44
"		108",서울,2016-10-17,1.4,4.3,290,18:05,6.6,290,19:04
"		108",서울,2016-10-18,1.4,2.9,50,9:39,5.3,50,9:32
"		108",서울,2016-10-19,1.5,3.4,270,17:00,5.6,320,13:53
"		108",서울,2016-10-20,1.8,5,50,22:42,8.9,20,21:32
"		108",서울,2016-10-21,3,4.7,70,1:37,8.6,50,10:19
"		108",서울,2016-10-22,1.8,4.2,50,23:56,6.7,50,23:14
"		108",서울,2016-10-23,4,6.3,50,10:51,12.8,20,5:37
"		108",서울,2016-10-24,2.4,3.7,50,0:02,6.8,90,23:48
"		108",서울,2016-10-25,2.2,4.8,320,13:08,7.7,320,14:54
"		108",서울,2016-10-26,1.4,3.5,270,13:25,6.3,290,13:21
"		108",서울,2016-10-27,1.9,4,50,10:00,7.4,50,9:49
"		108",서울,2016-10-28,2.5,5.6,320,22:32,10.4,290,22:24
"		108",서울,2016-10-29,3,5.7,320,3:23,11.2,320,3:14
"		108",서울,2016-10-30,1.5,2.7,270,0:54,4.7,160,13:08
"		108",서울,2016-10-31,2,4.9,290,14:54,8.5,270,14:48
"		108",서울,2017-05-01,1.9,4.7,270,16:53,7.1,290,17:47
"		108",서울,2017-05-02,2.1,4.5,270,18:04,7.2,230,19:24
"		108",서울,2017-05-03,2,7.4,270,18:05,10.1,270,17:56
"		108",서울,2017-05-04,2,5.4,270,19:51,8.2,270,19:49
"		108",서울,2017-05-05,3.2,6.9,270,16:52,11.8,200,18:37
"		108",서울,2017-05-06,3.8,8.1,250,13:40,14.8,270,13:38
"		108",서울,2017-05-07,3.2,6.5,250,16:19,11.7,270,13:20
"		108",서울,2017-05-08,2.1,4.4,250,13:53,7.4,180,12:31
"		108",서울,2017-05-09,1.6,3.9,70,14:10,7.1,50,14:23
"		108",서울,2017-05-10,2.5,5.8,270,17:38,8.6,270,17:37
"		108",서울,2017-05-11,1.8,4.3,200,15:06,6.5,180,14:58
"		108",서울,2017-05-12,2.1,5,230,16:16,8.6,250,13:41
"		108",서울,2017-05-13,3.1,8.5,230,15:07,15.7,180,15:03
"		108",서울,2017-05-14,3.7,6.7,270,12:10,12.1,270,12:30
"		108",서울,2017-05-15,2.8,4.8,270,16:06,7.6,270,10:53
"		108",서울,2017-05-16,2,4.2,270,15:38,7.2,180,16:49
"		108",서울,2017-05-17,2.1,5.4,270,18:37,7.9,270,18:37
"		108",서울,2017-05-18,2.3,5.5,250,13:39,8.9,270,14:35
"		108",서울,2017-05-19,2.6,5.5,290,16:51,9.1,250,13:11
"		108",서울,2017-05-20,2.4,5.7,270,15:32,8.6,290,15:32
"		108",서울,2017-05-21,2.3,4.7,250,14:23,8.3,230,15:29
"		108",서울,2017-05-22,2,5,290,19:02,7.8,320,19:00
"		108",서울,2017-05-23,1.9,4.4,230,14:56,8,250,16:16
"		108",서울,2017-05-24,2,4.6,290,16:16,7.6,320,15:11
"		108",서울,2017-05-25,3.4,7,290,14:12,11.8,290,14:06
"		108",서울,2017-05-26,2.9,5.3,290,8:17,8.2,290,15:05
"		108",서울,2017-05-27,2.2,4.9,270,17:20,8,290,12:56
"		108",서울,2017-05-28,2.7,5.4,230,14:43,9.3,200,13:55
"		108",서울,2017-05-29,2.3,5.3,270,14:01,8.3,320,13:53
"		108",서울,2017-05-30,2.4,5.4,230,14:53,9.6,230,14:48
"		108",서울,2017-05-31,1.9,4.8,290,18:15,7.4,270,18:04
"		108",서울,2017-06-01,3.1,6.2,270,15:38,12.1,250,18:58
"		108",서울,2017-06-02,2.8,5.2,250,17:16,8.3,250,15:59
"		108",서울,2017-06-03,3,6.2,230,17:02,9.6,270,16:24
"		108",서울,2017-06-04,2.6,5.6,270,16:56,9.7,320,12:43
"		108",서울,2017-06-05,1.9,4,70,23:38,7.9,90,23:34
"		108",서울,2017-06-06,2.5,5,90,19:09,8.8,90,19:00
"		108",서울,2017-06-07,2.4,4.6,270,15:34,8.9,290,18:42
"		108",서울,2017-06-08,2.8,5.5,250,16:02,8.9,320,13:54
"		108",서울,2017-06-09,3.3,6.4,200,14:23,10.1,200,14:39
"		108",서울,2017-06-10,2.3,4,320,13:44,7.2,290,13:40
"		108",서울,2017-06-11,2.2,5.5,290,13:39,10.8,70,22:33
"		108",서울,2017-06-12,2.8,4.9,270,17:12,7.6,50,4:44
"		108",서울,2017-06-13,2.4,6.1,270,16:21,10.2,270,15:59
"		108",서울,2017-06-14,2.8,5.4,270,15:27,8.5,270,14:20
"		108",서울,2017-06-15,2.5,5.4,230,15:20,8.7,230,15:25
"		108",서울,2017-06-16,2.2,4.6,230,17:27,7.4,290,16:28
"		108",서울,2017-06-17,2.4,5,290,16:40,8.2,320,17:06
"		108",서울,2017-06-18,2.3,5.3,270,16:17,8,270,15:43
"		108",서울,2017-06-19,1.8,4.2,250,12:38,7.2,290,14:19
"		108",서울,2017-06-20,2.1,5,270,15:41,7.5,230,15:21
"		108",서울,2017-06-21,2.9,6.3,230,15:05,9.7,230,15:00
"		108",서울,2017-06-22,2.5,4.9,250,14:03,8.2,250,14:01
"		108",서울,2017-06-23,2,5.7,270,16:53,9.2,290,17:01
"		108",서울,2017-06-24,1.2,5.2,290,16:06,8.3,320,15:59
"		108",서울,2017-06-25,1.5,3.6,320,19:00,7.2,290,18:57
"		108",서울,2017-06-26,2.2,6.4,180,16:33,10,180,16:32
"		108",서울,2017-06-27,2.2,4.3,230,16:30,7.4,320,16:21
"		108",서울,2017-06-28,2.1,4.6,270,15:37,8.1,290,15:30
"		108",서울,2017-06-29,2.2,4.7,270,18:17,7.1,270,17:52
"		108",서울,2017-06-30,2.2,4.3,270,16:11,7,320,13:45
"		108",서울,2017-07-01,2,4.6,200,16:12,7.1,200,16:05
"		108",서울,2017-07-02,2.5,7.3,290,20:35,13.3,270,20:27
"		108",서울,2017-07-03,3.5,6.2,230,3:59,12.2,230,3:10
"		108",서울,2017-07-04,2,4.9,270,15:39,7.6,270,15:32
"		108",서울,2017-07-05,1.5,4.1,270,18:01,6.7,270,17:58
"		108",서울,2017-07-06,1.7,5.3,160,18:02,9.8,160,17:57
"		108",서울,2017-07-07,2,4.8,180,17:36,7.9,180,19:50
"		108",서울,2017-07-08,2.6,5,200,7:12,9.3,180,7:11
"		108",서울,2017-07-09,1,3.1,160,13:20,5.9,20,15:54
"		108",서울,2017-07-10,2.3,5.9,230,14:04,11.5,230,13:55
"		108",서울,2017-07-11,2.1,4.4,230,17:07,6.7,250,17:03
"		108",서울,2017-07-12,2.3,4.6,270,17:38,7.2,250,17:31
"		108",서울,2017-07-13,1.5,4,250,15:31,7.2,140,15:29
"		108",서울,2017-07-14,2.1,6,230,16:07,10.1,200,16:06
"		108",서울,2017-07-15,2.2,5.2,230,16:18,8.9,230,16:13
"		108",서울,2017-07-16,1.4,4.3,230,16:15,7,230,16:12
"		108",서울,2017-07-17,2,4.3,250,13:44,7.4,290,13:44
"		108",서울,2017-07-18,1.6,3.5,290,16:29,6.1,270,16:28
"		108",서울,2017-07-19,1.8,4.6,270,16:23,7.2,290,16:50
"		108",서울,2017-07-20,2.2,4.8,290,16:28,7.4,270,16:06
"		108",서울,2017-07-21,2.5,3.9,230,2:46,6.9,230,1:00
"		108",서울,2017-07-22,2.3,4,230,14:54,7.1,270,15:20
"		108",서울,2017-07-23,2.1,4.1,270,17:16,6.6,270,17:15
"		108",서울,2017-07-24,1.2,2.7,50,14:51,4.4,70,14:50
"		108",서울,2017-07-25,1.9,4.6,70,21:26,9.1,70,20:26
"		108",서울,2017-07-26,2.7,4.8,90,9:06,8.3,110,12:06
"		108",서울,2017-07-27,1.9,3.6,90,9:31,5.7,90,7:26
"		108",서울,2017-07-28,1.5,3.1,70,22:08,5.4,50,22:07
"		108",서울,2017-07-29,2.3,3.9,70,10:00,7.7,50,10:00
"		108",서울,2017-07-30,1.9,4.2,290,17:47,7.8,200,0:13
"		108",서울,2017-07-31,1.4,3.5,200,16:30,5.9,110,13:15
"		108",서울,2017-08-01,1.7,3.3,50,7:34,6.3,50,9:01
"		108",서울,2017-08-02,1.3,2.5,340,14:58,4.5,70,8:43
"		108",서울,2017-08-03,2.2,4.3,140,12:36,6.9,140,16:08
"		108",서울,2017-08-04,2.1,4.6,340,18:53,8.2,340,18:51
"		108",서울,2017-08-05,1.9,5.3,290,15:17,8.5,290,14:28
"		108",서울,2017-08-06,1.9,4.6,160,10:24,9.8,180,10:16
"		108",서울,2017-08-07,2.4,5.3,290,16:48,8.1,290,18:36
"		108",서울,2017-08-08,1.9,5,290,14:34,7.8,290,14:38
"		108",서울,2017-08-09,2.3,4,90,16:40,7.2,110,16:37
"		108",서울,2017-08-10,2,3.4,70,10:55,6.5,70,10:57
"		108",서울,2017-08-11,2.3,4.1,50,9:47,7.9,50,9:44
"		108",서울,2017-08-12,2.1,3.9,90,9:25,6.6,70,4:03
"		108",서울,2017-08-13,2.8,5,50,23:04,8.8,50,23:00
"		108",서울,2017-08-14,3.6,5.7,70,16:51,10,50,16:50
"		108",서울,2017-08-15,3.6,5.5,70,19:34,9.5,70,19:33
"		108",서울,2017-08-16,3.7,5.1,70,9:36,8.4,50,0:22
"		108",서울,2017-08-17,2.1,3.9,70,1:33,6.9,70,1:53
"		108",서울,2017-08-18,1.3,3.7,290,17:42,6.3,290,17:37
"		108",서울,2017-08-19,2,3.3,70,8:32,5.9,70,8:50
"		108",서울,2017-08-20,2.9,4.7,70,5:48,8,70,18:09
"		108",서울,2017-08-21,2.4,5.3,230,16:57,8.1,230,16:51
"		108",서울,2017-08-22,1.9,3.7,230,15:16,6.3,200,15:13
"		108",서울,2017-08-23,2.6,6.2,230,16:20,11.4,200,23:51
"		108",서울,2017-08-24,4,7.7,200,13:04,15.3,230,12:34
"		108",서울,2017-08-25,1.7,5,270,18:49,8.3,290,18:49
"		108",서울,2017-08-26,2,4.9,320,16:03,8.2,290,15:21
"		108",서울,2017-08-27,1.4,2.6,50,11:06,5.9,90,11:26
"		108",서울,2017-08-28,1.5,4.4,70,19:00,8.4,20,16:46
"		108",서울,2017-08-29,3.2,5.3,340,7:58,8.4,360,8:03
"		108",서울,2017-08-30,1.5,4.5,320,2:46,6.5,340,2:45
"		108",서울,2017-08-31,1.6,4.1,340,16:01,6.8,20,13:56
"		108",서울,2017-09-01,2.2,4.4,340,20:09,7.8,90,9:05
"		108",서울,2017-09-02,1.8,4.2,270,18:37,6.2,270,18:32
"		108",서울,2017-09-03,1.6,3.3,290,17:33,5.5,290,17:28
"		108",서울,2017-09-04,1.6,3.2,180,16:58,6.6,200,16:58
"		108",서울,2017-09-05,1.7,3.3,160,17:58,5.8,20,11:09
"		108",서울,2017-09-06,1.2,2.8,290,21:47,4.3,290,13:26
"		108",서울,2017-09-07,1.4,3.7,290,19:24,6.4,250,17:56
"		108",서울,2017-09-08,1.7,3.9,290,14:34,6.7,290,14:25
"		108",서울,2017-09-09,1.4,3.6,320,15:16,6,290,15:39
"		108",서울,2017-09-10,1.4,2.7,70,9:32,5.4,20,14:55
"		108",서울,2017-09-11,1.7,3.9,70,5:00,7.6,50,9:17
"		108",서울,2017-09-12,1.9,4.8,290,15:01,7.7,290,16:54
"		108",서울,2017-09-13,1.9,4.2,270,14:38,7,270,14:32
"		108",서울,2017-09-14,1.7,3.2,70,22:47,5.8,50,22:45
"		108",서울,2017-09-15,3.6,5.9,90,9:57,10.4,70,9:49
"		108",서울,2017-09-16,3.6,5.7,110,13:06,11.3,110,13:05
"		108",서울,2017-09-17,2.7,5,340,17:36,8.8,90,3:08
"		108",서울,2017-09-18,2.1,4.7,270,16:40,7.9,320,16:38
"		108",서울,2017-09-19,3,6.8,230,20:14,12.1,250,20:33
"		108",서울,2017-09-20,2.4,5,290,12:14,9,270,12:07
"		108",서울,2017-09-21,1.6,3,200,14:30,5.5,50,9:05
"		108",서울,2017-09-22,2.1,4.4,230,17:07,7.7,250,16:48
"		108",서울,2017-09-23,1.6,3.7,200,18:02,6.6,180,14:27
"		108",서울,2017-09-24,2,4.6,270,16:43,7.3,320,20:26
"		108",서울,2017-09-25,1.4,3,70,8:40,5.3,50,13:15
"		108",서울,2017-09-26,1.9,3.3,50,10:16,5.7,70,7:04
"		108",서울,2017-09-27,1.7,4.3,290,11:59,7.5,50,19:53
"		108",서울,2017-09-28,2.8,6,270,16:54,11.6,250,17:12
"		108",서울,2017-09-29,2.2,5.4,270,14:33,8.8,250,15:28
"		108",서울,2017-09-30,1.5,3.9,200,15:11,7.1,200,15:06
"		108",서울,2017-10-01,2.3,4.3,70,23:19,8.5,50,21:02
"		108",서울,2017-10-02,2.3,5.8,340,20:50,9.6,360,20:57
"		108",서울,2017-10-03,2.3,5.4,290,1:18,8.2,320,1:14
"		108",서울,2017-10-04,1.8,4.4,320,17:59,7.2,290,17:55
"		108",서울,2017-10-05,2.1,3.4,70,7:12,6.6,110,12:33
"		108",서울,2017-10-06,2.3,4.4,70,13:12,8.4,70,12:39
"		108",서울,2017-10-07,1.2,2.9,290,18:23,6.4,50,15:04
"		108",서울,2017-10-08,1.4,3.6,290,16:21,6.2,290,16:19
"		108",서울,2017-10-09,1.5,3,230,16:21,5.2,270,16:21
"		108",서울,2017-10-10,1.3,3.8,200,23:13,7.5,230,23:04
"		108",서울,2017-10-11,2.9,5.5,270,1:49,10.5,270,1:20
"		108",서울,2017-10-12,2,4.5,290,23:05,7.8,290,23:13
"		108",서울,2017-10-13,3.2,6.9,340,22:02,11.8,270,18:06
"		108",서울,2017-10-14,,,,,,,
"		108",서울,2017-10-15,1.7,3.8,50,10:29,7.7,70,10:51
"		108",서울,2017-10-16,1.7,3.9,320,18:52,6.7,320,19:12
"		108",서울,2017-10-17,1.3,3.1,50,10:07,4.9,70,23:50
"		108",서울,2017-10-18,2.4,3.8,70,15:08,6.9,90,15:04
"		108",서울,2017-10-19,1.8,3.4,70,1:16,6.1,90,13:25
"		108",서울,2017-10-20,1.5,3.5,290,14:24,6.4,200,13:27
"		108",서울,2017-10-21,1.3,3.5,270,14:28,6.4,270,14:28
"		108",서울,2017-10-22,3.1,7.2,50,14:36,12.9,50,14:53
"		108",서울,2017-10-23,1.4,3.2,20,0:02,6.6,50,0:22
"		108",서울,2017-10-24,1.9,3.3,290,20:35,5.4,50,5:40
"		108",서울,2017-10-25,1.5,3.7,270,13:41,7.7,270,13:34
"		108",서울,2017-10-26,1.2,3.2,290,18:25,6.2,290,18:18
"		108",서울,2017-10-27,1.2,2.9,290,18:52,5.3,290,19:46
"		108",서울,2017-10-28,2,5.1,320,20:36,8.4,340,20:41
"		108",서울,2017-10-29,3.3,7.6,270,16:44,12.9,250,16:35
"		108",서울,2017-10-30,2.4,4.8,320,0:04,8,320,0:03
"		108",서울,2017-10-31,1.8,4.4,270,14:12,8.3,230,13:36
"		108",서울,2018-05-01,1.5,4,340,12:16,6.8,340,14:13
"		108",서울,2018-05-02,1.9,5.2,290,19:20,10.3,270,20:30
"		108",서울,2018-05-03,2.7,5.3,270,10:06,10.6,290,15:17
"		108",서울,2018-05-04,2.7,5.9,270,13:10,11.9,250,17:04
"		108",서울,2018-05-05,2.6,4.8,200,14:57,9.3,180,15:52
"		108",서울,2018-05-06,1.1,3.9,230,0:05,6.8,230,0:10
"		108",서울,2018-05-07,1.2,3.7,290,17:19,6.2,290,16:47
"		108",서울,2018-05-08,1.7,2.7,70,11:53,7.8,70,21:35
"		108",서울,2018-05-09,1.7,3.6,290,17:50,7,320,15:01
"		108",서울,2018-05-10,2.3,5.4,290,15:18,8.7,290,14:29
"		108",서울,2018-05-11,1.8,3.5,290,14:57,7.1,340,14:11
"		108",서울,2018-05-12,0.9,2.9,270,23:26,6.3,180,17:14
"		108",서울,2018-05-13,1.9,3.9,270,15:38,7.8,270,15:33
"		108",서울,2018-05-14,1.4,3.4,270,16:11,7.2,290,16:10
"		108",서울,2018-05-15,1.1,3.4,200,17:38,7,230,17:38
"		108",서울,2018-05-16,1.9,6.1,200,11:22,12,230,11:15
"		108",서울,2018-05-17,1.4,8,290,3:23,13.4,270,3:16
"		108",서울,2018-05-18,1.3,2.7,20,18:14,7,20,20:08
"		108",서울,2018-05-19,1.5,2.9,50,0:42,7.3,20,1:30
"		108",서울,2018-05-20,1.4,2.8,110,16:10,8.7,50,17:24
"		108",서울,2018-05-21,1.4,3.5,160,10:16,7.2,140,10:12
"		108",서울,2018-05-22,1.1,3.1,290,14:45,5.7,270,14:53
"		108",서울,2018-05-23,2.5,5,290,18:23,8.6,250,18:09
"		108",서울,2018-05-24,2.2,5.4,200,11:56,10.3,180,11:54
"		108",서울,2018-05-25,1.8,4.5,290,16:32,8.6,200,13:21
"		108",서울,2018-05-26,1.4,4,270,16:52,7.7,320,16:59
"		108",서울,2018-05-27,1.7,4.1,290,13:56,6.9,290,13:54
"		108",서울,2018-05-28,1.6,4.3,320,16:51,7.9,320,16:35
"		108",서울,2018-05-29,1.8,4.4,320,15:37,9.3,290,19:25
"		108",서울,2018-05-30,1.9,4.4,290,13:42,8.1,290,13:22
"		108",서울,2018-05-31,1.9,3.6,320,20:42,6.8,290,16:14
"		108",서울,2018-06-01,1.9,4.3,290,17:00,8.2,290,13:21
"		108",서울,2018-06-02,2,4.5,290,17:17,7.6,270,17:15
"		108",서울,2018-06-03,1.6,4.2,270,17:03,8,320,16:55
"		108",서울,2018-06-04,1.9,4.4,270,14:15,8.1,270,14:12
"		108",서울,2018-06-05,1.7,4,290,14:40,7.1,320,15:45
"		108",서울,2018-06-06,2,4,290,16:13,7.4,250,13:19
"		108",서울,2018-06-07,2,4.1,320,17:34,7.3,340,17:22
"		108",서울,2018-06-08,2.1,3.7,320,11:21,6.4,290,11:13
"		108",서울,2018-06-09,1.4,3.5,160,13:21,6.5,50,12:12
"		108",서울,2018-06-10,1.4,2.9,110,8:42,7.1,90,8:34
"		108",서울,2018-06-11,1.4,4.3,340,16:47,7.7,340,16:39
"		108",서울,2018-06-12,1.7,4.7,320,18:27,8.3,290,17:17
"		108",서울,2018-06-13,1.5,5.1,320,17:37,9.5,290,17:38
"		108",서울,2018-06-14,1.1,3.7,290,4:52,6.5,290,4:51
"		108",서울,2018-06-15,1.4,2.7,110,12:49,7.2,50,14:23
"		108",서울,2018-06-16,1.4,2.8,270,15:09,5.6,320,16:31
"		108",서울,2018-06-17,1.3,3.9,320,17:07,6.7,320,17:33
"		108",서울,2018-06-18,1.5,4,320,16:56,7.4,290,16:07
"		108",서울,2018-06-19,1.8,3.6,270,19:48,7.7,180,16:02
"		108",서울,2018-06-20,2.3,4.2,270,20:11,8,320,15:22
"		108",서울,2018-06-21,2.2,4.4,320,12:35,9.3,320,12:59
"		108",서울,2018-06-22,1.8,4.3,320,17:29,7.8,20,15:34
"		108",서울,2018-06-23,2,4.4,290,13:19,8,340,13:19
"		108",서울,2018-06-24,1.9,3.7,270,14:55,6.8,290,13:55
"		108",서울,2018-06-25,1.2,3.2,320,15:32,5.9,200,13:00
"		108",서울,2018-06-26,2.4,5.7,200,17:48,10.5,160,17:46
"		108",서울,2018-06-27,2,4.5,230,0:30,8,200,0:30
"		108",서울,2018-06-28,1.1,4.3,200,15:10,7.9,200,16:03
"		108",서울,2018-06-29,1.5,3.2,290,14:54,6.2,290,14:07
"		108",서울,2018-06-30,0.9,5.1,200,18:13,9.4,160,18:05
"		108",서울,2018-07-01,0.8,2.3,270,9:31,5.3,70,11:49
"		108",서울,2018-07-02,0.7,2.9,160,19:07,6,160,2:05
"		108",서울,2018-07-03,0.8,2.6,50,17:04,6.9,50,18:41
"		108",서울,2018-07-04,1.7,3.9,290,16:34,7.3,320,17:02
"		108",서울,2018-07-05,1.2,3,320,13:47,6.8,110,22:17
"		108",서울,2018-07-06,1.8,3.4,50,15:10,8.3,320,15:03
"		108",서울,2018-07-07,1.6,2.3,50,12:57,7.1,90,9:05
"		108",서울,2018-07-08,1.5,2.8,140,22:52,6.8,290,8:01
"		108",서울,2018-07-09,1.1,1.8,90,2:33,6,20,22:01
"		108",서울,2018-07-10,0.7,1.6,50,14:13,4.3,20,12:49
"		108",서울,2018-07-11,1.3,3.9,250,15:08,8.4,290,18:30
"		108",서울,2018-07-12,1.5,3.6,290,16:13,6.8,270,12:36
"		108",서울,2018-07-13,1.8,3.4,320,18:39,6.2,320,18:33
"		108",서울,2018-07-14,1.9,4.2,200,16:43,7.6,200,16:29
"		108",서울,2018-07-15,1.6,3.7,290,17:07,6.5,290,16:44
"		108",서울,2018-07-16,1.7,3.6,320,12:47,6.8,290,14:13
"		108",서울,2018-07-17,1.7,4.1,270,13:39,7.6,270,13:33
"		108",서울,2018-07-18,1.6,4.1,320,16:11,7.9,290,14:30
"		108",서울,2018-07-19,1.6,3.2,290,15:17,6.9,340,17:48
"		108",서울,2018-07-20,1.5,3.3,320,12:37,6.3,270,11:34
"		108",서울,2018-07-21,1.5,3.6,270,16:50,6.9,230,17:07
"		108",서울,2018-07-22,1.4,3.7,290,18:36,6.2,290,18:27
"		108",서울,2018-07-23,1.8,4,320,19:22,7.1,270,19:17
"		108",서울,2018-07-24,1.6,4,290,18:21,6.5,270,18:12
"		108",서울,2018-07-25,2.4,3.8,180,10:58,7.4,180,6:46
"		108",서울,2018-07-26,1.5,3.4,270,21:10,6,270,16:14
"		108",서울,2018-07-27,1.9,3.7,270,19:33,6.7,270,16:11
"		108",서울,2018-07-28,1.2,3.6,270,15:55,6.5,110,14:12
"		108",서울,2018-07-29,1.2,2.9,360,12:59,7.4,50,15:28
"		108",서울,2018-07-30,1.2,2.4,50,9:17,6.6,70,9:37
"		108",서울,2018-07-31,1.5,3.6,320,22:10,6.9,290,22:06
"		108",서울,2018-08-01,1.7,4,270,18:02,7.1,20,12:46
"		108",서울,2018-08-02,1.6,3.2,320,16:33,7,320,16:32
"		108",서울,2018-08-03,1.9,4.2,320,15:23,7.3,320,14:54
"		108",서울,2018-08-04,2.4,4.6,290,14:37,8.3,270,12:59
"		108",서울,2018-08-05,2.6,4.9,270,13:56,9,290,14:11
"		108",서울,2018-08-06,1.6,4.4,290,14:47,7.6,290,14:28
"		108",서울,2018-08-07,1.5,3.7,290,17:33,6.9,290,18:10
"		108",서울,2018-08-08,2.1,4.6,290,14:21,8.2,270,14:14
"		108",서울,2018-08-09,1.5,4.2,340,17:03,7.6,20,15:58
"		108",서울,2018-08-10,1.4,3.6,320,17:16,7.2,320,18:04
"		108",서울,2018-08-11,1.5,3.3,180,19:12,6,180,15:58
"		108",서울,2018-08-12,1.5,3.7,180,11:06,6.9,180,13:37
"		108",서울,2018-08-13,1.4,3.2,320,12:19,6.4,290,17:52
"		108",서울,2018-08-14,1.3,4,320,17:28,7.9,290,16:36
"		108",서울,2018-08-15,1.2,5.8,320,16:41,9.7,320,16:27
"		108",서울,2018-08-16,1.7,3,110,11:08,8.6,90,11:50
"		108",서울,2018-08-17,1.8,3.5,160,16:48,8.7,290,5:37
"		108",서울,2018-08-18,1.4,3.8,160,9:25,7.1,180,9:25
"		108",서울,2018-08-19,1.2,3.3,270,19:16,6.9,160,18:09
"		108",서울,2018-08-20,2,5.1,180,23:16,11,200,23:22
"		108",서울,2018-08-21,2.5,7.1,180,3:56,17.8,160,3:56
"		108",서울,2018-08-22,1.1,3.2,140,20:45,7.4,70,12:02
"		108",서울,2018-08-23,1.7,2.8,20,14:46,8,20,16:49
"		108",서울,2018-08-24,2.5,4.2,250,16:26,8,230,18:18
"		108",서울,2018-08-25,2.6,5.3,200,15:12,9.7,200,15:05
"		108",서울,2018-08-26,1.2,3.8,180,12:48,6.6,180,12:58
"		108",서울,2018-08-27,0.8,2.1,70,11:13,6,90,13:49
"		108",서울,2018-08-28,0.9,3.7,360,20:04,7.3,340,19:59
"		108",서울,2018-08-29,2.4,4.5,230,12:18,9.7,180,4:42
"		108",서울,2018-08-30,1.8,3.7,290,15:28,7.7,270,15:24
"		108",서울,2018-08-31,1.6,3.7,290,15:50,7.2,290,12:17
"		108",서울,2018-09-01,1.3,2.3,70,8:56,7.4,20,12:19
"		108",서울,2018-09-02,1.5,2.8,140,20:35,6.4,160,20:30
"		108",서울,2018-09-03,1,5.5,290,16:53,9.4,290,16:48
"		108",서울,2018-09-04,2.2,5.2,270,18:45,10.1,250,18:38
"		108",서울,2018-09-05,2.5,5.7,270,14:24,10.8,270,13:28
"		108",서울,2018-09-06,2,5,200,22:44,11.1,270,22:39
"		108",서울,2018-09-07,2.5,4.3,290,15:01,8.2,200,1:17
"		108",서울,2018-09-08,1.7,3.9,340,0:08,8,320,14:36
"		108",서울,2018-09-09,1.2,2.8,160,12:44,6.5,160,23:07
"		108",서울,2018-09-10,1.6,2.7,70,21:23,6.9,110,19:27
"		108",서울,2018-09-11,1.5,2.4,70,13:23,6.8,70,11:19
"		108",서울,2018-09-12,1.4,3.2,180,15:19,6,90,12:27
"		108",서울,2018-09-13,1.2,2.4,160,16:07,5.6,20,12:02
"		108",서울,2018-09-14,1.3,2.6,140,13:42,6.5,70,14:45
"		108",서울,2018-09-15,1,2.4,270,20:32,5,70,9:20
"		108",서울,2018-09-16,1.7,3.7,270,17:20,6.1,320,19:03
"		108",서울,2018-09-17,1.9,3.8,320,12:57,7,270,14:07
"		108",서울,2018-09-18,1.2,3.4,270,16:16,7.2,290,14:49
"		108",서울,2018-09-19,1,2.9,230,20:48,5.5,160,23:07
"		108",서울,2018-09-20,1.8,2.9,90,13:24,7.6,90,11:13
"		108",서울,2018-09-21,1.3,2.3,90,0:34,6.5,50,10:37
"		108",서울,2018-09-22,1.8,5.3,270,13:19,9.9,270,13:12
"		108",서울,2018-09-23,1.6,4.3,270,16:06,8.7,270,15:35
"		108",서울,2018-09-24,2.1,4.4,320,14:03,10,290,12:34
"		108",서울,2018-09-25,1.1,2.2,90,14:54,6,360,11:53
"		108",서울,2018-09-26,1.7,2.7,70,9:54,6.6,70,14:05
"		108",서울,2018-09-27,1.3,2.4,50,9:46,7.6,90,23:31
"		108",서울,2018-09-28,1.2,2.1,70,0:50,6.3,70,1:46
"		108",서울,2018-09-29,1,2.4,50,11:31,5.7,50,11:29
"		108",서울,2018-09-30,2.3,5.5,270,14:42,10.3,290,14:19
"		108",서울,2018-10-01,2.9,6.1,270,11:33,11.7,250,11:25
"		108",서울,2018-10-02,1.6,4.1,270,11:06,7,290,11:01
"		108",서울,2018-10-03,1.3,4,270,13:16,7.1,50,14:09
"		108",서울,2018-10-04,1.3,2.4,70,23:39,6.2,70,23:45
"		108",서울,2018-10-05,1.7,3.2,70,22:14,7.6,70,21:51
"		108",서울,2018-10-06,2.2,5.3,320,13:02,9.5,340,12:53
"		108",서울,2018-10-07,1.7,3.6,270,17:33,6.6,290,17:03
"		108",서울,2018-10-08,1.1,2.7,320,20:58,5.7,340,13:43
"		108",서울,2018-10-09,1.1,2.7,140,16:25,6.4,160,16:42
"		108",서울,2018-10-10,2.5,4.7,290,13:08,9.6,340,11:42
"		108",서울,2018-10-11,2.1,5.6,320,11:09,11.2,320,11:03
"		108",서울,2018-10-12,1.3,3.2,180,15:19,6.1,270,11:02
"		108",서울,2018-10-13,1,2.9,200,14:20,5.6,160,13:09
"		108",서울,2018-10-14,1.5,3.1,270,17:22,5.8,270,15:26
"		108",서울,2018-10-15,1.4,3.5,270,16:19,5.9,320,16:18
"		108",서울,2018-10-16,1.3,3,290,14:46,5.9,270,13:50
"		108",서울,2018-10-17,1.3,3.6,290,12:05,7.5,290,13:31
"		108",서울,2018-10-18,1.1,2.7,70,14:15,7.3,50,12:57
"		108",서울,2018-10-19,1.4,3.8,290,14:33,6.6,290,15:28
"		108",서울,2018-10-20,1.2,3,270,17:24,5.6,290,17:19
"		108",서울,2018-10-21,1.1,2.9,290,15:54,5.7,320,13:58
"		108",서울,2018-10-22,1,2.6,200,15:27,5.1,180,14:48
"		108",서울,2018-10-23,1.1,5,360,10:57,9.3,320,10:53
"		108",서울,2018-10-24,1.3,3.4,290,14:33,6.6,290,15:03
"		108",서울,2018-10-25,0.9,1.6,50,3:48,3.9,70,14:17
"		108",서울,2018-10-26,1.6,5.4,290,19:59,10.1,290,19:56
"		108",서울,2018-10-27,3.2,5.8,270,16:58,11.2,290,12:23
"		108",서울,2018-10-28,1.5,5.9,290,16:23,13.8,270,16:14
"		108",서울,2018-10-29,2,5.3,290,14:24,10.4,250,17:00
"		108",서울,2018-10-30,1.6,3.5,270,15:26,7.3,320,12:23
"		108",서울,2018-10-31,1.6,4.1,270,13:26,7.3,320,11:06
"		108",서울,2019-05-01,2.3,4.8,230,14:51,10.8,250,14:34
"		108",서울,2019-05-02,2.3,5.1,290,16:00,9.7,290,16:48
"		108",서울,2019-05-03,1.6,4.4,270,15:09,9.1,270,15:25
"		108",서울,2019-05-04,1.7,4.1,290,18:10,7.4,290,16:55
"		108",서울,2019-05-05,2.2,5.3,290,15:43,10.6,290,15:16
"		108",서울,2019-05-06,3.1,5.3,340,6:38,10.2,270,17:28
"		108",서울,2019-05-07,2.3,5,250,16:02,10.9,160,14:21
"		108",서울,2019-05-08,2.3,5.1,270,18:09,8.8,200,14:50
"		108",서울,2019-05-09,2.2,4.5,250,12:54,9.5,270,16:34
"		108",서울,2019-05-10,1.9,4.1,270,17:20,7.8,290,17:18
"		108",서울,2019-05-11,1.8,3.9,250,14:57,7.3,290,15:20
"		108",서울,2019-05-12,1.5,3.1,180,14:57,6.6,180,15:46
"		108",서울,2019-05-13,1.6,4.9,290,18:33,8.6,340,18:52
"		108",서울,2019-05-14,1.6,4.1,320,16:31,8.1,320,16:31
"		108",서울,2019-05-15,1.7,3.9,320,16:37,6.9,270,16:59
"		108",서울,2019-05-16,1.5,4.1,290,15:33,7.3,290,13:50
"		108",서울,2019-05-17,1.2,3.2,200,17:12,5.6,20,11:18
"		108",서울,2019-05-18,2.1,4.8,160,12:54,9.9,160,10:58
"		108",서울,2019-05-19,1.2,2.7,110,0:31,6.4,110,0:27
"		108",서울,2019-05-20,3.4,6.1,230,12:13,12.3,290,13:49
"		108",서울,2019-05-21,2.9,5.9,230,15:02,12,230,14:24
"		108",서울,2019-05-22,2.4,5.4,200,13:20,10.2,200,12:39
"		108",서울,2019-05-23,1.7,3.5,270,16:36,7.9,290,16:45
"		108",서울,2019-05-24,1.7,4.1,270,19:37,7,290,20:30
"		108",서울,2019-05-25,1.6,4.2,270,13:53,8.3,180,14:46
"		108",서울,2019-05-26,1.8,4.5,270,18:11,8.5,270,17:26
"		108",서울,2019-05-27,2.4,5.3,200,13:56,11.1,230,13:40
"		108",서울,2019-05-28,2.6,4.9,270,15:58,11.6,320,19:31
"		108",서울,2019-05-29,2,4.9,290,15:41,9.5,180,13:25
"		108",서울,2019-05-30,2.4,5.4,230,23:13,10.3,250,23:08
"		108",서울,2019-05-31,2.8,5.4,270,15:21,9.9,360,14:11
"		108",서울,2019-06-01,1.9,4.2,200,12:15,8.2,200,11:53
"		108",서울,2019-06-02,1.7,4.6,270,15:59,8,270,15:57
"		108",서울,2019-06-03,1.8,5,290,11:52,9.9,320,11:50
"		108",서울,2019-06-04,2.2,4.4,270,14:31,9.1,290,14:30
"		108",서울,2019-06-05,1.8,4.3,270,15:20,7.5,270,15:31
"		108",서울,2019-06-06,1.2,4.1,50,18:38,8.5,50,18:31
"		108",서울,2019-06-07,1.9,3.5,90,6:02,8.7,70,12:24
"		108",서울,2019-06-08,1.4,4,270,15:40,7.7,270,16:28
"		108",서울,2019-06-09,1.8,4,270,16:08,7.7,70,20:57
"		108",서울,2019-06-10,1.6,2.4,70,13:24,6.4,140,24:00:00
"		108",서울,2019-06-11,1.4,3,320,21:42,7.1,90,1:37
"		108",서울,2019-06-12,1.8,4.6,290,15:29,8.2,290,15:05
"		108",서울,2019-06-13,1.7,4,270,19:24,7,290,15:07
"		108",서울,2019-06-14,1.8,4.2,290,15:41,7.3,340,19:11
"		108",서울,2019-06-15,2.4,5.3,270,16:43,9.7,270,17:43
"		108",서울,2019-06-16,1.6,4.7,320,18:52,8.3,290,15:53
"		108",서울,2019-06-17,2.3,4.1,270,16:28,7.9,270,15:54
"		108",서울,2019-06-18,1.5,4,270,19:09,7.4,270,19:07
"		108",서울,2019-06-19,1.9,4.1,270,21:17,7.7,270,21:11
"		108",서울,2019-06-20,1.9,4.2,290,18:06,7.7,250,17:25
"		108",서울,2019-06-21,1.7,3.7,270,16:26,6.9,290,17:07
"		108",서울,2019-06-22,1.5,2.9,290,16:11,6.8,20,19:30
"		108",서울,2019-06-23,1.8,4.4,290,18:07,8.3,320,17:58
"		108",서울,2019-06-24,2,4.1,290,19:09,8.1,270,15:47
"		108",서울,2019-06-25,1.6,4.2,270,16:35,7.7,270,16:26
"		108",서울,2019-06-26,1.3,3.1,160,14:47,7.9,90,15:19
"		108",서울,2019-06-27,1.4,3.5,270,17:01,7.1,270,15:35
"		108",서울,2019-06-28,1.7,3.8,270,17:44,6.8,270,16:47
"		108",서울,2019-06-29,1.2,3.2,160,14:10,6.2,160,14:16
"		108",서울,2019-06-30,2.3,4.5,200,15:00,8,180,16:25
"		108",서울,2019-07-01,2.3,5.2,290,19:27,8.8,340,19:25
"		108",서울,2019-07-02,2.3,4.3,320,19:02,8.3,200,16:00
"		108",서울,2019-07-03,1.7,3.8,270,19:06,6.5,270,17:55
"		108",서울,2019-07-04,1.9,4.5,270,15:00,8.6,270,14:53
"		108",서울,2019-07-05,1.5,4.3,320,15:55,7.9,320,15:47
"		108",서울,2019-07-06,1.7,3.9,160,15:18,8.7,160,8:49
"		108",서울,2019-07-07,2.2,3.3,70,18:57,7.9,140,19:24
"		108",서울,2019-07-08,2,3.3,70,17:02,7.8,90,19:07
"		108",서울,2019-07-09,1.8,3.1,70,23:13,8,50,20:46
"		108",서울,2019-07-10,2,3.3,70,10:42,8.2,90,17:34
"		108",서울,2019-07-11,1.3,2.8,340,16:35,6.1,320,16:09
"		108",서울,2019-07-12,2,4.4,270,16:16,8.7,200,15:41
"		108",서울,2019-07-13,1.7,3.9,250,17:34,7.3,180,17:40
"		108",서울,2019-07-14,1.6,3.8,290,15:38,7.6,20,15:52
"		108",서울,2019-07-15,1.1,3,250,13:56,5.8,290,13:54
"		108",서울,2019-07-16,1.3,3.4,290,19:23,6.6,270,19:06
"		108",서울,2019-07-17,1.2,2.9,270,16:37,5.6,270,12:43
"		108",서울,2019-07-18,1.2,3.2,290,18:11,5.5,290,18:04
"		108",서울,2019-07-19,1.5,4.6,160,17:36,8.5,180,17:27
"		108",서울,2019-07-20,2.1,3.6,70,8:15,9.5,50,13:13
"		108",서울,2019-07-21,2.2,4.4,230,17:05,9.4,180,22:25
"		108",서울,2019-07-22,2.2,3.6,200,16:25,7.2,180,6:16
"		108",서울,2019-07-23,1.7,3.6,250,18:00,7.7,290,13:30
"		108",서울,2019-07-24,1.6,3.4,180,10:59,6.1,180,3:05
"		108",서울,2019-07-25,1.2,3.4,160,9:21,6.8,180,18:11
"		108",서울,2019-07-26,1.7,4.5,200,5:24,8.9,230,5:21
"		108",서울,2019-07-27,1.3,3.9,270,16:43,6.6,270,16:37
"		108",서울,2019-07-28,2.2,4.8,200,17:29,9.9,180,17:28
"		108",서울,2019-07-29,2.6,5,200,17:01,9.3,250,18:07
"		108",서울,2019-07-30,3.4,5.9,200,11:26,11.8,180,12:29
"		108",서울,2019-07-31,2.2,5.3,200,0:32,11.2,200,0:28
"		108",서울,2019-08-01,1.7,4.6,270,15:05,8.8,290,8:47
"		108",서울,2019-08-02,1.2,3,270,18:01,6.1,250,19:27
"		108",서울,2019-08-03,1.3,4.5,320,17:17,7.5,320,17:17
"		108",서울,2019-08-04,1.2,3.3,270,15:54,6.5,200,16:07
"		108",서울,2019-08-05,1.1,3.2,340,18:48,6.7,340,16:58
"		108",서울,2019-08-06,1.5,2.8,110,16:56,8.5,110,18:56
"		108",서울,2019-08-07,1.2,2.8,270,7:38,5.2,250,7:56
"		108",서울,2019-08-08,1.6,3.6,290,14:31,7.9,270,14:12
"		108",서울,2019-08-09,1.3,4.1,320,14:53,7.7,320,17:24
"		108",서울,2019-08-10,1.5,3.4,140,16:53,8.2,160,16:49
"		108",서울,2019-08-11,2.5,4.1,110,11:43,10.5,90,11:55
"		108",서울,2019-08-12,1.3,2.3,70,1:13,6.4,70,1:39
"		108",서울,2019-08-13,1.5,4.7,200,22:15,9.5,250,22:12
"		108",서울,2019-08-14,1.5,3.1,160,14:48,8.1,70,22:09
"		108",서울,2019-08-15,1.3,2.7,270,19:10,6.7,50,5:29
"		108",서울,2019-08-16,2.2,5,230,14:57,11.5,290,16:54
"		108",서울,2019-08-17,2.5,4.6,270,15:52,7.9,270,15:18
"		108",서울,2019-08-18,1.7,3.2,270,10:32,5.9,290,10:50
"		108",서울,2019-08-19,1.1,2.7,340,19:18,5.1,320,16:55
"		108",서울,2019-08-20,1.5,3.2,160,17:16,6.2,50,9:50
"		108",서울,2019-08-21,1.2,3.2,340,18:01,5.9,270,14:37
"		108",서울,2019-08-22,1.7,4.4,270,18:06,7.9,290,17:06
"		108",서울,2019-08-23,2.1,4.4,270,16:38,8.1,290,17:54
"		108",서울,2019-08-24,1.5,3.5,270,16:46,6.5,290,16:47
"		108",서울,2019-08-25,1.5,4,290,15:30,7.4,270,16:04
"		108",서울,2019-08-26,1.2,4,200,14:06,6,180,11:46
"		108",서울,2019-08-27,1,2.5,270,23:54,5.1,20,11:28
"		108",서울,2019-08-28,1.9,4.3,180,18:36,7.3,160,20:24
"		108",서울,2019-08-29,2.2,7.5,200,10:40,12.1,200,10:39
"		108",서울,2019-08-30,2.4,5,200,16:24,8.6,200,16:20
"		108",서울,2019-08-31,1.9,4.7,250,13:40,7.5,270,13:35
"		108",서울,2019-09-01,1.4,2.9,90,10:37,5.6,110,12:00
"		108",서울,2019-09-02,1.6,3.5,290,17:07,6.4,270,17:25
"		108",서울,2019-09-03,2.3,3.8,360,21:36,7.4,340,22:19
"		108",서울,2019-09-04,2.5,4.5,20,11:37,7.8,340,11:15
"		108",서울,2019-09-05,2,5,360,17:32,8.4,360,17:31
"		108",서울,2019-09-06,2.1,3.4,360,23:59,6.5,340,11:29
"		108",서울,2019-09-07,6,11.8,110,15:11,28.3,140,15:03
"		108",서울,2019-09-08,1.9,4.8,140,0:12,8.8,160,0:07
"		108",서울,2019-09-09,1.7,3.6,90,13:04,6.4,110,13:01
"		108",서울,2019-09-10,2.4,4,70,22:40,8.8,70,23:05
"		108",서울,2019-09-11,3.1,4.7,360,19:28,9.4,20,22:00
"		108",서울,2019-09-12,2.6,4.8,360,0:56,8.8,20,6:25
"		108",서울,2019-09-13,1.7,3.5,360,7:49,7.5,20,7:53
"		108",서울,2019-09-14,1.2,2.9,140,12:54,5,140,12:46
"		108",서울,2019-09-15,1.7,4.1,270,18:18,6.7,290,18:18
"		108",서울,2019-09-16,2.1,4.5,340,11:07,8.3,320,11:00
"		108",서울,2019-09-17,2.1,4.4,270,18:03,7.6,360,9:36
"		108",서울,2019-09-18,3.1,4.9,250,14:22,8.6,200,15:15
"		108",서울,2019-09-19,1.9,4.3,250,15:12,7.5,230,15:03
"		108",서울,2019-09-20,2.1,3.5,340,12:46,6.5,320,13:19
"		108",서울,2019-09-21,2,3.7,90,16:32,6.4,340,13:57
"		108",서울,2019-09-22,3.8,6.4,340,19:25,12.7,320,18:27
"		108",서울,2019-09-23,2.2,5,320,1:36,8.6,320,0:52
"		108",서울,2019-09-24,1.8,3.5,230,16:25,6.3,230,13:28
"		108",서울,2019-09-25,1.4,3,200,18:17,4.7,320,12:06
"		108",서울,2019-09-26,1.9,3.3,340,11:10,6,20,14:46
"		108",서울,2019-09-27,1.9,3.1,290,17:16,5.1,360,10:52
"		108",서울,2019-09-28,1.7,3.3,250,15:03,5.6,270,14:55
"		108",서울,2019-09-29,1.7,4,270,13:17,7.6,200,12:33
"		108",서울,2019-09-30,1.6,3.4,200,18:23,5.5,110,12:48
"		108",서울,2019-10-01,1.8,4.4,140,19:53,6.9,140,19:50
"		108",서울,2019-10-02,3,5.5,360,21:24,9,20,21:20
"		108",서울,2019-10-03,2.8,4.9,290,14:53,9.6,340,0:29
"		108",서울,2019-10-04,2.1,3.9,180,16:53,7.1,180,16:16
"		108",서울,2019-10-05,2.9,4.6,360,19:16,9.4,20,19:48
"		108",서울,2019-10-06,2.9,4.8,360,8:42,8.5,360,8:26
"		108",서울,2019-10-07,1.8,3.6,20,9:01,5.9,360,5:00
"		108",서울,2019-10-08,2.6,6.2,250,11:56,9.1,250,14:26
"		108",서울,2019-10-09,1.7,3.8,200,12:56,6.5,200,12:00
"		108",서울,2019-10-10,1.3,2.8,270,23:29,5.3,250,23:40
"		108",서울,2019-10-11,1.9,4.9,360,21:36,8.7,50,20:15
"		108",서울,2019-10-12,3.5,6.7,360,11:40,14.5,340,11:32
"		108",서울,2019-10-13,1.9,4.1,360,9:50,7.4,360,8:13
"		108",서울,2019-10-14,2.5,5.1,270,8:35,9,270,8:27
"		108",서울,2019-10-15,1.6,4.3,360,9:00,9,340,8:56
"		108",서울,2019-10-16,1.6,3.6,200,15:25,6.4,200,15:20
"		108",서울,2019-10-17,1.7,3.5,70,15:48,6.9,70,16:52
"		108",서울,2019-10-18,2.4,4.3,20,13:12,8.3,20,13:06
"		108",서울,2019-10-19,1.8,3.7,230,12:53,6.3,250,14:18
"		108",서울,2019-10-20,1.3,3,140,13:14,5.6,230,17:56
"		108",서울,2019-10-21,1,2.4,320,16:50,4.2,340,13:53
"		108",서울,2019-10-22,1.6,3.3,70,11:42,6.3,50,11:41
"		108",서울,2019-10-23,2.4,4.4,70,22:33,7.6,50,22:32
"		108",서울,2019-10-24,2.7,5.1,70,13:10,9.7,140,13:02
"		108",서울,2019-10-25,2.4,5.6,270,20:50,9.5,290,22:26
"		108",서울,2019-10-26,2.5,5.2,320,1:57,9.4,250,4:37
"		108",서울,2019-10-27,1.6,4.2,290,15:57,7.6,320,13:03
"		108",서울,2019-10-28,2.5,4.7,230,12:58,9.8,180,18:31
"		108",서울,2019-10-29,2.3,5.2,290,15:01,8.8,250,12:17
"		108",서울,2019-10-30,1.6,3.8,270,11:40,7,270,11:43
"		108",서울,2019-10-31,2.3,5.2,230,13:24,10,180,15:42
"		108",서울,2020-05-01,2.7,5.5,290,17:26,9.9,290,17:52
"		108",서울,2020-05-02,2.3,4.6,230,1:11,7.6,290,14:37
"		108",서울,2020-05-03,2,3.9,160,12:42,7.2,140,12:24
"		108",서울,2020-05-04,2.7,4.6,270,12:47,8.7,270,13:17
"		108",서울,2020-05-05,1.9,5.3,250,13:54,8.8,230,13:46
"		108",서울,2020-05-06,2.1,4.4,320,16:23,8,20,15:38
"		108",서울,2020-05-07,2.5,4.3,90,3:19,9.5,140,9:30
"		108",서울,2020-05-08,2.4,4.5,290,15:14,7.9,290,15:29
"		108",서울,2020-05-09,3.6,5.9,90,6:15,11,90,3:33
"		108",서울,2020-05-10,2.5,4.1,250,15:56,7.1,250,15:34
"		108",서울,2020-05-11,3,5.6,290,14:56,10.1,250,14:24
"		108",서울,2020-05-12,2.9,5.4,320,19:07,12.2,230,16:41
"		108",서울,2020-05-13,2.8,6.5,290,16:13,12.1,290,13:04
"		108",서울,2020-05-14,2,4.3,340,15:57,6.9,290,13:52
"		108",서울,2020-05-15,3,5.3,180,4:32,13.2,160,4:25
"		108",서울,2020-05-16,1.6,3.3,90,0:01,4.9,70,0:10
"		108",서울,2020-05-17,1.7,4.3,320,4:56,7.7,340,4:48
"		108",서울,2020-05-18,2.4,7.2,290,16:07,16.4,290,15:56
"		108",서울,2020-05-19,3.2,7.2,70,14:36,12.9,70,15:03
"		108",서울,2020-05-20,1.9,3,90,21:10,6,50,12:07
"		108",서울,2020-05-21,2.1,3.3,90,6:09,6.1,90,5:39
"		108",서울,2020-05-22,1.9,4.9,290,17:42,8,160,9:50
"		108",서울,2020-05-23,2.2,4.7,270,17:03,8.3,290,17:03
"		108",서울,2020-05-24,2.9,6.5,270,7:27,12.8,270,7:28
"		108",서울,2020-05-25,2.1,3.8,290,16:23,6,250,14:24
"		108",서울,2020-05-26,2.1,5.4,320,15:11,8.8,320,15:03
"		108",서울,2020-05-27,2.6,5.9,290,18:04,9.3,290,16:23
"		108",서울,2020-05-28,1.9,3.9,290,13:38,7.3,270,13:32
"		108",서울,2020-05-29,2,4.1,180,14:52,6.7,180,14:49
"		108",서울,2020-05-30,1.9,4.3,320,17:25,7,340,17:24
"		108",서울,2020-05-31,2.3,5.7,320,19:01,8.6,340,18:57
"		108",서울,2020-06-01,3.4,6.2,290,12:39,12.3,320,12:05
"		108",서울,2020-06-02,2.2,4.1,250,16:29,9.1,160,13:40
"		108",서울,2020-06-03,2.4,5.6,290,20:05,8.8,290,19:48
"		108",서울,2020-06-04,2.7,4.7,270,14:29,7.7,250,14:16
"		108",서울,2020-06-05,1.8,3.8,290,18:45,6.7,320,18:26
"		108",서울,2020-06-06,2,4.4,290,17:30,7.8,290,16:46
"		108",서울,2020-06-07,2.3,5.1,200,11:10,7.3,180,11:05
"		108",서울,2020-06-08,2.1,5.5,290,18:24,8.8,290,17:59
"		108",서울,2020-06-09,2.3,4.3,290,15:38,7.9,340,16:22
"		108",서울,2020-06-10,2,6.2,340,17:47,9.8,270,17:55
"		108",서울,2020-06-11,2.2,4.6,290,20:22,7.2,270,20:22
"		108",서울,2020-06-12,1.7,3,320,4:24,4.7,340,4:24
"		108",서울,2020-06-13,1.9,5,290,19:46,8.4,290,19:46
"		108",서울,2020-06-14,2.9,5.9,290,16:27,10.1,320,18:22
"		108",서울,2020-06-15,2.8,6.3,290,16:16,13.4,250,15:38
"		108",서울,2020-06-16,2.2,4.4,270,16:51,6.9,250,16:52
"		108",서울,2020-06-17,2,4.3,290,16:44,7.9,230,16:26
"		108",서울,2020-06-18,1.6,3.4,290,18:45,5.6,290,18:40
"		108",서울,2020-06-19,2.1,4.2,290,19:01,7.1,50,0:56
"		108",서울,2020-06-20,2.1,4.6,320,16:16,7.9,270,15:42
"		108",서울,2020-06-21,2,4.5,290,15:18,8.4,290,15:15
"		108",서울,2020-06-22,2,4.1,290,18:07,6.7,290,17:00
"		108",서울,2020-06-23,1.9,3.7,250,14:30,5.7,250,14:28
"		108",서울,2020-06-24,2.7,5.7,140,10:05,10,110,7:02
"		108",서울,2020-06-25,2.2,4.3,180,21:26,7.1,180,15:10
"		108",서울,2020-06-26,3.2,5.3,230,3:23,9.5,200,3:15
"		108",서울,2020-06-27,2,5.4,290,17:59,8.3,250,16:42
"		108",서울,2020-06-28,2.4,4.7,250,16:46,7.7,270,16:41
"		108",서울,2020-06-29,2.4,5.9,50,23:37,9.9,50,22:57
"		108",서울,2020-06-30,4,7.6,50,2:32,14.5,50,2:20
"		108",서울,2020-07-01,1.9,3.7,320,0:26,6.1,320,0:10
"		108",서울,2020-07-02,1.9,3.4,270,18:02,5.4,230,21:10
"		108",서울,2020-07-03,2.6,6.1,160,15:27,10.5,140,14:46
"		108",서울,2020-07-04,2.1,4.4,250,16:32,7.4,270,16:48
"		108",서울,2020-07-05,1.9,3.5,250,17:31,5.5,270,13:35
"		108",서울,2020-07-06,2.1,4.7,320,17:11,7.7,340,17:11
"		108",서울,2020-07-07,2.5,4,290,15:53,6.6,320,22:06
"		108",서울,2020-07-08,2,3.7,290,14:39,6.4,250,13:56
"		108",서울,2020-07-09,1.7,3.6,320,19:23,6.3,160,12:47
"		108",서울,2020-07-10,2.8,6.6,50,15:55,11.3,20,16:09
"		108",서울,2020-07-11,2.6,5,50,20:43,10,20,12:57
"		108",서울,2020-07-12,2.4,3.6,50,22:33,7.5,70,23:58
"		108",서울,2020-07-13,4,5.9,50,21:21,11,50,21:00
"		108",서울,2020-07-14,2.8,4.4,50,13:47,8.6,50,2:20
"		108",서울,2020-07-15,2,3.4,50,13:36,6.8,50,15:14
"		108",서울,2020-07-16,1.8,3.5,270,15:43,6.2,250,18:01
"		108",서울,2020-07-17,1.9,5.6,270,16:19,9.6,250,16:04
"		108",서울,2020-07-18,1.6,4,290,16:57,6.4,320,16:53
"		108",서울,2020-07-19,2.7,4.3,50,10:33,8.4,110,21:48
"		108",서울,2020-07-20,3.7,7,200,6:10,13.4,180,6:01
"		108",서울,2020-07-21,1.6,4.2,250,17:29,6.6,250,17:23
"		108",서울,2020-07-22,1.6,3.4,140,16:33,5.6,160,16:55
"		108",서울,2020-07-23,3.6,8.3,50,19:54,14.9,70,20:21
"		108",서울,2020-07-24,4.6,8.7,50,1:09,16.1,50,1:09
"		108",서울,2020-07-25,3.1,6.1,50,14:28,11.3,50,14:37
"		108",서울,2020-07-26,2,3.3,50,9:52,5.9,20,0:53
"		108",서울,2020-07-27,2.2,3.2,50,16:56,5.7,20,12:43
"		108",서울,2020-07-28,2,3.1,50,12:56,5.4,70,12:19
"		108",서울,2020-07-29,2,3.4,70,5:24,6.7,50,5:24
"		108",서울,2020-07-30,2.1,3.8,200,13:42,7.7,180,13:51
"		108",서울,2020-07-31,2,4.6,290,23:48,8.2,320,23:41
"		108",서울,2020-08-01,1.7,4.9,180,19:48,9,180,19:52
"		108",서울,2020-08-02,2.3,7.5,250,15:43,14.6,250,15:38
"		108",서울,2020-08-03,3,8.3,180,0:25,14.5,200,0:21
"		108",서울,2020-08-04,3.5,5.7,200,7:24,11,180,14:02
"		108",서울,2020-08-05,1.9,4.6,160,16:51,8,200,9:15
"		108",서울,2020-08-06,3.3,6.5,200,5:45,13.1,200,5:44
"		108",서울,2020-08-07,1.8,3.3,110,18:00,6.9,110,11:26
"		108",서울,2020-08-08,2.3,3.7,70,8:52,7.5,110,10:55
"		108",서울,2020-08-09,2.6,6.8,200,12:41,12.4,180,12:56
"		108",서울,2020-08-10,2,4.3,200,3:48,10.2,200,3:41
"		108",서울,2020-08-11,2.2,4.7,200,4:11,9.1,250,5:00
"		108",서울,2020-08-12,1.9,4.3,200,18:40,6.7,200,18:34
"		108",서울,2020-08-13,2.5,4.9,200,20:50,8.7,200,20:26
"		108",서울,2020-08-14,3.5,5.7,230,13:06,10.9,230,13:06
"		108",서울,2020-08-15,1.9,5.6,230,6:55,10.5,180,6:51
"		108",서울,2020-08-16,3,5.2,230,15:24,10,250,14:54
"		108",서울,2020-08-17,2.3,4.1,290,16:57,7.1,320,17:11
"		108",서울,2020-08-18,1.6,3.6,270,15:33,5.4,270,17:28
"		108",서울,2020-08-19,2,4.4,290,14:27,7.6,290,14:46
"		108",서울,2020-08-20,1.7,4.2,270,16:20,7.1,290,19:13
"		108",서울,2020-08-21,1.6,3.5,290,9:47,7.4,290,9:43
"		108",서울,2020-08-22,2.1,5.5,340,12:59,8.4,90,12:59
"		108",서울,2020-08-23,1.9,3.9,250,15:52,6.2,250,15:49
"		108",서울,2020-08-24,2.2,4.9,230,15:49,8.5,180,13:29
"		108",서울,2020-08-25,2.1,4.6,320,17:22,7.6,180,14:56
"		108",서울,2020-08-26,3.4,6.5,70,23:52,13.9,70,23:44
"		108",서울,2020-08-27,3.6,7,110,5:10,15.6,140,5:35
"		108",서울,2020-08-28,1.6,4.4,250,14:33,7.4,230,14:18
"		108",서울,2020-08-29,1.3,4,160,11:00,7.4,160,10:57
"		108",서울,2020-08-30,2.1,4.8,50,22:53,8.1,50,23:11
"		108",서울,2020-08-31,2.8,4.3,50,0:24,8.2,110,14:27
"		108",서울,2020-09-01,1.9,3.6,90,0:09,7.5,110,0:09
"		108",서울,2020-09-02,2.3,4,50,15:43,7.6,50,15:42
"		108",서울,2020-09-03,4.8,9.8,270,7:22,21.5,290,8:29
"		108",서울,2020-09-04,2.7,5.6,200,4:05,9.7,180,3:58
"		108",서울,2020-09-05,2,3.5,110,18:38,5.8,110,17:56
"		108",서울,2020-09-06,2.7,4.8,50,19:57,9.7,70,19:52
"		108",서울,2020-09-07,4.2,7.9,320,10:59,15.3,20,11:09
"		108",서울,2020-09-08,4.2,7,250,7:34,15.4,250,7:31
"		108",서울,2020-09-09,2.1,7.6,320,13:32,13.1,320,13:27
"		108",서울,2020-09-10,2,4.2,180,15:01,7.3,180,14:55
"		108",서울,2020-09-11,2.8,4.9,50,20:45,9.7,110,13:42
"		108",서울,2020-09-12,2,3.9,50,2:30,8,70,2:29
"		108",서울,2020-09-13,1.9,3.5,320,15:07,6.1,340,15:38
"		108",서울,2020-09-14,1.8,4.3,290,17:32,7.4,290,17:28
"		108",서울,2020-09-15,1.6,3.3,180,14:47,5.9,160,13:46
"		108",서울,2020-09-16,1.9,3.4,200,14:51,6.1,180,14:45
"		108",서울,2020-09-17,2.1,3.7,290,16:03,6.3,320,15:55
"		108",서울,2020-09-18,2.8,6,230,14:23,12.4,230,14:21
"		108",서울,2020-09-19,2.2,5.3,270,16:37,9.6,290,16:40
"		108",서울,2020-09-20,2,4.9,270,14:42,8.2,290,14:40
"		108",서울,2020-09-21,1.7,2.9,160,12:39,5.3,160,12:38
"		108",서울,2020-09-22,2.8,4.6,50,21:38,9.2,110,21:02
"		108",서울,2020-09-23,3.3,5.3,50,13:44,9.5,50,17:07
"		108",서울,2020-09-24,3.7,5.7,50,12:36,10.8,20,12:23
"		108",서울,2020-09-25,2.5,4.9,50,15:18,8.4,50,15:53
"		108",서울,2020-09-26,2.4,6.2,50,16:19,10.5,20,16:17
"		108",서울,2020-09-27,2,3.9,320,18:08,5.6,320,18:04
"		108",서울,2020-09-28,2,3.6,270,17:04,6.1,250,14:54
"		108",서울,2020-09-29,1.9,4.3,290,12:16,6.8,250,11:48
"		108",서울,2020-09-30,1.7,4.1,250,18:48,6,250,18:49
"		108",서울,2020-10-01,2.1,4.7,230,17:05,8.7,200,17:14
"		108",서울,2020-10-02,2.3,5.2,180,10:34,9.7,180,10:30
"		108",서울,2020-10-03,1.6,3.6,270,15:22,5.6,270,15:18
"		108",서울,2020-10-04,2.8,7.2,320,18:03,13.7,320,18:02
"		108",서울,2020-10-05,2.5,5.1,290,13:52,10,320,15:24
"		108",서울,2020-10-06,2,4.1,290,11:14,7.8,250,11:24
"		108",서울,2020-10-07,1.9,3.4,50,13:59,7.1,160,13:50
"		108",서울,2020-10-08,3.1,5.4,50,17:29,9.7,50,17:23
"		108",서울,2020-10-09,3,5.2,50,15:18,9.5,110,12:40
"		108",서울,2020-10-10,2,3.8,20,11:16,6.8,110,9:20
"		108",서울,2020-10-11,1.8,4.1,50,2:44,6.6,50,2:38
"		108",서울,2020-10-12,2.2,4.6,250,15:44,7.5,200,15:23
"		108",서울,2020-10-13,2.2,4.7,270,13:19,8,320,13:15
"		108",서울,2020-10-14,2.4,5.8,270,15:00,9.4,250,14:13
"		108",서울,2020-10-15,1.5,3.7,270,0:47,5.5,290,0:39
"		108",서울,2020-10-16,1.5,2.5,50,7:54,3.9,290,13:28
"		108",서울,2020-10-17,1.8,4.3,270,13:53,7.2,250,15:28
"		108",서울,2020-10-18,2,3.9,290,15:29,7.1,270,15:07
"		108",서울,2020-10-19,1.7,3.4,250,16:55,6,250,15:22
"		108",서울,2020-10-20,1.6,3.1,250,14:38,4.9,290,14:34
"		108",서울,2020-10-21,1.9,3.8,160,15:11,6.2,180,15:04
"		108",서울,2020-10-22,2.8,5.7,320,20:28,10.4,340,20:20
"		108",서울,2020-10-23,3,5.5,290,13:21,10,270,13:37
"		108",서울,2020-10-24,2.5,5.9,290,12:12,11,290,12:42
"		108",서울,2020-10-25,1.7,3.8,250,13:18,6.3,250,11:23
"		108",서울,2020-10-26,1.6,4.4,320,14:17,6.7,290,14:09
"		108",서울,2020-10-27,1.8,3.4,320,15:16,5.7,290,14:11
"		108",서울,2020-10-28,2.5,4.8,270,15:07,9.1,320,14:49
"		108",서울,2020-10-29,2,4.5,320,1:04,7.2,340,1:12
"		108",서울,2020-10-30,1.5,3.2,90,11:01,5.6,110,10:53
"		108",서울,2020-10-31,2.6,5,230,14:14,10.2,200,14:08
"		108",서울,2021-05-01,2.7,6.3,320,14:25,10.3,290,14:18
"		108",서울,2021-05-02,3.1,5.3,270,17:40,9.3,290,17:20
"		108",서울,2021-05-03,2.1,4.9,200,13:48,8.6,270,15:59
"		108",서울,2021-05-04,2.1,4.8,290,21:49,9.3,290,23:46
"		108",서울,2021-05-05,3.5,6.7,250,15:44,13.1,270,14:17
"		108",서울,2021-05-06,2.4,6.5,230,16:20,11.8,230,16:12
"		108",서울,2021-05-07,3.4,6.7,230,13:52,12.6,200,14:18
"		108",서울,2021-05-08,3.4,8.4,200,15:57,15.4,180,16:00
"		108",서울,2021-05-09,3.5,7.9,270,10:37,14.3,270,13:57
"		108",서울,2021-05-10,1.8,4,200,5:13,6.7,200,5:07
"		108",서울,2021-05-11,2.7,5,110,17:04,10.5,140,21:50
"		108",서울,2021-05-12,2.2,3.7,50,8:24,6.9,50,8:19
"		108",서울,2021-05-13,1.9,4.2,250,18:07,7.2,200,15:56
"		108",서울,2021-05-14,1.7,4.3,250,18:11,7.4,250,18:06
"		108",서울,2021-05-15,1.7,3.6,110,10:48,6.1,110,11:10
"		108",서울,2021-05-16,2.5,4.4,180,7:24,8.9,50,17:30
"		108",서울,2021-05-17,1.6,3.1,50,0:02,5.3,50,0:02
"		108",서울,2021-05-18,1.7,4.5,270,17:02,7.3,250,16:59
"		108",서울,2021-05-19,1.8,4.4,250,15:25,7.4,250,15:39
"		108",서울,2021-05-20,2.5,6.2,90,16:10,13,110,16:29
"		108",서울,2021-05-21,1.7,4.2,50,0:49,7.1,50,0:12
"		108",서울,2021-05-22,2.5,6.2,270,15:06,9.5,250,15:05
"		108",서울,2021-05-23,1.7,4.8,270,20:28,7.9,270,20:24
"		108",서울,2021-05-24,2.7,5.6,270,14:41,9.2,270,16:55
"		108",서울,2021-05-25,3.2,7.4,250,14:26,12.8,270,14:50
"		108",서울,2021-05-26,2.9,6.5,200,15:18,13.1,200,14:51
"		108",서울,2021-05-27,2.8,5.2,230,12:05,9.1,180,16:44
"		108",서울,2021-05-28,2.6,5,230,17:28,10.2,250,17:48
"		108",서울,2021-05-29,2.2,3.7,250,0:49,7.3,230,0:09
"		108",서울,2021-05-30,2.1,7.6,270,19:31,16,270,19:23
"		108",서울,2021-05-31,1.8,3.5,50,16:24,5.7,20,16:19
"		108",서울,2021-06-01,2.2,5.4,320,5:33,9,290,5:27
"		108",서울,2021-06-02,2.1,4.5,290,17:18,8.2,290,18:27
"		108",서울,2021-06-03,1.8,7.5,320,20:41,14.3,340,20:39
"		108",서울,2021-06-04,2.9,6,200,15:56,10.4,230,15:55
"		108",서울,2021-06-05,3.3,5.5,180,17:57,9.9,200,18:05
"		108",서울,2021-06-06,2.2,3.8,200,2:49,7,230,2:40
"		108",서울,2021-06-07,1.7,3.3,140,10:11,6,110,10:10
"		108",서울,2021-06-08,1.7,3.6,250,16:30,6.6,290,16:52
"		108",서울,2021-06-09,1.6,3.4,50,18:24,5.7,90,18:23
"		108",서울,2021-06-10,2.2,5.4,200,15:00,9,200,14:56
"		108",서울,2021-06-11,2.8,5.7,180,5:05,11.4,110,1:32
"		108",서울,2021-06-12,1.8,3.9,320,17:32,6.3,340,17:31
"		108",서울,2021-06-13,2,4.3,250,17:35,6.9,250,15:00
"		108",서울,2021-06-14,2.1,4,250,20:42,5.9,270,15:21
"		108",서울,2021-06-15,2.3,3.9,50,17:01,7.7,50,22:35
"		108",서울,2021-06-16,3.6,5.7,50,11:18,11.5,50,9:55
"		108",서울,2021-06-17,2.4,3.6,50,0:12,7.1,110,0:57
"		108",서울,2021-06-18,2.5,3.8,200,15:20,7.2,200,5:00
"		108",서울,2021-06-19,1.8,3.7,270,16:00,6.9,160,12:00
"		108",서울,2021-06-20,2.8,6.8,230,13:54,12.7,270,14:08
"		108",서울,2021-06-21,2.2,4.6,270,17:59,7.8,250,15:55
"		108",서울,2021-06-22,2.1,7.8,200,14:23,15,180,14:16
"		108",서울,2021-06-23,2.4,6,50,15:44,11.3,360,15:41
"		108",서울,2021-06-24,1.9,4.4,270,16:41,7.7,250,16:38
"		108",서울,2021-06-25,2,4.7,290,18:30,7.8,290,18:25
"		108",서울,2021-06-26,1.8,3.4,360,16:32,5.9,20,17:39
"		108",서울,2021-06-27,2,7.8,200,18:41,14.3,180,18:37
"		108",서울,2021-06-28,1.9,4.1,50,15:04,7.7,50,14:57
"		108",서울,2021-06-29,1.8,4.1,200,11:55,6.5,200,11:54
"		108",서울,2021-06-30,1.3,3.6,50,11:56,7.7,20,11:54
"		108",서울,2021-07-01,1.8,4.1,320,16:45,6.8,360,18:22
"		108",서울,2021-07-02,2.3,3.5,50,15:25,6.7,20,15:19
"		108",서울,2021-07-03,3.6,5.9,50,19:45,12.9,50,18:15
"		108",서울,2021-07-04,2.3,4.9,200,17:09,8.8,180,22:14
"		108",서울,2021-07-05,1.4,3.5,200,0:31,5.9,230,0:23
"		108",서울,2021-07-06,1.6,3.7,250,14:58,5.5,250,14:37
"		108",서울,2021-07-07,1.5,3.3,140,9:57,5.4,160,15:28
"		108",서울,2021-07-08,2,4.7,250,18:31,7.5,270,17:44
"		108",서울,2021-07-09,1.9,4.2,230,18:26,7.1,250,16:35
"		108",서울,2021-07-10,2.4,5.4,230,14:42,9.9,270,14:18
"		108",서울,2021-07-11,2.2,4.8,230,12:42,8.2,230,12:34
"		108",서울,2021-07-12,1.6,3.1,160,19:06,5.4,160,17:04
"		108",서울,2021-07-13,1.7,3.7,290,16:41,5.9,160,10:03
"		108",서울,2021-07-14,2.2,4.2,160,10:55,7.6,200,12:31
"		108",서울,2021-07-15,2.1,4.6,250,14:44,9.4,50,18:00
"		108",서울,2021-07-16,2.2,7.4,50,18:55,16.5,360,18:48
"		108",서울,2021-07-17,2.3,4.2,160,13:50,8.5,90,11:59
"		108",서울,2021-07-18,2.1,4.2,160,22:17,7.6,160,22:13
"		108",서울,2021-07-19,1.9,4.9,340,14:39,8.5,290,15:23
"		108",서울,2021-07-20,1.5,3.6,250,16:51,6,230,16:48
"		108",서울,2021-07-21,1.7,3,140,17:58,6,110,14:06
"		108",서울,2021-07-22,2,3.7,50,11:03,6.7,180,11:00
"		108",서울,2021-07-23,1.8,3.6,160,14:18,6.2,110,14:10
"		108",서울,2021-07-24,1.7,4.2,160,14:07,7,160,14:07
"		108",서울,2021-07-25,2,4.4,160,11:41,8.8,140,10:36
"		108",서울,2021-07-26,2.4,4.3,160,16:08,7.3,110,11:38
"		108",서울,2021-07-27,2.1,4.6,250,16:57,7.8,290,17:56
"		108",서울,2021-07-28,1.9,4.9,250,16:45,7.2,270,16:43
"		108",서울,2021-07-29,2,3.9,270,17:01,6.8,290,16:58
"		108",서울,2021-07-30,2.1,4.1,140,14:49,7.6,110,14:49
"		108",서울,2021-07-31,2.5,4.3,270,18:55,6.9,180,15:09
"		108",서울,2021-08-01,1.3,4.7,160,19:24,8.3,140,19:23
"		108",서울,2021-08-02,1.6,3.4,200,9:55,5.6,200,9:46
"		108",서울,2021-08-03,1.8,5.5,160,15:59,9.7,160,15:56
"		108",서울,2021-08-04,2,4.3,180,14:53,7.6,250,18:49
"		108",서울,2021-08-05,2.1,4.1,290,16:55,7.1,290,18:27
"		108",서울,2021-08-06,2.1,8.3,320,14:27,16.4,290,14:24
"		108",서울,2021-08-07,2.1,4,340,17:56,6.5,290,15:33
"		108",서울,2021-08-08,1.7,4.3,50,22:46,9.5,50,16:08
"		108",서울,2021-08-09,2.3,4.8,340,17:14,8.3,20,19:21
"		108",서울,2021-08-10,2.3,4.4,200,14:36,8.7,200,14:31
"		108",서울,2021-08-11,2,3.9,320,20:54,6.4,320,20:54
"		108",서울,2021-08-12,1.8,4.6,110,17:51,12.9,110,17:48
"		108",서울,2021-08-13,2,3.5,50,14:32,6.4,70,14:31
"		108",서울,2021-08-14,3,4.8,50,20:39,10.2,50,20:36
"		108",서울,2021-08-15,2.3,3.7,50,12:55,7,70,12:52
"		108",서울,2021-08-16,2.3,3.7,160,18:25,6.9,70,4:49
"		108",서울,2021-08-17,2.4,4.6,70,17:22,9.6,110,17:31
"		108",서울,2021-08-18,2.8,5.4,50,18:38,9.7,70,18:35
"		108",서울,2021-08-19,2.6,4,50,4:17,8.6,110,19:11
"		108",서울,2021-08-20,2.3,5.1,140,23:08,10.3,160,23:03
"		108",서울,2021-08-21,2.7,6.7,290,13:02,11.4,290,12:54
"		108",서울,2021-08-22,2.1,4.4,230,10:20,8.3,230,12:00
"		108",서울,2021-08-23,2,3.3,90,18:37,7.9,90,19:40
"		108",서울,2021-08-24,2.9,6.1,200,17:33,10.5,200,19:07
"		108",서울,2021-08-25,1.8,3.8,160,17:29,6.8,140,12:07
"		108",서울,2021-08-26,2.5,5,180,14:01,8.7,180,16:10
"		108",서울,2021-08-27,1.3,3.2,250,8:27,4.9,250,8:26
"		108",서울,2021-08-28,1.8,3.9,270,16:28,7.3,270,16:20
"		108",서울,2021-08-29,1.6,3.4,320,6:39,5.6,340,6:36
"		108",서울,2021-08-30,1.4,2.9,250,19:35,4.5,270,19:50
"		108",서울,2021-08-31,2.3,4.9,70,17:10,9.3,70,17:07
"		108",서울,2021-09-01,2.9,4.7,50,14:36,9.1,50,14:31
"		108",서울,2021-09-02,2.1,3.4,70,7:54,6.4,50,9:05
"		108",서울,2021-09-03,2.4,4,50,11:37,7.6,50,23:17
"		108",서울,2021-09-04,2.7,3.7,70,10:14,7.2,50,18:57
"		108",서울,2021-09-05,3.2,4.9,50,16:56,10.3,90,12:27
"		108",서울,2021-09-06,3.2,5.5,70,9:52,11.7,70,11:08
"		108",서울,2021-09-07,2.3,4.4,50,1:05,8.5,70,0:49
"		108",서울,2021-09-08,1.7,4.2,270,16:14,6.8,270,14:10
"		108",서울,2021-09-09,1.5,3,20,10:08,4.6,50,10:41
"		108",서울,2021-09-10,1.9,4.3,290,17:15,7.4,290,17:12
"		108",서울,2021-09-11,1.7,5.6,320,18:42,9.2,360,18:33
"		108",서울,2021-09-12,1.8,4.4,320,12:30,6.8,290,14:09
"		108",서울,2021-09-13,2.4,3.9,50,11:18,6.9,50,12:32
"		108",서울,2021-09-14,2.6,5.6,50,23:46,10,50,23:38
"		108",서울,2021-09-15,3.6,5.9,50,18:47,11.7,20,11:48
"		108",서울,2021-09-16,2.6,4.6,50,9:13,8.6,50,9:11
"		108",서울,2021-09-17,3,5.8,70,13:06,12.2,70,13:01
"		108",서울,2021-09-18,1.6,4,290,20:17,6.4,270,20:13
"		108",서울,2021-09-19,1.9,3,160,10:39,5,70,17:29
"		108",서울,2021-09-20,2.7,6.2,140,16:58,12.5,110,16:54
"		108",서울,2021-09-21,2.9,7.1,320,22:45,11.9,320,22:20
"		108",서울,2021-09-22,2.7,6.2,270,14:44,11.7,230,12:29
"		108",서울,2021-09-23,2.4,6.5,320,12:14,10.9,320,12:05
"		108",서울,2021-09-24,2.2,3.8,50,21:59,6.9,50,14:59
"		108",서울,2021-09-25,2.3,3.5,50,11:52,6.4,50,12:13
"		108",서울,2021-09-26,2.3,3.6,50,21:25,7.2,70,21:58
"		108",서울,2021-09-27,2.4,3.7,140,12:58,6.6,50,6:36
"		108",서울,2021-09-28,2.2,3.7,140,18:14,6.3,110,15:35
"		108",서울,2021-09-29,1.7,4.4,230,9:03,9.4,230,8:56
"		108",서울,2021-09-30,1.5,3.3,270,14:39,5.2,290,14:26
"		108",서울,2021-10-01,2.4,10.6,290,22:16,20.9,320,22:12
"		108",서울,2021-10-02,1.6,3.3,250,16:54,5.7,50,0:18
"		108",서울,2021-10-03,1.9,4.5,180,14:57,7.3,180,16:17
"		108",서울,2021-10-04,2.9,6.1,200,19:51,13.7,180,14:05
"		108",서울,2021-10-05,3.3,6.2,180,13:54,11.5,180,12:03
"		108",서울,2021-10-06,2.8,4.3,50,16:27,7.2,70,16:59
"		108",서울,2021-10-07,1.9,4,250,14:33,6.1,250,14:26
"		108",서울,2021-10-08,1.7,2.9,50,21:36,5.5,50,22:25
"		108",서울,2021-10-09,2.3,3.7,50,10:38,6.8,50,10:29
"		108",서울,2021-10-10,2.2,4.7,250,12:28,8.6,320,20:53
"		108",서울,2021-10-11,2.2,6,320,1:37,9.5,290,1:34
"		108",서울,2021-10-12,3.3,5.9,70,10:55,10.6,110,13:22
"		108",서울,2021-10-13,2.4,4.1,70,9:50,8.3,70,11:16
"		108",서울,2021-10-14,2,4.2,270,19:41,6.9,180,14:07
"		108",서울,2021-10-15,2.1,3.8,320,3:50,5.8,360,12:48
"		108",서울,2021-10-16,3.4,5.7,290,13:11,11.9,320,17:03
"		108",서울,2021-10-17,2.9,7.1,320,6:48,11.5,320,6:29
"		108",서울,2021-10-18,2,3.6,200,15:51,6.2,180,15:50
"		108",서울,2021-10-19,2.4,5.4,270,16:00,9.5,250,15:56
"		108",서울,2021-10-20,1.7,3.7,250,18:24,5.9,250,18:22
"		108",서울,2021-10-21,1.7,3.6,320,17:56,5.9,320,18:12
"		108",서울,2021-10-22,1.8,4.9,320,15:00,9.4,290,14:09
"		108",서울,2021-10-23,1.6,3.4,200,13:13,5.7,320,15:44
"		108",서울,2021-10-24,1.7,3.2,290,13:01,6.6,340,13:56
"		108",서울,2021-10-25,1.9,3.5,290,14:31,5.8,290,12:56
"		108",서울,2021-10-26,1.7,3,180,12:08,5.3,290,13:27
"		108",서울,2021-10-27,2.2,4,270,12:16,7.2,340,13:53
"		108",서울,2021-10-28,1.4,3.7,290,0:19,4.8,50,22:41
"		108",서울,2021-10-29,2,3.7,90,10:58,6.3,110,10:44
"		108",서울,2021-10-30,1.6,3.1,50,7:02,5,50,6:23
"		108",서울,2021-10-31,1.6,3.9,320,20:17,7.4,320,20:11
"		108",서울,2022-05-01,3.1,7.5,230,14:24,14.1,230,14:15
"		108",서울,2022-05-02,2.4,5.2,250,12:50,10.4,290,12:33
"		108",서울,2022-05-03,2.5,5.3,180,13:00,9.5,250,16:58
"		108",서울,2022-05-04,2.7,5.7,230,15:45,9.8,230,14:27
"		108",서울,2022-05-05,2.2,4.8,270,18:12,7.2,230,17:41
"		108",서울,2022-05-06,2.5,5.1,200,13:26,8.6,320,12:23
"		108",서울,2022-05-07,3,5.9,290,12:19,10.7,270,14:36
"		108",서울,2022-05-08,2.8,5.2,50,19:18,10.6,50,19:15
"		108",서울,2022-05-09,2.2,4.5,110,12:52,7.3,110,13:44
"		108",서울,2022-05-10,2.2,4.6,160,13:38,9.2,160,13:42
"		108",서울,2022-05-11,2.4,4.4,230,16:09,7.8,290,15:31
"		108",서울,2022-05-12,1.9,4.8,250,16:57,7.3,270,16:53
"		108",서울,2022-05-13,2.2,6.1,290,17:53,11.7,320,17:49
"		108",서울,2022-05-14,3.3,6.3,270,11:43,11.9,230,16:50
"		108",서울,2022-05-15,3.2,6.4,270,15:31,10.8,270,15:11
"		108",서울,2022-05-16,2.8,5.9,230,16:50,10.8,250,16:45
"		108",서울,2022-05-17,2.4,5.1,180,14:59,9.4,200,14:29
"		108",서울,2022-05-18,2.9,6,200,17:23,11,230,18:24
"		108",서울,2022-05-19,3,5.4,180,13:46,10.6,180,16:11
"		108",서울,2022-05-20,2.3,5.1,270,13:34,8.4,270,13:59
"		108",서울,2022-05-21,2.5,5.1,270,14:33,9.3,290,16:08
"		108",서울,2022-05-22,2.5,4.6,180,12:29,8.2,200,12:46
"		108",서울,2022-05-23,2.3,4.3,250,16:56,7.2,200,19:31
"		108",서울,2022-05-24,2.1,4.6,250,17:27,7.5,250,14:53
"		108",서울,2022-05-25,2.6,5,270,15:09,9.6,290,15:00
"		108",서울,2022-05-26,3.7,7.6,200,15:41,13,200,17:20
"		108",서울,2022-05-27,3.3,6.3,270,12:33,10,290,12:24
"		108",서울,2022-05-28,2.8,6.8,230,15:50,12.4,200,15:42
"		108",서울,2022-05-29,2.3,5,270,18:32,9.2,200,0:31
"		108",서울,2022-05-30,2.5,4.8,250,14:56,9.8,270,15:57
"		108",서울,2022-05-31,2.5,6.6,230,16:11,11.8,230,16:11
"		108",서울,2022-06-01,2.6,5.5,270,13:09,10.3,290,13:06
"		108",서울,2022-06-02,2.7,4.5,270,14:43,7.6,200,13:55
"		108",서울,2022-06-03,2,4.6,250,15:21,7.9,270,16:27
"		108",서울,2022-06-04,1.7,2.8,180,12:08,5,180,10:40
"		108",서울,2022-06-05,2.3,4.3,110,13:46,9.5,110,13:40
"		108",서울,2022-06-06,3.2,5.7,50,13:42,11.4,20,14:59
"		108",서울,2022-06-07,2.7,5.2,50,0:58,10,70,0:32
"		108",서울,2022-06-08,2.3,3.9,270,18:27,6.7,50,4:27
"		108",서울,2022-06-09,1.6,3.5,290,16:33,6.7,290,16:25
"		108",서울,2022-06-10,1.9,4.8,290,13:32,8.2,290,13:25
"		108",서울,2022-06-11,2.2,4.7,20,18:22,8.1,70,13:11
"		108",서울,2022-06-12,2.5,3.8,250,16:53,6.8,50,8:02
"		108",서울,2022-06-13,2.6,4.4,360,15:52,8.6,70,21:50
"		108",서울,2022-06-14,4.2,6,50,18:51,12.2,70,8:55
"		108",서울,2022-06-15,2.3,3.7,70,6:21,7.4,50,0:01
"		108",서울,2022-06-16,2.3,4.4,200,14:04,6.9,180,14:05
"		108",서울,2022-06-17,1.9,3.7,180,16:06,6.6,180,15:05
"		108",서울,2022-06-18,1.7,4,290,19:14,6,290,19:08
"		108",서울,2022-06-19,1.4,3,180,14:35,4.7,200,14:32
"		108",서울,2022-06-20,1.3,2.8,270,19:10,4.4,250,13:37
"		108",서울,2022-06-21,2,4,270,16:47,7.2,270,15:44
"		108",서울,2022-06-22,2.1,4.2,290,16:55,6.6,250,16:33
"		108",서울,2022-06-23,2.8,6.4,200,20:06,13.1,180,23:18
"		108",서울,2022-06-24,3.5,5.4,230,2:10,9.8,200,2:04
"		108",서울,2022-06-25,2.8,5.1,230,19:20,8.9,200,17:56
"		108",서울,2022-06-26,2.6,5,180,12:15,8.5,230,14:51
"		108",서울,2022-06-27,2.8,6,200,17:03,13.7,200,17:16
"		108",서울,2022-06-28,5.8,9.9,200,5:49,20.9,180,13:05
"		108",서울,2022-06-29,4.1,9,200,3:57,17.3,180,3:59
"		108",서울,2022-06-30,2.3,4.6,50,16:56,9.4,70,16:48
"		108",서울,2022-07-01,2.1,4.8,230,16:46,7.7,270,16:36
"		108",서울,2022-07-02,1.7,3.4,270,18:08,5.3,290,18:29
"		108",서울,2022-07-03,1.7,3.8,270,17:05,6.4,290,15:54
"		108",서울,2022-07-04,1.8,4.5,340,13:11,7.8,340,13:08
"		108",서울,2022-07-05,1.7,4.2,320,17:54,7.6,180,14:35
"		108",서울,2022-07-06,2.1,5.3,250,21:45,11.6,230,21:37
"		108",서울,2022-07-07,2.8,5.4,180,19:02,10,180,18:48
"		108",서울,2022-07-08,2.9,4.7,230,1:55,8.5,250,2:04
"		108",서울,2022-07-09,1.7,3.4,250,0:02,4.8,250,0:12
"		108",서울,2022-07-10,1.7,3.9,290,17:00,6.3,290,16:59
"		108",서울,2022-07-11,1.8,5.3,270,0:14,9,270,0:15
"		108",서울,2022-07-12,2.2,3.6,50,7:44,6.4,50,6:55
"		108",서울,2022-07-13,1.8,3.9,140,15:32,8.6,110,16:20
"		108",서울,2022-07-14,2.3,4.1,270,19:06,6.8,270,19:02
"		108",서울,2022-07-15,2.3,5,250,18:11,8,250,17:46
"		108",서울,2022-07-16,2,5.3,160,17:20,10.5,160,17:19
"		108",서울,2022-07-17,1.8,4.4,270,16:46,8.4,290,16:37
"		108",서울,2022-07-18,2.2,3.9,110,12:30,7.3,140,13:15
"		108",서울,2022-07-19,2.3,4.8,270,14:03,8.2,270,13:18
"		108",서울,2022-07-20,2.2,4.5,290,14:16,7.2,290,13:39
"		108",서울,2022-07-21,2.9,5.5,50,4:26,9.7,20,4:24
"		108",서울,2022-07-22,1.9,3.4,250,16:32,5.5,290,19:13
"		108",서울,2022-07-23,2,3.9,50,22:16,6.6,140,13:08
"		108",서울,2022-07-24,2.1,3.7,320,17:50,6.5,70,0:09
"		108",서울,2022-07-25,1.9,3.6,270,16:43,6.5,270,13:35
"		108",서울,2022-07-26,1.8,3.8,320,16:10,6,320,16:04
"		108",서울,2022-07-27,2,4.4,160,16:10,7.7,160,18:09
"		108",서울,2022-07-28,2.4,3.8,140,10:14,7.6,110,10:36
"		108",서울,2022-07-29,2.2,4.4,320,18:47,6.5,320,18:44
"		108",서울,2022-07-30,2.6,5.6,160,16:41,10.3,140,16:56
"		108",서울,2022-07-31,2.5,3.9,50,16:36,7.6,70,10:07
"		108",서울,2022-08-01,2.4,4.6,70,17:29,9.3,110,23:09
"		108",서울,2022-08-02,2.8,4.9,200,12:16,10.1,200,21:31
"		108",서울,2022-08-03,2.8,4.6,230,4:59,10.8,230,4:53
"		108",서울,2022-08-04,2.5,4,270,1:54,7.5,250,18:08
"		108",서울,2022-08-05,2.6,5.2,270,13:28,9.2,270,13:26
"		108",서울,2022-08-06,1.7,3.3,270,11:18,5.2,270,11:17
"		108",서울,2022-08-07,2.4,5.6,180,18:03,9.8,180,15:51
"		108",서울,2022-08-08,3.3,8.6,200,18:02,24.9,180,17:54
"		108",서울,2022-08-09,2.6,5.7,180,17:25,12.3,180,17:35
"		108",서울,2022-08-10,1.6,4.5,180,16:09,6.3,180,16:01
"		108",서울,2022-08-11,1.6,3.1,200,14:17,4.9,180,13:53
"		108",서울,2022-08-12,1.7,3.7,250,19:27,6.1,250,19:02
"		108",서울,2022-08-13,1.3,2.7,180,7:06,5.6,110,17:05
"		108",서울,2022-08-14,1.9,4,180,19:38,6.3,200,21:02
"		108",서울,2022-08-15,4.8,7.4,200,12:52,16.1,180,12:17
"		108",서울,2022-08-16,2.6,4.3,250,1:11,8.4,320,14:51
"		108",서울,2022-08-17,2,4.4,290,16:17,7,250,16:40
"		108",서울,2022-08-18,1.9,4.1,270,15:38,7.1,250,15:53
"		108",서울,2022-08-19,2.3,5.4,200,17:59,9.6,180,17:52
"		108",서울,2022-08-20,2.4,4.4,270,1:22,8.1,270,1:17
"		108",서울,2022-08-21,1.7,3.4,250,16:16,5.7,250,16:30
"		108",서울,2022-08-22,2.3,4.2,200,14:50,7.3,270,15:21
"		108",서울,2022-08-23,2,4.3,320,18:19,6.4,340,18:10
"		108",서울,2022-08-24,2.5,4.4,50,9:40,8.3,70,11:09
"		108",서울,2022-08-25,1.8,3.4,250,14:27,5.6,270,16:55
"		108",서울,2022-08-26,2.4,5.1,270,16:33,8.7,270,18:37
"		108",서울,2022-08-27,2.8,5.4,290,2:00,9.7,290,1:54
"		108",서울,2022-08-28,1.7,3.2,50,13:32,5.7,50,13:25
"		108",서울,2022-08-29,2.3,3.9,50,11:35,6.7,160,17:56
"		108",서울,2022-08-30,2.6,4.1,50,9:40,6.8,50,9:31
"		108",서울,2022-08-31,1.8,4.5,340,11:49,7.3,200,10:57
"		108",서울,2022-09-01,1.7,4.3,320,17:18,7,360,17:06
"		108",서울,2022-09-02,3.1,5.3,50,20:46,9.2,50,19:59
"		108",서울,2022-09-03,3.4,5.3,50,10:10,9,50,9:14
"		108",서울,2022-09-04,3.1,4.9,50,7:11,8.4,50,8:50
"		108",서울,2022-09-05,3.2,6.9,50,22:29,18.3,20,22:26
"		108",서울,2022-09-06,3.6,7.1,50,3:58,13.8,20,3:51
"		108",서울,2022-09-07,1.9,4,250,15:43,6.6,290,15:48
"		108",서울,2022-09-08,1.6,3.7,320,18:14,5.6,340,18:13
"		108",서울,2022-09-09,2,3.8,50,17:29,6.4,50,17:30
"		108",서울,2022-09-10,2.6,4.2,50,22:16,8,50,13:53
"		108",서울,2022-09-11,2.1,3.6,50,9:23,6.9,70,10:36
"		108",서울,2022-09-12,1.6,3.2,320,17:50,5.1,320,17:45
"		108",서울,2022-09-13,2.5,4.3,50,20:17,7.8,50,20:14
"		108",서울,2022-09-14,4.6,8,50,19:06,14.3,70,19:25
"		108",서울,2022-09-15,3.6,5.2,50,1:52,9.6,50,1:58
"		108",서울,2022-09-16,2.9,4.8,110,11:51,8.6,140,11:49
"		108",서울,2022-09-17,1.4,3.3,250,0:12,6.1,230,0:09
"		108",서울,2022-09-18,2,4.6,50,21:49,8.2,20,22:01
"		108",서울,2022-09-19,3.3,6.6,20,7:54,12.4,160,7:48
"		108",서울,2022-09-20,2.3,4.6,110,10:30,7.9,110,10:29
"		108",서울,2022-09-21,1.8,3.6,180,12:09,7,110,12:18
"		108",서울,2022-09-22,2,3.5,50,6:38,6.6,110,9:31
"		108",서울,2022-09-23,3.1,6.7,180,10:59,13.1,290,13:06
"		108",서울,2022-09-24,1.8,3.9,270,11:52,7.6,290,11:59
"		108",서울,2022-09-25,1.6,3.7,290,15:17,5.7,290,16:04
"		108",서울,2022-09-26,1.7,3.5,250,11:30,5.3,250,11:29
"		108",서울,2022-09-27,1.6,3.1,340,16:35,5.4,20,14:00
"		108",서울,2022-09-28,1.8,3,270,17:42,4.7,270,17:34
"		108",서울,2022-09-29,1.4,3.4,250,17:45,5.8,230,17:44
"		108",서울,2022-09-30,1.6,3.2,270,18:13,5.2,250,15:09
"		108",서울,2022-10-01,1.6,2.7,270,16:51,4.2,200,12:32
"		108",서울,2022-10-02,2.7,5.5,50,14:30,8.6,50,14:28
"		108",서울,2022-10-03,2.7,6.5,200,21:35,13.7,200,20:25
"		108",서울,2022-10-04,2.9,5.7,270,0:59,10.2,230,0:50
"		108",서울,2022-10-05,2.1,3.8,20,15:08,6.7,270,18:16
"		108",서울,2022-10-06,2.1,3.4,50,11:05,6.2,140,12:55
"		108",서울,2022-10-07,2.5,4.7,20,15:25,9.2,360,15:20
"		108",서울,2022-10-08,2.5,4.2,50,8:54,6.5,20,8:49
"		108",서울,2022-10-09,2.1,6.1,250,19:27,11.5,270,19:13
"		108",서울,2022-10-10,3.8,6.8,270,15:19,12.8,270,14:38
"		108",서울,2022-10-11,2.2,4.7,270,0:17,9.3,250,0:15
"		108",서울,2022-10-12,1.8,3.3,50,11:59,6.6,110,14:21
"		108",서울,2022-10-13,1.5,3,70,7:54,5.3,70,12:04
"		108",서울,2022-10-14,1.6,3.2,290,20:35,5.5,320,20:47
"		108",서울,2022-10-15,1.4,4.3,290,18:21,6.5,290,18:14
"		108",서울,2022-10-16,1.7,4.3,290,13:20,7.4,290,13:19
"		108",서울,2022-10-17,3.4,6.3,320,6:13,11.4,290,15:48
"		108",서울,2022-10-18,2.3,4.4,320,13:57,7.2,290,14:07
"		108",서울,2022-10-19,1.8,4.2,340,12:22,8,320,12:13
"		108",서울,2022-10-20,1.8,3.1,250,19:12,5.3,250,14:06
"		108",서울,2022-10-21,1.7,3.6,270,16:23,5.7,200,13:57
"		108",서울,2022-10-22,1.9,4,270,16:08,7.3,180,14:15
"		108",서울,2022-10-23,2.7,4.4,320,17:20,8.8,320,17:14
"		108",서울,2022-10-24,2.8,5.2,290,11:14,8.8,290,14:21
"		108",서울,2022-10-25,2,4.1,50,11:47,7.6,20,11:31
"		108",서울,2022-10-26,1.9,3.2,70,3:09,5.9,50,6:07
"		108",서울,2022-10-27,1.7,3.9,290,13:42,7.7,340,15:01
"		108",서울,2022-10-28,1.7,3.4,270,18:04,5.6,270,17:58
"		108",서울,2022-10-29,1.8,3.5,50,9:23,5.6,50,9:21
"		108",서울,2022-10-30,1.9,2.9,50,2:20,5,50,7:56
"		108",서울,2022-10-31,2.1,3.2,140,10:10,5.4,110,10:01
"		108",서울,2023-05-01,2.5,5.2,270,13:38,9.9,250,12:24
"		108",서울,2023-05-02,2.1,3.8,230,16:28,6.5,320,20:24
"		108",서울,2023-05-03,2.1,4.9,290,17:19,9,250,14:29
"		108",서울,2023-05-04,2.1,4.2,140,22:16,7.5,110,21:57
"		108",서울,2023-05-05,2.5,5.5,50,23:29,10.4,180,15:02
"		108",서울,2023-05-06,5.4,8.6,50,7:45,15.9,50,7:37
"		108",서울,2023-05-07,2.6,4.8,50,0:12,9.1,110,1:11
"		108",서울,2023-05-08,2.2,4.8,270,16:39,8.1,250,16:36
"		108",서울,2023-05-09,2.3,5.1,250,16:39,9.8,250,16:31
"		108",서울,2023-05-10,1.8,3.7,270,14:39,5.8,250,14:26
"		108",서울,2023-05-11,2.3,4.6,270,16:33,8.1,320,14:17
"		108",서울,2023-05-12,1.8,3.6,250,14:43,6.4,270,14:37
"		108",서울,2023-05-13,2,4.7,290,17:40,9.2,290,17:31
"		108",서울,2023-05-14,2,4.7,180,12:10,8,180,12:08
"		108",서울,2023-05-15,2.4,4.6,230,18:01,7.6,200,16:04
"		108",서울,2023-05-16,2.5,5,180,16:35,9.2,180,15:47
"		108",서울,2023-05-17,3.4,7.2,230,14:05,13.1,230,14:55
"		108",서울,2023-05-18,2.1,4.6,180,14:14,11.9,200,14:09
"		108",서울,2023-05-19,2.3,4.5,50,9:41,8.5,90,11:01
"		108",서울,2023-05-20,3,6.7,230,15:57,12.7,270,16:09
"		108",서울,2023-05-21,3,4.8,200,12:10,9.5,200,15:38
"		108",서울,2023-05-22,1.9,4.2,250,18:34,6.9,270,19:04
"		108",서울,2023-05-23,2.2,4.4,340,16:33,10,250,14:34
"		108",서울,2023-05-24,2,3.8,200,14:07,7.7,200,14:03
"		108",서울,2023-05-25,2.4,5.6,270,15:56,9,290,16:10
"		108",서울,2023-05-26,2.1,4.9,320,0:30,7.9,340,0:26
"		108",서울,2023-05-27,1.7,3.3,250,12:12,5.9,270,12:06
"		108",서울,2023-05-28,1.8,5.3,180,4:20,10.3,180,4:16
"		108",서울,2023-05-29,1.6,3,270,19:27,4.9,20,12:50
"		108",서울,2023-05-30,2.2,4.9,20,16:56,8.5,20,10:51
"		108",서울,2023-05-31,2.5,4.3,110,10:16,8.4,110,9:56
"		108",서울,2023-06-01,1.9,3.4,270,21:52,5.7,340,16:34
"		108",서울,2023-06-02,2.3,4.7,250,18:53,7,250,17:12
"		108",서울,2023-06-03,2.7,6,290,13:15,10.6,200,16:48
"		108",서울,2023-06-04,2.4,5.7,250,13:01,9.1,230,12:45
"		108",서울,2023-06-05,2.6,5.5,250,17:29,10.8,200,15:49
"		108",서울,2023-06-06,2.6,5.5,290,14:26,9.8,270,14:58
"		108",서울,2023-06-07,2.1,3.6,180,17:16,6.5,140,14:57
"		108",서울,2023-06-08,2.4,4.9,250,18:30,8.4,230,11:36
"		108",서울,2023-06-09,2,4.4,200,0:27,7.7,270,1:13
"		108",서울,2023-06-10,2.3,7.5,290,16:18,12.6,290,16:17
"		108",서울,2023-06-11,2.2,3.9,320,12:38,5.9,270,19:12
"		108",서울,2023-06-12,1.7,4.5,290,16:16,7.6,270,14:32
"		108",서울,2023-06-13,2.2,5,290,16:44,9,270,14:17
"		108",서울,2023-06-14,1.5,3.6,180,14:25,6.7,340,14:13
"		108",서울,2023-06-15,2.1,4.7,270,16:42,8.2,270,16:35
"		108",서울,2023-06-16,2.1,4.2,250,19:52,6.8,270,17:11
"		108",서울,2023-06-17,2,4.1,290,18:13,6.3,290,18:09
"		108",서울,2023-06-18,2,4.1,290,17:40,6.6,250,16:43
"		108",서울,2023-06-19,2.2,4.3,250,20:15,7.3,270,1:22
"		108",서울,2023-06-20,1.9,5.3,50,13:17,9.7,50,13:08
"		108",서울,2023-06-21,2.1,3.5,70,3:26,6,50,1:50
"		108",서울,2023-06-22,2.2,4.9,270,14:46,8.4,250,14:54
"		108",서울,2023-06-23,1.5,3.2,290,18:15,4.9,360,15:47
"		108",서울,2023-06-24,2,4,320,20:35,6.8,320,20:34
"		108",서울,2023-06-25,2.1,4,160,16:32,6.5,110,21:36
"		108",서울,2023-06-26,2.9,6,180,17:39,10.2,230,17:01
"		108",서울,2023-06-27,3.2,6.1,200,0:24,11,270,1:59
"		108",서울,2023-06-28,2.5,4.1,200,14:11,6.8,180,15:36
"		108",서울,2023-06-29,2.3,4.9,200,11:27,10.3,230,11:22
"		108",서울,2023-06-30,1.8,3.3,250,17:53,5.9,200,1:43
"		108",서울,2023-07-01,2,4.5,270,17:36,7.1,270,17:29
"		108",서울,2023-07-02,1.9,3.3,250,9:07,5.7,270,9:19
"		108",서울,2023-07-03,1.8,4.1,270,18:16,6,160,16:35
"		108",서울,2023-07-04,2.3,4.9,160,13:13,9.6,160,13:05
"		108",서울,2023-07-05,3.7,7,230,2:50,14.5,230,4:45
"		108",서울,2023-07-06,2.7,5.9,200,15:51,11.6,180,15:33
"		108",서울,2023-07-07,2.3,5.7,140,17:38,11.9,140,17:21
"		108",서울,2023-07-08,2.2,3.9,230,19:06,6.9,160,13:02
"		108",서울,2023-07-09,2,6.1,50,10:56,12.6,20,10:51
"		108",서울,2023-07-10,2.3,5.8,230,5:51,16.8,200,5:46
"		108",서울,2023-07-11,1.9,5.2,70,14:51,8.6,70,14:49
"		108",서울,2023-07-12,1.5,3.4,290,16:49,5.3,290,16:47
"		108",서울,2023-07-13,1.6,3.5,180,11:05,7.2,110,22:09
"		108",서울,2023-07-14,2.9,4.8,230,6:12,11,140,0:26
"		108",서울,2023-07-15,3,5.8,200,16:17,11.8,180,16:09
"		108",서울,2023-07-16,2.3,5,180,12:51,9.2,180,12:48
"		108",서울,2023-07-17,1.7,4.2,200,11:54,7.5,180,11:47
"		108",서울,2023-07-18,1.4,3.1,110,15:05,5.1,20,16:24
"		108",서울,2023-07-19,1.7,4.7,250,17:59,6.7,270,18:22
"		108",서울,2023-07-20,1.8,3.9,250,20:03,5.6,250,15:13
"		108",서울,2023-07-21,1.8,3.5,320,19:07,6.3,290,17:18
"		108",서울,2023-07-22,2.6,5.2,140,15:23,11.5,160,14:03
"		108",서울,2023-07-23,2.1,4.4,160,8:51,9.6,110,9:16
"		108",서울,2023-07-24,2,3.5,230,17:26,6.4,270,16:17
"		108",서울,2023-07-25,2.7,5.6,250,14:13,10.1,180,13:33
"		108",서울,2023-07-26,2.2,4.9,230,12:09,8.4,270,12:16
"		108",서울,2023-07-27,1.9,3.5,290,17:37,5.7,320,17:44
"		108",서울,2023-07-28,2.1,4.3,180,12:54,7.7,180,14:12
"		108",서울,2023-07-29,2,4.8,340,19:39,8.3,340,19:33
"		108",서울,2023-07-30,1.9,4.8,200,18:07,9,200,18:01
"		108",서울,2023-07-31,1.7,4,290,17:41,6.4,290,17:49
"		108",서울,2023-08-01,1.9,3.1,270,16:40,5.5,90,9:52
"		108",서울,2023-08-02,2.1,4.8,270,15:13,7.9,270,15:07
"		108",서울,2023-08-03,2.1,4,250,13:27,6.5,290,14:31
"		108",서울,2023-08-04,1.9,3.9,270,17:32,7.3,340,14:13
"		108",서울,2023-08-05,2,4.7,320,20:42,7,340,20:35
"		108",서울,2023-08-06,1.7,7.7,290,16:06,11.9,180,15:54
"		108",서울,2023-08-07,2.7,4.5,50,18:50,8.1,70,22:30
"		108",서울,2023-08-08,2.9,4.3,50,22:14,7.8,50,8:44
"		108",서울,2023-08-09,3.2,5.9,70,21:14,10.6,70,22:44
"		108",서울,2023-08-10,3.7,8.9,340,15:36,18.1,340,16:16
"		108",서울,2023-08-11,2.3,6.2,200,5:21,13,200,7:01
"		108",서울,2023-08-12,1.9,3.2,160,8:41,5.4,110,7:49
"		108",서울,2023-08-13,1.7,2.8,140,12:09,5.6,110,12:49
"		108",서울,2023-08-14,1.6,3.9,270,18:22,6.4,250,16:33
"		108",서울,2023-08-15,2.3,4.7,320,16:54,7.1,290,15:38
"		108",서울,2023-08-16,2.1,3.8,270,17:14,6.5,250,17:14
"		108",서울,2023-08-17,1.7,3.2,140,13:23,6.4,140,11:18
"		108",서울,2023-08-18,1.9,3.9,270,15:58,6.6,270,15:50
"		108",서울,2023-08-19,1.9,4.1,270,17:18,7,250,17:45
"		108",서울,2023-08-20,1.6,3.1,180,13:42,6.1,160,13:35
"		108",서울,2023-08-21,2.4,5.4,200,15:33,10.1,200,15:26
"		108",서울,2023-08-22,2.4,7.2,160,14:58,11.7,140,14:54
"		108",서울,2023-08-23,2.2,4.4,250,11:11,7.6,250,12:27
"		108",서울,2023-08-24,2.8,4.1,50,15:05,7.5,50,15:01
"		108",서울,2023-08-25,2.6,4.7,270,14:40,8.3,270,14:07
"		108",서울,2023-08-26,1.8,4,270,16:05,6.8,290,16:16
"		108",서울,2023-08-27,1.8,3.2,50,23:42,5.4,50,23:42
"		108",서울,2023-08-28,3.3,5.1,50,18:32,9.4,50,18:30
"		108",서울,2023-08-29,2.1,3.9,110,9:02,9.6,110,9:01
"		108",서울,2023-08-30,1.1,2.4,180,23:07,3.5,160,21:06
"		108",서울,2023-08-31,1.3,3.5,290,16:51,5.8,290,16:42
"		108",서울,2023-09-01,2,3.7,270,11:58,6.4,340,13:40
"		108",서울,2023-09-02,1.6,3.7,20,15:22,5.6,320,15:14
"		108",서울,2023-09-03,2.2,3.3,50,14:45,5.9,360,13:31
"		108",서울,2023-09-04,1.8,3.5,290,18:29,5.5,290,18:28
"		108",서울,2023-09-05,1.8,3.9,320,18:33,6.3,70,10:57
"		108",서울,2023-09-06,2.4,4.4,50,20:33,8.2,70,20:12
"		108",서울,2023-09-07,2.5,4.4,50,0:12,8,70,15:41
"		108",서울,2023-09-08,2.3,4.5,340,16:51,7.1,340,15:19
"		108",서울,2023-09-09,1.8,4.1,270,18:10,6.3,270,18:05
"		108",서울,2023-09-10,1.6,3.4,290,17:04,6.2,290,17:00
"		108",서울,2023-09-11,1.9,3.8,270,14:50,5.8,250,18:06
"		108",서울,2023-09-12,1.5,3.4,320,21:01,5.4,320,20:58
"		108",서울,2023-09-13,1.8,4.2,50,20:21,7.7,50,20:12
"		108",서울,2023-09-14,2.4,4.1,50,12:15,9.3,50,12:06
"		108",서울,2023-09-15,2.6,3.9,50,0:18,7.6,50,9:21
"		108",서울,2023-09-16,1.7,2.6,50,12:23,4.5,50,13:31
"		108",서울,2023-09-17,1.4,3.3,290,14:38,5.5,320,15:15
"		108",서울,2023-09-18,1.9,5,290,17:47,7.7,290,13:28
"		108",서울,2023-09-19,1.6,3.6,270,16:06,5.5,270,16:24
"		108",서울,2023-09-20,2.7,5.1,50,17:05,9.9,20,16:06
"		108",서울,2023-09-21,2.3,5.2,50,1:12,10.6,20,1:11
"		108",서울,2023-09-22,1.7,3.3,290,15:49,5.6,320,16:01
"		108",서울,2023-09-23,2.5,4.6,50,19:32,9.4,20,19:36
"		108",서울,2023-09-24,2.9,4.7,50,9:07,8.4,70,10:13
"		108",서울,2023-09-25,2.3,3.4,70,8:36,6.2,50,8:25
"		108",서울,2023-09-26,2.4,3.5,90,0:51,5.7,90,0:46
"		108",서울,2023-09-27,1.8,3.1,250,19:02,5.6,250,19:05
"		108",서울,2023-09-28,2,3.7,250,16:00,7.2,290,14:05
"		108",서울,2023-09-29,1.4,3.9,250,17:41,6.4,200,15:12
"		108",서울,2023-09-30,2.2,5.1,200,15:57,9.9,250,17:07
"		108",서울,2023-10-01,2.4,4.3,290,15:25,8.5,250,16:48
"		108",서울,2023-10-02,1.7,5.1,340,13:11,8.5,340,13:06
"		108",서울,2023-10-03,1.7,3,50,5:53,5,50,6:11
"		108",서울,2023-10-04,2.1,6.4,340,15:42,11.3,360,15:34
"		108",서울,2023-10-05,2.6,4.4,320,10:22,7.8,270,12:35
"		108",서울,2023-10-06,1.6,3.3,290,14:15,6.1,290,15:29
"		108",서울,2023-10-07,2.1,3.6,70,9:58,6,50,9:19
"		108",서울,2023-10-08,2.5,3.5,50,12:33,6.6,50,18:33
"		108",서울,2023-10-09,1.9,4.5,320,21:12,7.7,320,21:11
"		108",서울,2023-10-10,1.6,3.3,290,3:58,6.3,360,13:10
"		108",서울,2023-10-11,1.7,2.9,50,5:11,6.1,70,12:31
"		108",서울,2023-10-12,1.5,2.9,290,19:54,4.6,290,20:01
"		108",서울,2023-10-13,1.5,3.2,50,11:25,4.8,20,11:22
"		108",서울,2023-10-14,1.4,3,360,16:43,4.8,20,9:55
"		108",서울,2023-10-15,2,4.3,250,16:16,8.2,230,16:13
"		108",서울,2023-10-16,2.4,3.8,320,10:40,6.3,270,14:21
"		108",서울,2023-10-17,1.6,2.9,290,13:20,5.1,230,13:20
"		108",서울,2023-10-18,2.1,4.7,270,16:08,8.1,250,15:05
"		108",서울,2023-10-19,1.5,3.9,320,23:20,6.4,160,4:11
"		108",서울,2023-10-20,3.2,6.4,270,13:50,12.1,290,13:41
"		108",서울,2023-10-21,2.3,5.6,290,14:09,9.9,290,14:06
"		108",서울,2023-10-22,1.7,4.6,230,16:37,6.9,250,14:59
"		108",서울,2023-10-23,1.7,3.4,290,17:03,5.9,290,17:00
"		108",서울,2023-10-24,1.7,3.4,180,15:12,5.8,180,15:06
"		108",서울,2023-10-25,1.4,3,180,13:54,4.4,180,13:52
"		108",서울,2023-10-26,2.1,4.8,50,20:28,8.7,230,19:54
"		108",서울,2023-10-27,1.9,3.6,290,6:17,6.1,20,11:02
"		108",서울,2023-10-28,1.4,2.8,200,14:22,5,200,13:33
"		108",서울,2023-10-29,1.7,2.8,110,11:25,5.8,140,11:45
"		108",서울,2023-10-30,1.7,3.1,270,16:16,5.3,200,12:52
"		108",서울,2023-10-31,1.8,3.9,200,15:15,7.2,230,15:14
"		108",서울,2024-05-01,2.4,4.3,50,3:18,8.4,70,2:02
"		108",서울,2024-05-02,2.4,5.2,250,13:39,8.9,250,15:06
"		108",서울,2024-05-03,1.9,3.6,270,18:07,5.9,270,17:59
"		108",서울,2024-05-04,1.9,4.3,250,16:46,7.7,270,15:25
"		108",서울,2024-05-05,2.5,5.6,200,20:10,10.7,180,20:04
"		108",서울,2024-05-06,3.1,4.9,200,1:13,9.4,200,11:58
"		108",서울,2024-05-07,3,4.9,70,19:21,9.5,70,19:49
"		108",서울,2024-05-08,2.3,4.9,250,19:06,8.6,270,19:03
"		108",서울,2024-05-09,2.9,5.9,200,13:48,11.8,200,16:19
"		108",서울,2024-05-10,2.6,5.5,230,15:39,10.3,230,15:35
"		108",서울,2024-05-11,3.5,9.1,200,12:54,18.3,180,12:48
"		108",서울,2024-05-12,2.7,5.8,290,14:20,11.3,290,14:12
"		108",서울,2024-05-13,2.3,5.3,270,17:10,8.9,270,17:09
"		108",서울,2024-05-14,2.4,5.3,270,13:40,9,180,13:13
"		108",서울,2024-05-15,2.7,6.6,320,21:23,12.7,340,21:21
"		108",서울,2024-05-16,3.1,5.7,250,13:13,9.4,270,12:36
"		108",서울,2024-05-17,2.2,4.2,200,14:45,8.8,180,17:06
"		108",서울,2024-05-18,2,4.9,270,16:37,8.1,270,16:29
"		108",서울,2024-05-19,1.9,4.5,270,17:05,7.7,270,17:05
"		108",서울,2024-05-20,2.3,4.6,250,12:18,7.4,270,13:25
"		108",서울,2024-05-21,1.9,3.6,290,17:28,7.2,160,9:45
"		108",서울,2024-05-22,2.3,4.3,270,16:15,8.7,290,15:21
"		108",서울,2024-05-23,2.5,4.3,290,17:50,7.2,270,16:56
"		108",서울,2024-05-24,2.1,4.7,320,14:36,7.6,320,14:47
"		108",서울,2024-05-25,1.8,3.8,160,12:22,6.9,140,10:21
"		108",서울,2024-05-26,2.7,5.7,230,19:09,10.8,200,19:08
"		108",서울,2024-05-27,3.3,6.4,270,12:55,12.2,270,12:51
"		108",서울,2024-05-28,2.5,4.6,320,14:30,10.4,90,9:55
"		108",서울,2024-05-29,2.1,4.9,290,13:36,8.4,290,13:33
"		108",서울,2024-05-30,1.6,3.4,320,22:53,5.1,320,22:49
"		108",서울,2024-05-31,2.6,6,270,17:16,10.6,270,17:10
"		108",서울,2024-06-01,2.8,5.3,270,15:13,9.5,200,16:30
"		108",서울,2024-06-02,2.7,5.1,290,11:51,9.3,200,17:29
"		108",서울,2024-06-03,2.4,4.2,20,12:50,8.3,340,14:30
"		108",서울,2024-06-04,2.4,4.1,50,0:03,7.5,50,1:52
"		108",서울,2024-06-05,1.9,4.7,290,16:45,7.1,230,15:15
"		108",서울,2024-06-06,2,4.3,270,17:57,8.2,290,17:11
"		108",서울,2024-06-07,1.9,4,250,18:48,5.6,270,15:05
"		108",서울,2024-06-08,1.6,3.9,230,18:21,6.6,200,18:15
"		108",서울,2024-06-09,1.8,4.5,270,16:07,8,270,16:06
"		108",서울,2024-06-10,2.2,4.6,200,17:15,7.4,230,17:12
"		108",서울,2024-06-11,2.4,4.7,250,16:16,8.2,180,16:46
"		108",서울,2024-06-12,2.1,4.7,290,14:50,8.4,270,6:08
"		108",서울,2024-06-13,1.8,4.3,250,17:08,7.1,320,14:06
"		108",서울,2024-06-14,2.3,5.9,290,15:09,9.9,320,15:04
"		108",서울,2024-06-15,1.9,3.9,270,17:26,6.6,250,17:24
"		108",서울,2024-06-16,2.8,5,250,15:57,9.6,270,15:50
"		108",서울,2024-06-17,2.4,5,270,16:31,8.4,200,14:25
"		108",서울,2024-06-18,2.1,4.2,270,16:13,7.9,270,16:10
"		108",서울,2024-06-19,1.6,4,250,20:35,5.8,270,20:16
"		108",서울,2024-06-20,2,3.8,160,14:06,7.6,140,14:40
"		108",서울,2024-06-21,2,4.8,200,13:46,8.8,200,13:49
"		108",서울,2024-06-22,2,3.4,50,12:59,6.4,50,17:47
"		108",서울,2024-06-23,2.2,5.2,200,16:39,8.8,200,16:48
"		108",서울,2024-06-24,2.9,5.4,230,14:10,9.2,250,17:21
"		108",서울,2024-06-25,3,6.2,270,13:28,11.6,250,15:15
"		108",서울,2024-06-26,1.9,5,230,17:23,8.8,270,17:22
"		108",서울,2024-06-27,1.6,4,110,12:17,6.1,110,12:11
"		108",서울,2024-06-28,2.1,4.7,290,18:31,7.5,290,18:30
"		108",서울,2024-06-29,2.2,5.5,140,19:00,13,110,18:52
"		108",서울,2024-06-30,3.7,7.2,200,6:28,13.6,180,5:42
"		108",서울,2024-07-01,1.8,3.4,250,20:52,5.2,270,12:57
"		108",서울,2024-07-02,2.8,5.3,70,13:30,10.1,70,13:23
"		108",서울,2024-07-03,3.6,5.5,180,0:43,12.9,180,0:34
"		108",서울,2024-07-04,3,6.6,200,21:07,13.3,180,22:01
"		108",서울,2024-07-05,3.3,7.6,200,1:23,16.2,230,2:00
"		108",서울,2024-07-06,3.2,6.5,200,15:23,13.8,200,15:17
"		108",서울,2024-07-07,1.8,4.2,160,14:20,7.3,160,14:14
"		108",서울,2024-07-08,1.8,4,180,7:35,6.8,200,7:32
"		108",서울,2024-07-09,1.8,4.7,230,15:38,8.2,200,15:36
"		108",서울,2024-07-10,2.2,4.9,340,14:52,8.9,180,14:46
"		108",서울,2024-07-11,2.1,3.7,230,13:50,6.4,180,13:42
"		108",서울,2024-07-12,1.6,3.4,250,21:04,5,270,20:45
"		108",서울,2024-07-13,1.9,4.2,160,14:40,7.5,160,14:52
"		108",서울,2024-07-14,2.4,3.8,50,11:35,8.7,70,11:09
"		108",서울,2024-07-15,2.4,3.7,50,2:38,7.7,110,12:16
"		108",서울,2024-07-16,2.3,5.1,160,15:32,8.6,160,15:27
"		108",서울,2024-07-17,2.5,6.8,200,14:09,11.9,200,14:04
"		108",서울,2024-07-18,2.2,7.5,180,4:02,13.9,180,3:56
"		108",서울,2024-07-19,2.2,4.1,230,18:44,8,180,17:52
"		108",서울,2024-07-20,2.7,6.1,180,23:09,12.5,180,22:10
"		108",서울,2024-07-21,3.6,8.3,230,1:32,17.6,200,1:30
"		108",서울,2024-07-22,3.1,7.9,200,23:05,16.4,200,23:37
"		108",서울,2024-07-23,3.2,6.4,230,1:38,13.2,160,0:49
"		108",서울,2024-07-24,2.6,5.4,250,16:25,9.8,250,16:21
"		108",서울,2024-07-25,1.8,5,110,21:05,11.2,110,20:58
"		108",서울,2024-07-26,2.3,5.5,140,13:39,10.4,160,13:37
"		108",서울,2024-07-27,1.7,4.5,200,12:08,10.2,230,14:01
"		108",서울,2024-07-28,3.2,6.8,200,14:11,12.6,180,17:56
"		108",서울,2024-07-29,3.8,6.6,230,9:48,11.2,230,4:15
"		108",서울,2024-07-30,2.8,4.3,230,1:45,9.4,230,3:42
"		108",서울,2024-07-31,2.6,4.5,200,17:00,7.1,180,16:17
"		108",서울,2024-08-01,2.6,3.9,180,7:33,7.1,180,15:34
"		108",서울,2024-08-02,2.6,4.2,200,10:51,7.1,160,10:51
"		108",서울,2024-08-03,2.2,4.3,290,21:27,7.2,290,21:09
"		108",서울,2024-08-04,1.6,3.4,230,15:10,6.9,180,15:05
"		108",서울,2024-08-05,1.9,4.8,290,5:19,7.5,320,5:17
"		108",서울,2024-08-06,1.9,3.7,160,8:47,7.3,160,8:40
"		108",서울,2024-08-07,1.7,3.6,290,15:27,6.1,320,15:48
"		108",서울,2024-08-08,1.6,3.3,290,19:40,5.9,270,20:27
"		108",서울,2024-08-09,1.6,3.3,250,16:42,5.7,270,17:55
"		108",서울,2024-08-10,1.7,3.7,140,13:39,6.6,160,13:37
"		108",서울,2024-08-11,1.8,3.4,140,10:28,6.7,160,10:27
"		108",서울,2024-08-12,1.9,3.9,320,20:31,6.4,340,20:04
"		108",서울,2024-08-13,1.8,4.5,160,18:11,7.9,160,18:06
"		108",서울,2024-08-14,1.9,6.1,250,16:56,11.9,340,17:32
"		108",서울,2024-08-15,1.8,8.2,320,16:42,13,320,16:35
"		108",서울,2024-08-16,2,4.8,290,21:00,7.6,290,20:59
"		108",서울,2024-08-17,1.7,6.4,320,18:31,9.4,320,18:33
"		108",서울,2024-08-18,2,5,250,15:10,7.6,270,15:07
"		108",서울,2024-08-19,1.9,6.4,320,18:10,10.5,290,17:58
"		108",서울,2024-08-20,2.3,4.2,110,18:07,8.2,140,17:58
"		108",서울,2024-08-21,3.2,5.3,200,8:09,11.7,180,11:19
"		108",서울,2024-08-22,3.4,7.5,180,14:23,13.9,180,14:18
"		108",서울,2024-08-23,2.7,5,230,1:59,10.2,230,1:54
"		108",서울,2024-08-24,1.4,3.6,200,12:19,6.3,180,12:17
"		108",서울,2024-08-25,1.4,4.6,180,17:07,6.7,180,17:06
"		108",서울,2024-08-26,1.5,3.7,340,16:32,5,340,16:26
"		108",서울,2024-08-27,1.9,4.5,320,12:47,6.2,320,12:40
"		108",서울,2024-08-28,2.9,4.2,50,22:14,7.4,50,8:46
"		108",서울,2024-08-29,3.1,5.3,50,20:40,9,50,20:33
"		108",서울,2024-08-30,2.4,4.5,290,15:28,8.1,270,15:23
"		108",서울,2024-08-31,1.9,4.3,320,0:16,6.3,340,0:14
"		108",서울,2024-09-01,2,4.3,250,15:46,7.5,270,14:44
"		108",서울,2024-09-02,2.6,4.5,70,22:56,8.6,70,22:55
"		108",서울,2024-09-03,2.9,4.4,50,9:10,8.5,20,7:30
"		108",서울,2024-09-04,2.2,3.4,180,12:29,6.1,140,14:46
"		108",서울,2024-09-05,2.4,5.5,200,11:15,9.9,200,11:13
"		108",서울,2024-09-06,2.6,4.8,50,13:28,7.6,50,12:42
"		108",서울,2024-09-07,1.9,3.2,180,15:03,6.2,180,14:55
"		108",서울,2024-09-08,1.6,3.8,320,20:15,6.5,290,20:20
"		108",서울,2024-09-09,1.9,3.6,320,19:25,5.5,290,15:33
"		108",서울,2024-09-10,1.8,3.5,270,14:41,6.3,290,16:06
"		108",서울,2024-09-11,1.8,4.2,250,16:19,7.4,270,16:42
"		108",서울,2024-09-12,2.1,3.3,50,11:47,5.1,50,10:54
"		108",서울,2024-09-13,2.2,4.3,180,14:15,9.6,180,18:53
"		108",서울,2024-09-14,1.7,3.5,270,14:48,5.7,320,14:41
"		108",서울,2024-09-15,2.8,5.4,50,17:44,10.2,50,23:50
"		108",서울,2024-09-16,2.8,4.9,50,7:17,9.3,50,4:25
"		108",서울,2024-09-17,1.7,4.5,320,17:11,8,340,17:03
"		108",서울,2024-09-18,1.6,3.6,290,14:27,6.5,340,14:41
"		108",서울,2024-09-19,1.7,2.7,50,8:35,4.8,250,12:34
"		108",서울,2024-09-20,2.4,7.1,50,21:02,12.4,50,20:59
"		108",서울,2024-09-21,4.3,7,50,2:54,12.2,50,7:47
"		108",서울,2024-09-22,2.7,5.1,340,15:55,9.4,20,19:03
"		108",서울,2024-09-23,3.1,4.8,50,12:43,9.7,50,0:30
"		108",서울,2024-09-24,2.2,3.4,50,1:47,6.1,50,8:25
"		108",서울,2024-09-25,1.7,3.2,50,6:08,5.8,50,4:41
"		108",서울,2024-09-26,1.6,4.1,290,17:02,6.5,290,16:54
"		108",서울,2024-09-27,2.4,5.2,50,18:03,9.5,20,19:22
"		108",서울,2024-09-28,3.4,5,70,10:12,9.7,50,8:40
"		108",서울,2024-09-29,2.7,4.1,50,9:30,7.4,50,8:05
"		108",서울,2024-09-30,2.1,4.6,250,17:26,7.5,270,17:22
"		108",서울,2024-10-01,2.5,5.3,320,10:48,10,290,11:40
"		108",서울,2024-10-02,2.5,4.7,290,10:01,8.3,50,14:27
"		108",서울,2024-10-03,1.9,4.2,50,10:07,7.9,20,10:27
"		108",서울,2024-10-04,1.8,3.8,320,19:06,6,340,21:43
"		108",서울,2024-10-05,1.6,2.8,270,16:07,4.9,290,17:51
"		108",서울,2024-10-06,1.4,3,320,15:34,4.7,20,11:58
"		108",서울,2024-10-07,1.3,3.3,250,12:21,5.1,250,12:06
"		108",서울,2024-10-08,1.8,3.9,50,19:49,6.6,50,19:45
"		108",서울,2024-10-09,2.3,3.8,70,9:19,6.6,50,9:45
"		108",서울,2024-10-10,1.9,3,50,0:31,5.1,70,9:07
"		108",서울,2024-10-11,1.8,3.4,290,15:49,6.9,320,15:41
"		108",서울,2024-10-12,1.5,3.1,290,14:37,4.8,200,12:20
"		108",서울,2024-10-13,2,3.3,110,16:47,6.7,110,15:26
"		108",서울,2024-10-14,1.9,2.9,70,6:17,4.9,50,21:43
"		108",서울,2024-10-15,1.8,3.7,320,15:50,6,290,15:48
"		108",서울,2024-10-16,1.5,2.8,180,14:28,4.8,20,8:48
"		108",서울,2024-10-17,1.7,2.7,50,15:10,5,360,15:02
"		108",서울,2024-10-18,2.5,5.1,70,14:19,8.7,50,14:29
"		108",서울,2024-10-19,3.3,6.9,50,22:23,13.6,20,21:28
"		108",서울,2024-10-20,3.7,5.9,50,0:14,11.1,50,1:05
"		108",서울,2024-10-21,2.3,4.8,50,3:48,8.2,110,7:40
"		108",서울,2024-10-22,2,4,230,21:54,9,250,24:00:00
"		108",서울,2024-10-23,3.7,8,250,8:55,13.3,250,9:35
"		108",서울,2024-10-24,1.8,5.2,290,13:39,8.1,320,14:13
"		108",서울,2024-10-25,1.7,3.2,70,11:10,5.1,50,11:54
"		108",서울,2024-10-26,1.8,3.4,70,12:55,6.2,110,13:52
"		108",서울,2024-10-27,1.6,2.9,290,13:50,4.7,290,12:28
"		108",서울,2024-10-28,2.1,4.5,50,19:16,7.9,70,20:59
"		108",서울,2024-10-29,2.3,4.6,50,2:57,7.5,50,2:52
"		108",서울,2024-10-30,1.6,3.8,320,20:01,6.6,340,20:00
"		108",서울,2024-10-31,1.4,2.5,290,19:39,4.7,70,4:02
"		108",서울,2025-05-01,2.2,3.8,200,21:12,8,110,6:46
"		108",서울,2025-05-02,3.1,5.7,290,13:08,12.1,230,15:45
"		108",서울,2025-05-03,2.3,5.3,250,15:52,9.3,270,15:44
"		108",서울,2025-05-04,2.8,7.2,250,13:24,14.3,270,12:52
"		108",서울,2025-05-05,2.3,5,50,14:55,8.7,20,14:55
"		108",서울,2025-05-06,2.2,4.7,250,18:49,7.9,270,18:43
"		108",서울,2025-05-07,2.2,5.1,270,16:19,8.4,270,15:54
"		108",서울,2025-05-08,1.8,4.9,290,17:52,7.6,290,18:01
"		108",서울,2025-05-09,3,5.9,50,14:21,10.8,70,12:55
"		108",서울,2025-05-10,3.5,6,230,9:02,10.9,230,7:59
"		108",서울,2025-05-11,1.9,4.7,270,17:11,7.6,270,17:32
"		108",서울,2025-05-12,2.1,5.7,180,13:56,8.8,180,13:54
"		108",서울,2025-05-13,2.7,6.5,230,13:40,12.6,230,13:48
"		108",서울,2025-05-14,2.4,5.6,250,15:51,9.7,270,15:48
"		108",서울,2025-05-15,2.3,4.4,250,9:03,8.1,160,1:52
"		108",서울,2025-05-16,1.8,4.2,180,17:09,7.7,180,16:07
"		108",서울,2025-05-17,2.6,6,250,15:38,11.7,160,18:40
"		108",서울,2025-05-18,2.6,5.2,270,15:39,9.7,200,14:29
"		108",서울,2025-05-19,2.8,5.7,180,18:06,9.8,180,18:59
"		108",서울,2025-05-20,2.5,5.2,200,15:52,9.3,180,16:06
"		108",서울,2025-05-21,2.1,4.7,290,18:48,8.4,320,18:39
"		108",서울,2025-05-22,2.1,3.8,200,17:59,6.6,70,22:17
"		108",서울,2025-05-23,2.8,4.4,70,12:18,9.2,140,1:13
"		108",서울,2025-05-24,3.1,4.6,50,5:56,8.2,50,12:53
"		108",서울,2025-05-25,2.1,5,230,13:14,8.7,290,14:08
"		108",서울,2025-05-26,1.7,4,270,16:35,6.7,290,17:15
"		108",서울,2025-05-27,1.9,4.5,290,18:17,7.1,320,18:15
"		108",서울,2025-05-28,1.8,4.7,270,16:32,7.6,270,16:46
"		108",서울,2025-05-29,2.2,4.5,250,18:02,7.8,250,17:38
"		108",서울,2025-05-30,1.7,4.2,250,18:48,6.5,270,18:40
"		108",서울,2025-05-31,2,3.6,270,16:35,5.7,230,18:19
"		108",서울,2025-06-01,2,4.7,270,15:58,8,250,15:25
"		108",서울,2025-06-02,1.5,3.5,50,12:47,5.3,50,12:40
"		108",서울,2025-06-03,2.9,5.9,230,15:20,11.4,230,15:11
"		108",서울,2025-06-04,3.5,7.8,270,13:40,13.1,250,13:39
"		108",서울,2025-06-05,2.3,5.3,270,14:44,8.4,250,15:14
"		108",서울,2025-06-06,3,7.8,230,16:11,15.8,230,16:11
"		108",서울,2025-06-07,2.6,6.3,230,14:35,9.7,230,14:07
"		108",서울,2025-06-08,1.7,4,250,16:18,6.8,320,15:46
"		108",서울,2025-06-09,2.6,4.4,200,4:53,7.6,200,4:51
"		108",서울,2025-06-10,2.5,5.2,270,18:29,8.7,290,2:24
"		108",서울,2025-06-11,2.4,4.8,250,12:19,10,200,12:11
"		108",서울,2025-06-12,1.9,4.8,270,17:41,7.7,290,17:19
"		108",서울,2025-06-13,1.9,3.7,270,13:05,6.6,290,12:58
"		108",서울,2025-06-14,2,4.1,230,18:44,7,230,18:39
"		108",서울,2025-06-15,2.5,5.7,200,20:56,10.5,200,20:50
"		108",서울,2025-06-16,2.7,5.7,200,15:14,12.1,180,15:06
"		108",서울,2025-06-17,2.5,3.8,180,0:03,6.9,180,9:20
"		108",서울,2025-06-18,2,4.1,270,15:51,7.4,290,15:50
"		108",서울,2025-06-19,2,5,180,15:02,9.2,180,14:53
"		108",서울,2025-06-20,3.9,8.3,180,16:26,17.5,180,16:18
"		108",서울,2025-06-21,2.1,5.1,230,0:28,9.7,230,0:28
"		108",서울,2025-06-22,2.3,4.5,250,16:33,7.9,250,15:44
"		108",서울,2025-06-23,1.8,4.1,320,16:39,6.3,290,17:45
"		108",서울,2025-06-24,2.6,4.8,50,23:54,9.2,70,16:16
"		108",서울,2025-06-25,2.5,4.7,50,0:02,8.2,50,0:02
"		108",서울,2025-06-26,1.7,3.6,250,4:43,6,270,4:41
"		108",서울,2025-06-27,1.4,3.2,50,14:06,6.2,70,13:38
"		108",서울,2025-06-28,1.4,3.1,290,17:49,5,290,17:28
"		108",서울,2025-06-29,2.3,4.1,200,17:53,7.5,250,19:01
"		108",서울,2025-06-30,2.4,4.6,250,16:22,8.1,250,16:13
"		108",서울,2025-07-01,3,5.2,250,15:26,8.7,250,15:21
"		108",서울,2025-07-02,2.9,5.2,200,12:59,9.1,180,12:40
"		108",서울,2025-07-03,2.8,4.6,230,17:05,8.8,250,16:58
"		108",서울,2025-07-04,3.2,5.6,200,14:31,10,200,14:29
"		108",서울,2025-07-05,2.8,4.5,200,4:26,8.1,160,4:27
"		108",서울,2025-07-06,2.5,4.2,180,14:17,7.3,180,0:34
"		108",서울,2025-07-07,1.9,3.6,180,5:18,6,250,19:11
"		108",서울,2025-07-08,1.9,6.8,200,18:41,11,180,18:37
"		108",서울,2025-07-09,2.2,3.7,50,21:54,7.3,50,22:07
"		108",서울,2025-07-10,2.9,4.9,50,23:34,9.5,50,20:01
"		108",서울,2025-07-11,3.3,4.9,50,7:02,9.3,50,20:54
"		108",서울,2025-07-12,2.3,4,50,2:12,7.3,50,0:08
"		108",서울,2025-07-13,1.5,3.2,270,13:24,5.4,320,13:32
"		108",서울,2025-07-14,2,4,50,12:13,6.6,290,22:54
"		108",서울,2025-07-15,2.3,5,320,5:58,8.4,290,5:53
"		108",서울,2025-07-16,2.1,4.9,160,10:38,9.2,160,10:33
"		108",서울,2025-07-17,2.1,4.6,70,9:14,9.3,110,11:38
"		108",서울,2025-07-18,1.7,3.1,50,13:33,5.3,50,13:51
"		108",서울,2025-07-19,2,3.9,160,2:10,7.8,180,2:04
"		108",서울,2025-07-20,2.8,5.2,200,3:12,11,200,2:30
"		108",서울,2025-07-21,2.3,5,200,11:15,8.9,160,11:18
"		108",서울,2025-07-22,2.7,5.2,250,15:07,9.2,230,15:02
"		108",서울,2025-07-23,1.8,4.2,290,16:44,6.2,290,16:38
"		108",서울,2025-07-24,1.9,3.6,290,14:45,6,340,19:23
"		108",서울,2025-07-25,1.9,3.9,290,19:24,6.5,290,19:22
"		108",서울,2025-07-26,1.7,3.3,110,9:06,5.4,110,9:03
"		108",서울,2025-07-27,2,3.4,140,8:15,6.6,160,13:33
"		108",서울,2025-07-28,2,3.8,320,14:52,6.7,340,14:18
"		108",서울,2025-07-29,2,3.7,270,17:42,6.2,270,17:40
"		108",서울,2025-07-30,1.7,3.8,50,12:52,6.7,160,14:51
"		108",서울,2025-07-31,2,4.1,320,18:18,6.7,320,18:13
"		108",서울,2025-08-01,1.9,4.5,290,17:10,7.7,270,17:09
"		108",서울,2025-08-02,1.8,3.5,270,16:10,6.5,200,16:05
"		108",서울,2025-08-03,2,4.5,200,17:49,7.8,200,16:12
"		108",서울,2025-08-04,2.2,4.5,70,0:18,7.4,70,0:12
"		108",서울,2025-08-05,2.2,4.4,200,14:53,7.3,200,13:51
"		108",서울,2025-08-06,3.2,6,230,10:37,11.1,180,5:04
"		108",서울,2025-08-07,2.7,4.3,250,19:44,7.9,200,19:09
"		108",서울,2025-08-08,1.6,4,290,15:23,8.9,290,15:17
"		108",서울,2025-08-09,1.4,2.9,360,17:16,4.3,360,15:24
"		108",서울,2025-08-10,1.7,3.5,250,15:25,6.3,340,13:02
"		108",서울,2025-08-11,2,4.1,110,14:29,6.7,160,19:35
"		108",서울,2025-08-12,2.2,4.7,160,19:39,9.9,160,19:37
"		108",서울,2025-08-13,2.6,5.8,320,11:36,11,180,14:01
"		108",서울,2025-08-14,2.2,4.4,200,1:59,10,180,2:20
"		108",서울,2025-08-15,1.7,3.4,270,21:06,5.3,270,22:02
"		108",서울,2025-08-16,2.2,4.8,250,14:28,8.4,290,15:50
"		108",서울,2025-08-17,2.3,4,230,17:47,7.5,230,17:44
"		108",서울,2025-08-18,3,5.5,230,14:25,9.6,200,16:01
"		108",서울,2025-08-19,3,5.1,270,14:55,8.8,250,14:46
"		108",서울,2025-08-20,2.6,4.6,230,14:05,8.9,180,1:35
"		108",서울,2025-08-21,2.2,4.1,270,16:54,7.3,290,16:26
"		108",서울,2025-08-22,2.1,4.6,250,14:37,8,270,14:51
"		108",서울,2025-08-23,1.9,4.3,180,11:15,6.2,180,10:54
"		108",서울,2025-08-24,1.7,3.8,200,15:05,6.5,160,13:43
"		108",서울,2025-08-25,2.8,6.1,200,19:13,11.5,180,19:09
"		108",서울,2025-08-26,2.8,5,270,18:23,7.6,270,17:33
"		108",서울,2025-08-27,1.6,3.8,270,17:20,5.9,250,16:58
"		108",서울,2025-08-28,2.7,4.7,200,13:29,9,160,18:17
"		108",서울,2025-08-29,3.5,6.3,230,12:35,13.8,270,16:42
"		108",서울,2025-08-30,2,4.9,200,12:40,8.9,180,12:32
"		108",서울,2025-08-31,2.4,4.6,200,21:22,8.2,180,16:46
"		108",서울,2025-09-01,2.5,6.1,180,15:07,10.5,180,15:04
"		108",서울,2025-09-02,1.6,3.2,320,15:59,5,290,14:19
"		108",서울,2025-09-03,1.9,3.5,160,15:31,6.2,20,11:31
"		108",서울,2025-09-04,2.6,4.6,290,3:03,7.7,320,2:58
"		108",서울,2025-09-05,2.2,3.5,50,7:46,7.6,140,11:24
"		108",서울,2025-09-06,2.4,7.1,230,15:28,12.6,230,15:20
"		108",서울,2025-09-07,2.1,3.3,200,2:28,5.7,340,14:30
"		108",서울,2025-09-08,1.8,3.7,320,19:04,5.7,320,18:58
"		108",서울,2025-09-09,1.6,3.2,340,13:57,4.9,160,15:31
"		108",서울,2025-09-10,1.7,3.6,50,13:48,6.4,70,13:24
"		108",서울,2025-09-11,2.5,4.2,70,9:49,8,50,11:45
"		108",서울,2025-09-12,2.7,4.4,50,1:32,7.7,50,7:55
"		108",서울,2025-09-13,2.4,4.1,50,1:25,8,20,1:53
"		108",서울,2025-09-14,1.6,2.8,250,18:12,4.9,250,20:10
"		108",서울,2025-09-15,1.5,3,160,13:47,5.9,160,13:47
"		108",서울,2025-09-16,1.5,5.6,270,13:59,12.1,320,13:54
"		108",서울,2025-09-17,1.7,4.8,320,13:54,9.2,270,13:53
"		108",서울,2025-09-18,2.6,4.5,50,20:44,8.2,20,13:19
"		108",서울,2025-09-19,2.8,4,70,7:44,7.1,50,3:40
"		108",서울,2025-09-20,1.8,3.7,50,3:33,6.8,50,3:58
"		108",서울,2025-09-21,2.1,4.2,50,11:24,7.5,360,11:38
"		108",서울,2025-09-22,2.5,4.1,50,12:17,7.8,160,16:32
"		108",서울,2025-09-23,2.4,3.9,90,13:13,8,320,13:57
"		108",서울,2025-09-24,2.1,4.1,250,20:04,7.7,90,8:40
"		108",서울,2025-09-25,1.4,2.8,290,15:51,4.9,290,15:51
"		108",서울,2025-09-26,1.4,2.9,50,10:10,5.2,70,10:18
"		108",서울,2025-09-27,1.9,3.4,70,9:14,7,140,11:51
"		108",서울,2025-09-28,1.7,3.7,320,9:54,6.2,290,9:45
"		108",서울,2025-09-29,1.5,3.2,320,0:54,6.1,320,0:15
"		108",서울,2025-09-30,1.4,2.6,50,9:22,4.4,290,14:33
"		108",서울,2025-10-01,1.7,4.7,250,17:55,7.3,250,17:49
"		108",서울,2025-10-02,1.5,2.6,50,23:48,4.6,70,23:36
"		108",서울,2025-10-03,2.4,3.8,50,15:01,7.4,50,13:08
"		108",서울,2025-10-04,1.9,3.4,50,11:37,6.3,70,9:13
"		108",서울,2025-10-05,1.6,2.8,50,13:43,4.5,20,13:43
"		108",서울,2025-10-06,3.8,6.4,70,18:36,11.4,70,18:46
"		108",서울,2025-10-07,3.1,5.4,70,4:05,11,50,5:35
"		108",서울,2025-10-08,1.4,3.8,320,17:26,6.4,320,17:25
"		108",서울,2025-10-09,3.3,4.9,50,22:49,8.8,50,21:57
"		108",서울,2025-10-10,2.9,4.3,50,0:39,7.8,50,0:18
"		108",서울,2025-10-11,2.4,5.3,230,15:03,9.6,230,15:44
"		108",서울,2025-10-12,2.3,4.3,50,14:27,8.1,50,18:17
"		108",서울,2025-10-13,3.5,5.4,50,17:47,10.3,50,16:42
"		108",서울,2025-10-14,3.1,4.6,50,14:11,8.7,70,13:46
"		108",서울,2025-10-15,2.4,4,160,19:09,8.1,180,19:08
"		108",서울,2025-10-16,2.4,4.5,50,21:34,8.5,50,20:57
"		108",서울,2025-10-17,2.3,4.9,110,12:12,9,140,12:06
"		108",서울,2025-10-18,2.3,5,320,8:08,8.1,320,7:59
"		108",서울,2025-10-19,2.8,5.2,320,19:45,10.1,320,18:58
"		108",서울,2025-10-20,2.7,5.1,320,0:02,9.2,320,0:10
"		108",서울,2025-10-21,1.6,3.1,290,13:18,5.6,320,13:18
"		108",서울,2025-10-22,1.5,2.9,50,10:11,5.1,50,10:10
"		108",서울,2025-10-23,2,3.4,340,18:04,5.2,340,18:09
"		108",서울,2025-10-24,2.1,3.8,50,1:23,6.4,20,11:48
"		108",서울,2025-10-25,2.1,4.1,320,21:06,6.7,290,16:17
"		108",서울,2025-10-26,1.7,5.1,320,23:04,10.8,340,22:56
"		108",서울,2025-10-27,2.8,5.9,290,12:15,10.5,290,12:09
"		108",서울,2025-10-28,1.4,2.9,270,12:20,5.7,250,13:39
"		108",서울,2025-10-29,1.7,3.2,50,8:36,5.4,50,6:37
"		108",서울,2025-10-30,1.5,2.8,50,10:55,4.8,50,10:54
"		108",서울,2025-10-31,2,5.4,320,21:53,8.6,320,21:27
"		",,,,,,,,,
"		",,,,,,,,,
"	",,,,,,,,,
"	",,,,,,,,,
